key,source
alive,Audio:<br>Google Cloud TTS<br>Voice: hi-IN-Standard-A
April,Audio:<br>Google Cloud TTS<br>Voice: hi-IN-Standard-A
art,Audio:<br>Google Cloud TTS<br>Voice: hi-IN-Standard-B
August,Audio:<br>Google Cloud TTS<br>Voice: hi-IN-Standard-A
bad,Audio:<br>Google Cloud TTS<br>Voice: hi-IN-Standard-A
beautiful,Audio:<br>Google Cloud TTS<br>Voice: hi-IN-Standard-A
beer,Audio:<br>Google Cloud TTS<br>Voice: hi-IN-Standard-A
big / large,Audio:<br>Google Cloud TTS<br>Voice: hi-IN-Standard-B
black,Audio:<br>Google Cloud TTS<br>Voice: hi-IN-Standard-A
blind,Audio:<br>Google Cloud TTS<br>Voice: hi-IN-Standard-A
blood,Audio:<br>Google Cloud TTS<br>Voice: hi-IN-Standard-A
blue,Audio:<br>Google Cloud TTS<br>Voice: hi-IN-Standard-A
breakfast,Audio:<br>Google Cloud TTS<br>Voice: hi-IN-Standard-A
brown,Audio:<br>Google Cloud TTS<br>Voice: hi-IN-Standard-B
cheap,Audio:<br>Google Cloud TTS<br>Voice: hi-IN-Standard-A
clay,Audio:<br>Google Cloud TTS<br>Voice: hi-IN-Standard-A
clean,Audio:<br>Google Cloud TTS<br>Voice: hi-IN-Standard-A
coffee,Audio:<br>Google Cloud TTS<br>Voice: hi-IN-Standard-A
cold,Audio:<br>Google Cloud TTS<br>Voice: hi-IN-Standard-A
cool,Audio:<br>Google Cloud TTS<br>Voice: hi-IN-Standard-A
copper,Audio:<br>Google Cloud TTS<br>Voice: hi-IN-Standard-A
curved,Audio:<br>Google Cloud TTS<br>Voice: hi-IN-Standard-B
dark,Audio:<br>Google Cloud TTS<br>Voice: hi-IN-Standard-A
dark blue,Audio:<br>Google Cloud TTS<br>Voice: hi-IN-Standard-B
dead,Audio:<br>Google Cloud TTS<br>Voice: hi-IN-Standard-B
deaf,Audio:<br>Google Cloud TTS<br>Voice: hi-IN-Standard-A
death,Audio:<br>Google Cloud TTS<br>Voice: hi-IN-Standard-A
December,Audio:<br>Google Cloud TTS<br>Voice: hi-IN-Standard-B
deep,Audio:<br>Google Cloud TTS<br>Voice: hi-IN-Standard-B
diamond,Audio:<br>Google Cloud TTS<br>Voice: hi-IN-Standard-B
dinner,Audio:<br>Google Cloud TTS<br>Voice: hi-IN-Standard-A
dirty,Audio:<br>Google Cloud TTS<br>Voice: hi-IN-Standard-A
disease,Audio:<br>Google Cloud TTS<br>Voice: hi-IN-Standard-B
down,Audio:<br>Google Cloud TTS<br>Voice: hi-IN-Standard-A
dry,Audio:<br>Google Cloud TTS<br>Voice: hi-IN-Standard-A
dust,Audio:<br>Google Cloud TTS<br>Voice: hi-IN-Standard-B
Earth,"Picture:<br><a href=""https://pixabay.com/photos/earth-globe-planet-world-space-11015/"">https://pixabay.com/photos/earth-globe-planet-world-space-11015/</a><br><br>Audio:<br>Google Cloud TTS<br>Voice: hi-IN-Standard-A"
eight,Audio:<br>Google Cloud TTS<br>Voice: hi-IN-Standard-B
eighteen,Audio:<br>Google Cloud TTS<br>Voice: hi-IN-Standard-B
eighty,Audio:<br>Google Cloud TTS<br>Voice: hi-IN-Standard-B
eighty-one,Audio:<br>Google Cloud TTS<br>Voice: hi-IN-Standard-A
eighty-two,Audio:<br>Google Cloud TTS<br>Voice: hi-IN-Standard-B
eleven,Audio:<br>Google Cloud TTS<br>Voice: hi-IN-Standard-A
energy,Audio:<br>Google Cloud TTS<br>Voice: hi-IN-Standard-B
exercise,Audio:<br>Google Cloud TTS<br>Voice: hi-IN-Standard-A
expensive,Audio:<br>Google Cloud TTS<br>Voice: hi-IN-Standard-B
famous,Audio:<br>Google Cloud TTS<br>Voice: hi-IN-Standard-B
fast,Audio:<br>Google Cloud TTS<br>Voice: hi-IN-Standard-A
February,Audio:<br>Google Cloud TTS<br>Voice: hi-IN-Standard-A
female,Audio:<br>Google Cloud TTS<br>Voice: hi-IN-Standard-A
fifteen,Audio:<br>Google Cloud TTS<br>Voice: hi-IN-Standard-A
fifth,Audio:<br>Google Cloud TTS<br>Voice: hi-IN-Standard-B
fifty,Audio:<br>Google Cloud TTS<br>Voice: hi-IN-Standard-A
fifty-one,Audio:<br>Google Cloud TTS<br>Voice: hi-IN-Standard-A
fifty-two,Audio:<br>Google Cloud TTS<br>Voice: hi-IN-Standard-A
first,Audio:<br>Google Cloud TTS<br>Voice: hi-IN-Standard-B
five,Audio:<br>Google Cloud TTS<br>Voice: hi-IN-Standard-B
flat,Audio:<br>Google Cloud TTS<br>Voice: hi-IN-Standard-B
food,Audio:<br>Google Cloud TTS<br>Voice: hi-IN-Standard-B
forty,Audio:<br>Google Cloud TTS<br>Voice: hi-IN-Standard-A
forty-one,Audio:<br>Google Cloud TTS<br>Voice: hi-IN-Standard-B
forty-two,Audio:<br>Google Cloud TTS<br>Voice: hi-IN-Standard-B
four,Audio:<br>Google Cloud TTS<br>Voice: hi-IN-Standard-A
fourteen,Audio:<br>Google Cloud TTS<br>Voice: hi-IN-Standard-B
fourth,Audio:<br>Google Cloud TTS<br>Voice: hi-IN-Standard-A
Friday,Audio:<br>Google Cloud TTS<br>Voice: hi-IN-Standard-A
glass [material],Audio:<br>Google Cloud TTS<br>Voice: hi-IN-Standard-A
God,Audio:<br>Google Cloud TTS<br>Voice: hi-IN-Standard-A
gold,Audio:<br>Google Cloud TTS<br>Voice: hi-IN-Standard-B
good,Audio:<br>Google Cloud TTS<br>Voice: hi-IN-Standard-B
gray,Audio:<br>Google Cloud TTS<br>Voice: hi-IN-Standard-B
green,Audio:<br>Google Cloud TTS<br>Voice: hi-IN-Standard-A
happy,Audio:<br>Google Cloud TTS<br>Voice: hi-IN-Standard-B
hard,Audio:<br>Google Cloud TTS<br>Voice: hi-IN-Standard-A
he,Audio:<br>Google Cloud TTS<br>Voice: hi-IN-Standard-A
healthy,Audio:<br>Google Cloud TTS<br>Voice: hi-IN-Standard-A
heaven,Audio:<br>Google Cloud TTS<br>Voice: hi-IN-Standard-B
heavy,Audio:<br>Google Cloud TTS<br>Voice: hi-IN-Standard-B
hell,Audio:<br>Google Cloud TTS<br>Voice: hi-IN-Standard-B
high,Audio:<br>Google Cloud TTS<br>Voice: hi-IN-Standard-A
hot,Audio:<br>Google Cloud TTS<br>Voice: hi-IN-Standard-A
I,Audio:<br>Google Cloud TTS<br>Voice: hi-IN-Standard-B
it,Audio:<br>Google Cloud TTS<br>Voice: hi-IN-Standard-A
January,Audio:<br>Google Cloud TTS<br>Voice: hi-IN-Standard-B
juice,Audio:<br>Google Cloud TTS<br>Voice: hi-IN-Standard-B
July,Audio:<br>Google Cloud TTS<br>Voice: hi-IN-Standard-B
June,Audio:<br>Google Cloud TTS<br>Voice: hi-IN-Standard-A
left,Audio:<br>Google Cloud TTS<br>Voice: hi-IN-Standard-B
"light [opposite of ""dark""]",Audio:<br>Google Cloud TTS<br>Voice: hi-IN-Standard-A
"light [opposite of ""heavy""]",Audio:<br>Google Cloud TTS<br>Voice: hi-IN-Standard-A
light blue,Audio:<br>Google Cloud TTS<br>Voice: hi-IN-Standard-B
long,Audio:<br>Google Cloud TTS<br>Voice: hi-IN-Standard-B
loose,Audio:<br>Google Cloud TTS<br>Voice: hi-IN-Standard-B
loud,Audio:<br>Google Cloud TTS<br>Voice: hi-IN-Standard-B
low,Audio:<br>Google Cloud TTS<br>Voice: hi-IN-Standard-A
lunch,Audio:<br>Google Cloud TTS<br>Voice: hi-IN-Standard-A
male,Audio:<br>Google Cloud TTS<br>Voice: hi-IN-Standard-B
March,Audio:<br>Google Cloud TTS<br>Voice: hi-IN-Standard-A
marriage,Audio:<br>Google Cloud TTS<br>Voice: hi-IN-Standard-A
material,Audio:<br>Google Cloud TTS<br>Voice: hi-IN-Standard-A
May,Audio:<br>Google Cloud TTS<br>Voice: hi-IN-Standard-A
mean,Audio:<br>Google Cloud TTS<br>Voice: hi-IN-Standard-A
medicine,Audio:<br>Google Cloud TTS<br>Voice: hi-IN-Standard-B
metal,Audio:<br>Google Cloud TTS<br>Voice: hi-IN-Standard-A
milk,Audio:<br>Google Cloud TTS<br>Voice: hi-IN-Standard-B
Monday,Audio:<br>Google Cloud TTS<br>Voice: hi-IN-Standard-B
money,Audio:<br>Google Cloud TTS<br>Voice: hi-IN-Standard-B
murder,Audio:<br>Google Cloud TTS<br>Voice: hi-IN-Standard-B
music,Audio:<br>Google Cloud TTS<br>Voice: hi-IN-Standard-A
narrow,Audio:<br>Google Cloud TTS<br>Voice: hi-IN-Standard-A
nature,Audio:<br>Google Cloud TTS<br>Voice: hi-IN-Standard-B
new,Audio:<br>Google Cloud TTS<br>Voice: hi-IN-Standard-B
nice,Audio:<br>Google Cloud TTS<br>Voice: hi-IN-Standard-A
nine,Audio:<br>Google Cloud TTS<br>Voice: hi-IN-Standard-B
nineteen,Audio:<br>Google Cloud TTS<br>Voice: hi-IN-Standard-B
ninety,Audio:<br>Google Cloud TTS<br>Voice: hi-IN-Standard-A
ninety-one,Audio:<br>Google Cloud TTS<br>Voice: hi-IN-Standard-B
ninety-two,Audio:<br>Google Cloud TTS<br>Voice: hi-IN-Standard-A
no,Audio:<br>Google Cloud TTS<br>Voice: hi-IN-Standard-B
November,Audio:<br>Google Cloud TTS<br>Voice: hi-IN-Standard-A
nuclear,Audio:<br>Google Cloud TTS<br>Voice: hi-IN-Standard-A
October,Audio:<br>Google Cloud TTS<br>Voice: hi-IN-Standard-B
oil,Audio:<br>Google Cloud TTS<br>Voice: hi-IN-Standard-A
"old [opposite of ""new""]",Audio:<br>Google Cloud TTS<br>Voice: hi-IN-Standard-A
"old [opposite of ""young""]",Audio:<br>Google Cloud TTS<br>Voice: hi-IN-Standard-B
one,Audio:<br>Google Cloud TTS<br>Voice: hi-IN-Standard-A
one billion,Audio:<br>Google Cloud TTS<br>Voice: hi-IN-Standard-A
one hundred,Audio:<br>Google Cloud TTS<br>Voice: hi-IN-Standard-B
one hundred eleven,Audio:<br>Google Cloud TTS<br>Voice: hi-IN-Standard-B
one hundred one,Audio:<br>Google Cloud TTS<br>Voice: hi-IN-Standard-A
one hundred ten,Audio:<br>Google Cloud TTS<br>Voice: hi-IN-Standard-A
one hundred thousand,Audio:<br>Google Cloud TTS<br>Voice: hi-IN-Standard-B
one hundred two,Audio:<br>Google Cloud TTS<br>Voice: hi-IN-Standard-B
one million,Audio:<br>Google Cloud TTS<br>Voice: hi-IN-Standard-A
one thousand,Audio:<br>Google Cloud TTS<br>Voice: hi-IN-Standard-A
one thousand one,Audio:<br>Google Cloud TTS<br>Voice: hi-IN-Standard-A
orange,Audio:<br>Google Cloud TTS<br>Voice: hi-IN-Standard-A
pain,Audio:<br>Google Cloud TTS<br>Voice: hi-IN-Standard-A
peace,Audio:<br>Google Cloud TTS<br>Voice: hi-IN-Standard-B
pink,Audio:<br>Google Cloud TTS<br>Voice: hi-IN-Standard-A
plastic,Audio:<br>Google Cloud TTS<br>Voice: hi-IN-Standard-A
poison,Audio:<br>Google Cloud TTS<br>Voice: hi-IN-Standard-A
poor,Audio:<br>Google Cloud TTS<br>Voice: hi-IN-Standard-B
prison,Audio:<br>Google Cloud TTS<br>Voice: hi-IN-Standard-A
quiet,Audio:<br>Google Cloud TTS<br>Voice: hi-IN-Standard-B
race [human group],Audio:<br>Google Cloud TTS<br>Voice: hi-IN-Standard-B
race [sport],Audio:<br>Google Cloud TTS<br>Voice: hi-IN-Standard-A
red,Audio:<br>Google Cloud TTS<br>Voice: hi-IN-Standard-A
relationship,Audio:<br>Google Cloud TTS<br>Voice: hi-IN-Standard-B
religion,Audio:<br>Google Cloud TTS<br>Voice: hi-IN-Standard-B
rice,Audio:<br>Google Cloud TTS<br>Voice: hi-IN-Standard-B
rich,Audio:<br>Google Cloud TTS<br>Voice: hi-IN-Standard-B
right [direction],Audio:<br>Google Cloud TTS<br>Voice: hi-IN-Standard-B
sad,Audio:<br>Google Cloud TTS<br>Voice: hi-IN-Standard-A
salt,Audio:<br>Google Cloud TTS<br>Voice: hi-IN-Standard-A
Saturday,Audio:<br>Google Cloud TTS<br>Voice: hi-IN-Standard-A
science,Audio:<br>Google Cloud TTS<br>Voice: hi-IN-Standard-A
second,Audio:<br>Google Cloud TTS<br>Voice: hi-IN-Standard-B
September,Audio:<br>Google Cloud TTS<br>Voice: hi-IN-Standard-A
seven,Audio:<br>Google Cloud TTS<br>Voice: hi-IN-Standard-A
seventeen,Audio:<br>Google Cloud TTS<br>Voice: hi-IN-Standard-A
seventy,Audio:<br>Google Cloud TTS<br>Voice: hi-IN-Standard-A
seventy-one,Audio:<br>Google Cloud TTS<br>Voice: hi-IN-Standard-A
seventy-two,Audio:<br>Google Cloud TTS<br>Voice: hi-IN-Standard-A
sex [gender],Audio:<br>Google Cloud TTS<br>Voice: hi-IN-Standard-A
sex [the act],Audio:<br>Google Cloud TTS<br>Voice: hi-IN-Standard-A
shallow,Audio:<br>Google Cloud TTS<br>Voice: hi-IN-Standard-A
she,Audio:<br>Google Cloud TTS<br>Voice: hi-IN-Standard-B
"short [opposite of ""long""]",Audio:<br>Google Cloud TTS<br>Voice: hi-IN-Standard-A
"short [opposite of ""tall""]",Audio:<br>Google Cloud TTS<br>Voice: hi-IN-Standard-A
sick,Audio:<br>Google Cloud TTS<br>Voice: hi-IN-Standard-B
silver,Audio:<br>Google Cloud TTS<br>Voice: hi-IN-Standard-B
six,Audio:<br>Google Cloud TTS<br>Voice: hi-IN-Standard-A
sixteen,Audio:<br>Google Cloud TTS<br>Voice: hi-IN-Standard-A
sixty,Audio:<br>Google Cloud TTS<br>Voice: hi-IN-Standard-B
sixty-one,Audio:<br>Google Cloud TTS<br>Voice: hi-IN-Standard-A
sixty-two,Audio:<br>Google Cloud TTS<br>Voice: hi-IN-Standard-B
slow,Audio:<br>Google Cloud TTS<br>Voice: hi-IN-Standard-B
small / little,Audio:<br>Google Cloud TTS<br>Voice: hi-IN-Standard-A
soft,Audio:<br>Google Cloud TTS<br>Voice: hi-IN-Standard-A
soil/earth [ground],Audio:<br>Google Cloud TTS<br>Voice: hi-IN-Standard-A
space,Audio:<br>Google Cloud TTS<br>Voice: hi-IN-Standard-B
sport,Audio:<br>Google Cloud TTS<br>Voice: hi-IN-Standard-B
stone,Audio:<br>Google Cloud TTS<br>Voice: hi-IN-Standard-B
straight,Audio:<br>Google Cloud TTS<br>Voice: hi-IN-Standard-B
strong,Audio:<br>Google Cloud TTS<br>Voice: hi-IN-Standard-B
sugar,Audio:<br>Google Cloud TTS<br>Voice: hi-IN-Standard-A
Sunday,Audio:<br>Google Cloud TTS<br>Voice: hi-IN-Standard-A
sweat,Audio:<br>Google Cloud TTS<br>Voice: hi-IN-Standard-A
tall,Audio:<br>Google Cloud TTS<br>Voice: hi-IN-Standard-B
tea,Audio:<br>Google Cloud TTS<br>Voice: hi-IN-Standard-B
technology,Audio:<br>Google Cloud TTS<br>Voice: hi-IN-Standard-A
temperature,Audio:<br>Google Cloud TTS<br>Voice: hi-IN-Standard-A
ten,Audio:<br>Google Cloud TTS<br>Voice: hi-IN-Standard-A
ten thousand,Audio:<br>Google Cloud TTS<br>Voice: hi-IN-Standard-A
the actor,Audio:<br>Google Cloud TTS<br>Voice: hi-IN-Standard-A
the adjective,Audio:<br>Google Cloud TTS<br>Voice: hi-IN-Standard-B
the adult,Audio:<br>Google Cloud TTS<br>Voice: hi-IN-Standard-A
the afternoon,Audio:<br>Google Cloud TTS<br>Voice: hi-IN-Standard-B
the air,Audio:<br>Google Cloud TTS<br>Voice: hi-IN-Standard-B
the airport,Audio:<br>Google Cloud TTS<br>Voice: hi-IN-Standard-A
the animal,Audio:<br>Google Cloud TTS<br>Voice: hi-IN-Standard-A
the apartment,Audio:<br>Google Cloud TTS<br>Voice: hi-IN-Standard-B
the apple,Audio:<br>Google Cloud TTS<br>Voice: hi-IN-Standard-A
the arm,Audio:<br>Google Cloud TTS<br>Voice: hi-IN-Standard-A
the army,Audio:<br>Google Cloud TTS<br>Voice: hi-IN-Standard-A
the artist,Audio:<br>Google Cloud TTS<br>Voice: hi-IN-Standard-A
the attack,Audio:<br>Google Cloud TTS<br>Voice: hi-IN-Standard-A
the author,Audio:<br>Google Cloud TTS<br>Voice: hi-IN-Standard-A
the baby,Audio:<br>Google Cloud TTS<br>Voice: hi-IN-Standard-B
the back [anatomy],Audio:<br>Google Cloud TTS<br>Voice: hi-IN-Standard-B
the back [location],Audio:<br>Google Cloud TTS<br>Voice: hi-IN-Standard-B
the bag,Audio:<br>Google Cloud TTS<br>Voice: hi-IN-Standard-A
the ball,Audio:<br>Google Cloud TTS<br>Voice: hi-IN-Standard-B
the banana,Audio:<br>Google Cloud TTS<br>Voice: hi-IN-Standard-A
the band [music],Audio:<br>Google Cloud TTS<br>Voice: hi-IN-Standard-A
the bank,Audio:<br>Google Cloud TTS<br>Voice: hi-IN-Standard-B
the bar,Audio:<br>Google Cloud TTS<br>Voice: hi-IN-Standard-A
the bathroom,Audio:<br>Google Cloud TTS<br>Voice: hi-IN-Standard-B
the beach,Audio:<br>Google Cloud TTS<br>Voice: hi-IN-Standard-B
the beard,Audio:<br>Google Cloud TTS<br>Voice: hi-IN-Standard-B
the bed,Audio:<br>Google Cloud TTS<br>Voice: hi-IN-Standard-B
the bedroom,Audio:<br>Google Cloud TTS<br>Voice: hi-IN-Standard-B
the beef,Audio:<br>Google Cloud TTS<br>Voice: hi-IN-Standard-B
the beverage,Audio:<br>Google Cloud TTS<br>Voice: hi-IN-Standard-A
the bicycle,Audio:<br>Google Cloud TTS<br>Voice: hi-IN-Standard-A
the bill [bank note],Audio:<br>Google Cloud TTS<br>Voice: hi-IN-Standard-B
the bird,Audio:<br>Google Cloud TTS<br>Voice: hi-IN-Standard-A
the boat,Audio:<br>Google Cloud TTS<br>Voice: hi-IN-Standard-A
the body,Audio:<br>Google Cloud TTS<br>Voice: hi-IN-Standard-A
the bone,Audio:<br>Google Cloud TTS<br>Voice: hi-IN-Standard-B
the book,Audio:<br>Google Cloud TTS<br>Voice: hi-IN-Standard-A
the bottle,Audio:<br>Google Cloud TTS<br>Voice: hi-IN-Standard-A
the bottom,Audio:<br>Google Cloud TTS<br>Voice: hi-IN-Standard-B
the box,Audio:<br>Google Cloud TTS<br>Voice: hi-IN-Standard-A
the boy,Audio:<br>Google Cloud TTS<br>Voice: hi-IN-Standard-A
the brain,Audio:<br>Google Cloud TTS<br>Voice: hi-IN-Standard-A
the bread,Audio:<br>Google Cloud TTS<br>Voice: hi-IN-Standard-A
the bridge,Audio:<br>Google Cloud TTS<br>Voice: hi-IN-Standard-A
the brother,Audio:<br>Google Cloud TTS<br>Voice: hi-IN-Standard-A
the building,Audio:<br>Google Cloud TTS<br>Voice: hi-IN-Standard-A
the bus,Audio:<br>Google Cloud TTS<br>Voice: hi-IN-Standard-B
the cake,Audio:<br>Google Cloud TTS<br>Voice: hi-IN-Standard-A
the camera,Audio:<br>Google Cloud TTS<br>Voice: hi-IN-Standard-A
the camp,Audio:<br>Google Cloud TTS<br>Voice: hi-IN-Standard-A
the car,"Picture:<br><a href=""https://pixabay.com/photos/car-engine-wheels-vintage-car-7275386/"">https://pixabay.com/photos/car-engine-wheels-vintage-car-7275386/</a><br><br>Audio:<br>Google Cloud TTS<br>Voice: hi-IN-Standard-A"
the card,Audio:<br>Google Cloud TTS<br>Voice: hi-IN-Standard-B
the cat,Audio:<br>Google Cloud TTS<br>Voice: hi-IN-Standard-B
the ceiling,Audio:<br>Google Cloud TTS<br>Voice: hi-IN-Standard-B
the cell phone,Audio:<br>Google Cloud TTS<br>Voice: hi-IN-Standard-A
the centimeter,Audio:<br>Google Cloud TTS<br>Voice: hi-IN-Standard-B
the chair,Audio:<br>Google Cloud TTS<br>Voice: hi-IN-Standard-A
the cheese,Audio:<br>Google Cloud TTS<br>Voice: hi-IN-Standard-B
the chicken,Audio:<br>Google Cloud TTS<br>Voice: hi-IN-Standard-B
the child,Audio:<br>Google Cloud TTS<br>Voice: hi-IN-Standard-A
the church,Audio:<br>Google Cloud TTS<br>Voice: hi-IN-Standard-B
the circle,Audio:<br>Google Cloud TTS<br>Voice: hi-IN-Standard-B
the city,Audio:<br>Google Cloud TTS<br>Voice: hi-IN-Standard-B
the clock,Audio:<br>Google Cloud TTS<br>Voice: hi-IN-Standard-A
the clothing,Audio:<br>Google Cloud TTS<br>Voice: hi-IN-Standard-A
the club,Audio:<br>Google Cloud TTS<br>Voice: hi-IN-Standard-B
the coat,Audio:<br>Google Cloud TTS<br>Voice: hi-IN-Standard-A
the color,Audio:<br>Google Cloud TTS<br>Voice: hi-IN-Standard-A
the computer,Audio:<br>Google Cloud TTS<br>Voice: hi-IN-Standard-A
the consonant,Audio:<br>Google Cloud TTS<br>Voice: hi-IN-Standard-B
the contract,Audio:<br>Google Cloud TTS<br>Voice: hi-IN-Standard-A
the corn,Audio:<br>Google Cloud TTS<br>Voice: hi-IN-Standard-B
the corner,Audio:<br>Google Cloud TTS<br>Voice: hi-IN-Standard-A
the country,Audio:<br>Google Cloud TTS<br>Voice: hi-IN-Standard-A
the court,Audio:<br>Google Cloud TTS<br>Voice: hi-IN-Standard-B
the cow,Audio:<br>Google Cloud TTS<br>Voice: hi-IN-Standard-B
the crowd,Audio:<br>Google Cloud TTS<br>Voice: hi-IN-Standard-A
the cup,Audio:<br>Google Cloud TTS<br>Voice: hi-IN-Standard-B
the date,Audio:<br>Google Cloud TTS<br>Voice: hi-IN-Standard-B
the daughter,Audio:<br>Google Cloud TTS<br>Voice: hi-IN-Standard-A
the day,Audio:<br>Google Cloud TTS<br>Voice: hi-IN-Standard-B
the direction,Audio:<br>Google Cloud TTS<br>Voice: hi-IN-Standard-A
the doctor,Audio:<br>Google Cloud TTS<br>Voice: hi-IN-Standard-A
the dog,Audio:<br>Google Cloud TTS<br>Voice: hi-IN-Standard-B
the dollar,Audio:<br>Google Cloud TTS<br>Voice: hi-IN-Standard-A
the door,Audio:<br>Google Cloud TTS<br>Voice: hi-IN-Standard-A
the dot,Audio:<br>Google Cloud TTS<br>Voice: hi-IN-Standard-A
the dream,Audio:<br>Google Cloud TTS<br>Voice: hi-IN-Standard-B
the dress,Audio:<br>Google Cloud TTS<br>Voice: hi-IN-Standard-B
the drug,Audio:<br>Google Cloud TTS<br>Voice: hi-IN-Standard-A
the ear,Audio:<br>Google Cloud TTS<br>Voice: hi-IN-Standard-B
the east,Audio:<br>Google Cloud TTS<br>Voice: hi-IN-Standard-A
the edge,Audio:<br>Google Cloud TTS<br>Voice: hi-IN-Standard-B
the egg,Audio:<br>Google Cloud TTS<br>Voice: hi-IN-Standard-B
the election,Audio:<br>Google Cloud TTS<br>Voice: hi-IN-Standard-B
the engine,Audio:<br>Google Cloud TTS<br>Voice: hi-IN-Standard-A
the evening,Audio:<br>Google Cloud TTS<br>Voice: hi-IN-Standard-A
the eye,Audio:<br>Google Cloud TTS<br>Voice: hi-IN-Standard-B
the face,Audio:<br>Google Cloud TTS<br>Voice: hi-IN-Standard-B
the Fall,Audio:<br>Google Cloud TTS<br>Voice: hi-IN-Standard-A
the family,Audio:<br>Google Cloud TTS<br>Voice: hi-IN-Standard-A
the fan [appliance],Audio:<br>Google Cloud TTS<br>Voice: hi-IN-Standard-B
the fan [person],Audio:<br>Google Cloud TTS<br>Voice: hi-IN-Standard-A
the farm,Audio:<br>Google Cloud TTS<br>Voice: hi-IN-Standard-B
the father,Audio:<br>Google Cloud TTS<br>Voice: hi-IN-Standard-A
the finger,Audio:<br>Google Cloud TTS<br>Voice: hi-IN-Standard-B
the fire,Audio:<br>Google Cloud TTS<br>Voice: hi-IN-Standard-B
the fish,Audio:<br>Google Cloud TTS<br>Voice: hi-IN-Standard-A
the floor,Audio:<br>Google Cloud TTS<br>Voice: hi-IN-Standard-A
the flower,Audio:<br>Google Cloud TTS<br>Voice: hi-IN-Standard-A
the foot,Audio:<br>Google Cloud TTS<br>Voice: hi-IN-Standard-A
the foot [measurement],Audio:<br>Google Cloud TTS<br>Voice: hi-IN-Standard-A
the forest,Audio:<br>Google Cloud TTS<br>Voice: hi-IN-Standard-B
the fork,Audio:<br>Google Cloud TTS<br>Voice: hi-IN-Standard-A
the friend,Audio:<br>Google Cloud TTS<br>Voice: hi-IN-Standard-B
the front,Audio:<br>Google Cloud TTS<br>Voice: hi-IN-Standard-A
the game,Audio:<br>Google Cloud TTS<br>Voice: hi-IN-Standard-A
the garden,Audio:<br>Google Cloud TTS<br>Voice: hi-IN-Standard-B
the gasoline,Audio:<br>Google Cloud TTS<br>Voice: hi-IN-Standard-B
the gift,Audio:<br>Google Cloud TTS<br>Voice: hi-IN-Standard-A
the girl,Audio:<br>Google Cloud TTS<br>Voice: hi-IN-Standard-B
the grandfather,Audio:<br>Google Cloud TTS<br>Voice: hi-IN-Standard-A
the grandmother,Audio:<br>Google Cloud TTS<br>Voice: hi-IN-Standard-A
the grass,Audio:<br>Google Cloud TTS<br>Voice: hi-IN-Standard-A
the ground,Audio:<br>Google Cloud TTS<br>Voice: hi-IN-Standard-B
the gun,Audio:<br>Google Cloud TTS<br>Voice: hi-IN-Standard-B
the hair,Audio:<br>Google Cloud TTS<br>Voice: hi-IN-Standard-A
the half,Audio:<br>Google Cloud TTS<br>Voice: hi-IN-Standard-A
the hand,Audio:<br>Google Cloud TTS<br>Voice: hi-IN-Standard-A
the hat,Audio:<br>Google Cloud TTS<br>Voice: hi-IN-Standard-A
the head,Audio:<br>Google Cloud TTS<br>Voice: hi-IN-Standard-B
the heart,Audio:<br>Google Cloud TTS<br>Voice: hi-IN-Standard-A
the heat,Audio:<br>Google Cloud TTS<br>Voice: hi-IN-Standard-A
the hill,Audio:<br>Google Cloud TTS<br>Voice: hi-IN-Standard-B
the hole,Audio:<br>Google Cloud TTS<br>Voice: hi-IN-Standard-B
the horse,Audio:<br>Google Cloud TTS<br>Voice: hi-IN-Standard-A
the hospital,Audio:<br>Google Cloud TTS<br>Voice: hi-IN-Standard-B
the hotel,Audio:<br>Google Cloud TTS<br>Voice: hi-IN-Standard-A
the hour,Audio:<br>Google Cloud TTS<br>Voice: hi-IN-Standard-A
the house,Audio:<br>Google Cloud TTS<br>Voice: hi-IN-Standard-B
the human,Audio:<br>Google Cloud TTS<br>Voice: hi-IN-Standard-A
the husband,Audio:<br>Google Cloud TTS<br>Voice: hi-IN-Standard-B
the ice,Audio:<br>Google Cloud TTS<br>Voice: hi-IN-Standard-A
the image,Audio:<br>Google Cloud TTS<br>Voice: hi-IN-Standard-A
the inch,Audio:<br>Google Cloud TTS<br>Voice: hi-IN-Standard-B
the injury,Audio:<br>Google Cloud TTS<br>Voice: hi-IN-Standard-B
the inside,Audio:<br>Google Cloud TTS<br>Voice: hi-IN-Standard-B
the instrument,Audio:<br>Google Cloud TTS<br>Voice: hi-IN-Standard-A
the island,Audio:<br>Google Cloud TTS<br>Voice: hi-IN-Standard-A
the job,Audio:<br>Google Cloud TTS<br>Voice: hi-IN-Standard-A
the key,Audio:<br>Google Cloud TTS<br>Voice: hi-IN-Standard-A
the kilogram,Audio:<br>Google Cloud TTS<br>Voice: hi-IN-Standard-B
the king,Audio:<br>Google Cloud TTS<br>Voice: hi-IN-Standard-B
the kitchen,Audio:<br>Google Cloud TTS<br>Voice: hi-IN-Standard-B
the knee,Audio:<br>Google Cloud TTS<br>Voice: hi-IN-Standard-A
the knife,Audio:<br>Google Cloud TTS<br>Voice: hi-IN-Standard-B
the lake,Audio:<br>Google Cloud TTS<br>Voice: hi-IN-Standard-B
the lamp,Audio:<br>Google Cloud TTS<br>Voice: hi-IN-Standard-B
the laptop,Audio:<br>Google Cloud TTS<br>Voice: hi-IN-Standard-B
the lawyer,Audio:<br>Google Cloud TTS<br>Voice: hi-IN-Standard-A
the leaf,Audio:<br>Google Cloud TTS<br>Voice: hi-IN-Standard-A
the leg,Audio:<br>Google Cloud TTS<br>Voice: hi-IN-Standard-B
the lemon,Audio:<br>Google Cloud TTS<br>Voice: hi-IN-Standard-A
the letter,Audio:<br>Google Cloud TTS<br>Voice: hi-IN-Standard-B
the library,Audio:<br>Google Cloud TTS<br>Voice: hi-IN-Standard-A
the light,Audio:<br>Google Cloud TTS<br>Voice: hi-IN-Standard-A
the lip,Audio:<br>Google Cloud TTS<br>Voice: hi-IN-Standard-B
the location,Audio:<br>Google Cloud TTS<br>Voice: hi-IN-Standard-B
the lock,Audio:<br>Google Cloud TTS<br>Voice: hi-IN-Standard-B
the magazine,Audio:<br>Google Cloud TTS<br>Voice: hi-IN-Standard-B
the man,Audio:<br>Google Cloud TTS<br>Voice: hi-IN-Standard-A
the manager,Audio:<br>Google Cloud TTS<br>Voice: hi-IN-Standard-B
the map,Audio:<br>Google Cloud TTS<br>Voice: hi-IN-Standard-A
the market,Audio:<br>Google Cloud TTS<br>Voice: hi-IN-Standard-B
the meter,Audio:<br>Google Cloud TTS<br>Voice: hi-IN-Standard-A
the minute,Audio:<br>Google Cloud TTS<br>Voice: hi-IN-Standard-B
the month,Audio:<br>Google Cloud TTS<br>Voice: hi-IN-Standard-A
the moon,Audio:<br>Google Cloud TTS<br>Voice: hi-IN-Standard-A
the morning,Audio:<br>Google Cloud TTS<br>Voice: hi-IN-Standard-B
the mother,Audio:<br>Google Cloud TTS<br>Voice: hi-IN-Standard-B
the mountain,Audio:<br>Google Cloud TTS<br>Voice: hi-IN-Standard-A
the mouse,Audio:<br>Google Cloud TTS<br>Voice: hi-IN-Standard-B
the mouth,Audio:<br>Google Cloud TTS<br>Voice: hi-IN-Standard-B
the movie,Audio:<br>Google Cloud TTS<br>Voice: hi-IN-Standard-A
the neck,Audio:<br>Google Cloud TTS<br>Voice: hi-IN-Standard-B
the needle,Audio:<br>Google Cloud TTS<br>Voice: hi-IN-Standard-B
the neighbor,Audio:<br>Google Cloud TTS<br>Voice: hi-IN-Standard-B
the network,Audio:<br>Google Cloud TTS<br>Voice: hi-IN-Standard-B
the newspaper,Audio:<br>Google Cloud TTS<br>Voice: hi-IN-Standard-B
the night,Audio:<br>Google Cloud TTS<br>Voice: hi-IN-Standard-B
the north,Audio:<br>Google Cloud TTS<br>Voice: hi-IN-Standard-A
the nose,Audio:<br>Google Cloud TTS<br>Voice: hi-IN-Standard-A
the note,Audio:<br>Google Cloud TTS<br>Voice: hi-IN-Standard-B
the noun,Audio:<br>Google Cloud TTS<br>Voice: hi-IN-Standard-B
the number,Audio:<br>Google Cloud TTS<br>Voice: hi-IN-Standard-A
the ocean,Audio:<br>Google Cloud TTS<br>Voice: hi-IN-Standard-B
the office,Audio:<br>Google Cloud TTS<br>Voice: hi-IN-Standard-B
the orange,Audio:<br>Google Cloud TTS<br>Voice: hi-IN-Standard-A
the outside,Audio:<br>Google Cloud TTS<br>Voice: hi-IN-Standard-B
the page,Audio:<br>Google Cloud TTS<br>Voice: hi-IN-Standard-B
the paint,Audio:<br>Google Cloud TTS<br>Voice: hi-IN-Standard-A
the pants,Audio:<br>Google Cloud TTS<br>Voice: hi-IN-Standard-B
the paper,Audio:<br>Google Cloud TTS<br>Voice: hi-IN-Standard-B
the parent,Audio:<br>Google Cloud TTS<br>Voice: hi-IN-Standard-B
the park,Audio:<br>Google Cloud TTS<br>Voice: hi-IN-Standard-B
the patient,Audio:<br>Google Cloud TTS<br>Voice: hi-IN-Standard-B
the pattern,Audio:<br>Google Cloud TTS<br>Voice: hi-IN-Standard-A
the pen,Audio:<br>Google Cloud TTS<br>Voice: hi-IN-Standard-B
the pencil,Audio:<br>Google Cloud TTS<br>Voice: hi-IN-Standard-A
the person,Audio:<br>Google Cloud TTS<br>Voice: hi-IN-Standard-A
the photograph,Audio:<br>Google Cloud TTS<br>Voice: hi-IN-Standard-B
the piece,Audio:<br>Google Cloud TTS<br>Voice: hi-IN-Standard-B
the pig,Audio:<br>Google Cloud TTS<br>Voice: hi-IN-Standard-A
the plane,Audio:<br>Google Cloud TTS<br>Voice: hi-IN-Standard-A
the plant,Audio:<br>Google Cloud TTS<br>Voice: hi-IN-Standard-B
the plate,Audio:<br>Google Cloud TTS<br>Voice: hi-IN-Standard-A
the player,Audio:<br>Google Cloud TTS<br>Voice: hi-IN-Standard-A
the pocket,Audio:<br>Google Cloud TTS<br>Voice: hi-IN-Standard-A
the police,Audio:<br>Google Cloud TTS<br>Voice: hi-IN-Standard-A
the pool,Audio:<br>Google Cloud TTS<br>Voice: hi-IN-Standard-A
the pork,Audio:<br>Google Cloud TTS<br>Voice: hi-IN-Standard-A
the pound,Audio:<br>Google Cloud TTS<br>Voice: hi-IN-Standard-B
the president,Audio:<br>Google Cloud TTS<br>Voice: hi-IN-Standard-A
the price,Audio:<br>Google Cloud TTS<br>Voice: hi-IN-Standard-B
the priest,Audio:<br>Google Cloud TTS<br>Voice: hi-IN-Standard-B
the program,Audio:<br>Google Cloud TTS<br>Voice: hi-IN-Standard-A
the queen,Audio:<br>Google Cloud TTS<br>Voice: hi-IN-Standard-B
the radio,Audio:<br>Google Cloud TTS<br>Voice: hi-IN-Standard-B
the rain,Audio:<br>Google Cloud TTS<br>Voice: hi-IN-Standard-B
the reporter,Audio:<br>Google Cloud TTS<br>Voice: hi-IN-Standard-A
the restaurant,Audio:<br>Google Cloud TTS<br>Voice: hi-IN-Standard-A
the ring,Audio:<br>Google Cloud TTS<br>Voice: hi-IN-Standard-A
the river,Audio:<br>Google Cloud TTS<br>Voice: hi-IN-Standard-A
the roof,Audio:<br>Google Cloud TTS<br>Voice: hi-IN-Standard-B
the room,Audio:<br>Google Cloud TTS<br>Voice: hi-IN-Standard-A
the root,Audio:<br>Google Cloud TTS<br>Voice: hi-IN-Standard-A
the sand,Audio:<br>Google Cloud TTS<br>Voice: hi-IN-Standard-B
the school,Audio:<br>Google Cloud TTS<br>Voice: hi-IN-Standard-A
the screen,Audio:<br>Google Cloud TTS<br>Voice: hi-IN-Standard-A
the sea,Audio:<br>Google Cloud TTS<br>Voice: hi-IN-Standard-A
the season,Audio:<br>Google Cloud TTS<br>Voice: hi-IN-Standard-B
the second,Audio:<br>Google Cloud TTS<br>Voice: hi-IN-Standard-A
the secretary,Audio:<br>Google Cloud TTS<br>Voice: hi-IN-Standard-B
the seed,Audio:<br>Google Cloud TTS<br>Voice: hi-IN-Standard-B
the ship,Audio:<br>Google Cloud TTS<br>Voice: hi-IN-Standard-B
the shirt,Audio:<br>Google Cloud TTS<br>Voice: hi-IN-Standard-B
the shoes,Audio:<br>Google Cloud TTS<br>Voice: hi-IN-Standard-B
the shoulder,Audio:<br>Google Cloud TTS<br>Voice: hi-IN-Standard-A
the side,Audio:<br>Google Cloud TTS<br>Voice: hi-IN-Standard-B
the sign,Audio:<br>Google Cloud TTS<br>Voice: hi-IN-Standard-B
the sister,Audio:<br>Google Cloud TTS<br>Voice: hi-IN-Standard-B
the skin,Audio:<br>Google Cloud TTS<br>Voice: hi-IN-Standard-A
the skirt,Audio:<br>Google Cloud TTS<br>Voice: hi-IN-Standard-B
the sky,Audio:<br>Google Cloud TTS<br>Voice: hi-IN-Standard-B
the snow,Audio:<br>Google Cloud TTS<br>Voice: hi-IN-Standard-A
the soap,Audio:<br>Google Cloud TTS<br>Voice: hi-IN-Standard-B
the soldier,Audio:<br>Google Cloud TTS<br>Voice: hi-IN-Standard-B
the son,Audio:<br>Google Cloud TTS<br>Voice: hi-IN-Standard-A
the song,Audio:<br>Google Cloud TTS<br>Voice: hi-IN-Standard-B
the sound,Audio:<br>Google Cloud TTS<br>Voice: hi-IN-Standard-A
the soup,Audio:<br>Google Cloud TTS<br>Voice: hi-IN-Standard-B
the south,Audio:<br>Google Cloud TTS<br>Voice: hi-IN-Standard-B
the spoon,Audio:<br>Google Cloud TTS<br>Voice: hi-IN-Standard-B
the Spring,Audio:<br>Google Cloud TTS<br>Voice: hi-IN-Standard-A
the square,Audio:<br>Google Cloud TTS<br>Voice: hi-IN-Standard-A
the stain,Audio:<br>Google Cloud TTS<br>Voice: hi-IN-Standard-A
the star,Audio:<br>Google Cloud TTS<br>Voice: hi-IN-Standard-A
the store/shop,Audio:<br>Google Cloud TTS<br>Voice: hi-IN-Standard-B
the street/road,Audio:<br>Google Cloud TTS<br>Voice: hi-IN-Standard-A
the student,Audio:<br>Google Cloud TTS<br>Voice: hi-IN-Standard-A
the suit,Audio:<br>Google Cloud TTS<br>Voice: hi-IN-Standard-A
the Summer,Audio:<br>Google Cloud TTS<br>Voice: hi-IN-Standard-B
the sun,Audio:<br>Google Cloud TTS<br>Voice: hi-IN-Standard-B
the T-shirt,Audio:<br>Google Cloud TTS<br>Voice: hi-IN-Standard-B
the table,Audio:<br>Google Cloud TTS<br>Voice: hi-IN-Standard-B
the teacher,Audio:<br>Google Cloud TTS<br>Voice: hi-IN-Standard-B
the team,Audio:<br>Google Cloud TTS<br>Voice: hi-IN-Standard-A
the tear,Audio:<br>Google Cloud TTS<br>Voice: hi-IN-Standard-A
the telephone,Audio:<br>Google Cloud TTS<br>Voice: hi-IN-Standard-B
the television,Audio:<br>Google Cloud TTS<br>Voice: hi-IN-Standard-B
the theater,Audio:<br>Google Cloud TTS<br>Voice: hi-IN-Standard-A
the ticket,Audio:<br>Google Cloud TTS<br>Voice: hi-IN-Standard-B
the time,Audio:<br>Google Cloud TTS<br>Voice: hi-IN-Standard-B
the tire,Audio:<br>Google Cloud TTS<br>Voice: hi-IN-Standard-B
the toe,Audio:<br>Google Cloud TTS<br>Voice: hi-IN-Standard-A
the tongue,Audio:<br>Google Cloud TTS<br>Voice: hi-IN-Standard-B
the tool,Audio:<br>Google Cloud TTS<br>Voice: hi-IN-Standard-B
the tooth,Audio:<br>Google Cloud TTS<br>Voice: hi-IN-Standard-B
the top,Audio:<br>Google Cloud TTS<br>Voice: hi-IN-Standard-B
the town,Audio:<br>Google Cloud TTS<br>Voice: hi-IN-Standard-A
the train,Audio:<br>Google Cloud TTS<br>Voice: hi-IN-Standard-B
the train station,Audio:<br>Google Cloud TTS<br>Voice: hi-IN-Standard-A
the tree,Audio:<br>Google Cloud TTS<br>Voice: hi-IN-Standard-B
the truck,Audio:<br>Google Cloud TTS<br>Voice: hi-IN-Standard-B
the university,Audio:<br>Google Cloud TTS<br>Voice: hi-IN-Standard-B
the valley,Audio:<br>Google Cloud TTS<br>Voice: hi-IN-Standard-A
the verb,Audio:<br>Google Cloud TTS<br>Voice: hi-IN-Standard-B
the victim,Audio:<br>Google Cloud TTS<br>Voice: hi-IN-Standard-B
the voice,Audio:<br>Google Cloud TTS<br>Voice: hi-IN-Standard-B
the vowel,Audio:<br>Google Cloud TTS<br>Voice: hi-IN-Standard-A
the waiter,Audio:<br>Google Cloud TTS<br>Voice: hi-IN-Standard-B
the wall,Audio:<br>Google Cloud TTS<br>Voice: hi-IN-Standard-A
the wave,Audio:<br>Google Cloud TTS<br>Voice: hi-IN-Standard-A
the week,Audio:<br>Google Cloud TTS<br>Voice: hi-IN-Standard-B
the west,Audio:<br>Google Cloud TTS<br>Voice: hi-IN-Standard-A
the wife,Audio:<br>Google Cloud TTS<br>Voice: hi-IN-Standard-A
the wind,Audio:<br>Google Cloud TTS<br>Voice: hi-IN-Standard-B
the window,Audio:<br>Google Cloud TTS<br>Voice: hi-IN-Standard-A
the wing,Audio:<br>Google Cloud TTS<br>Voice: hi-IN-Standard-B
the Winter,Audio:<br>Google Cloud TTS<br>Voice: hi-IN-Standard-A
the woman,Audio:<br>Google Cloud TTS<br>Voice: hi-IN-Standard-A
the world,Audio:<br>Google Cloud TTS<br>Voice: hi-IN-Standard-B
the yard,Audio:<br>Google Cloud TTS<br>Voice: hi-IN-Standard-B
the year,Audio:<br>Google Cloud TTS<br>Voice: hi-IN-Standard-B
they,Audio:<br>Google Cloud TTS<br>Voice: hi-IN-Standard-A
thick,Audio:<br>Google Cloud TTS<br>Voice: hi-IN-Standard-B
thin,Audio:<br>Google Cloud TTS<br>Voice: hi-IN-Standard-B
third,Audio:<br>Google Cloud TTS<br>Voice: hi-IN-Standard-B
thirteen,Audio:<br>Google Cloud TTS<br>Voice: hi-IN-Standard-B
thirty,Audio:<br>Google Cloud TTS<br>Voice: hi-IN-Standard-B
thirty-one,Audio:<br>Google Cloud TTS<br>Voice: hi-IN-Standard-B
thirty-two,Audio:<br>Google Cloud TTS<br>Voice: hi-IN-Standard-B
three,Audio:<br>Google Cloud TTS<br>Voice: hi-IN-Standard-A
Thursday,Audio:<br>Google Cloud TTS<br>Voice: hi-IN-Standard-B
tight,Audio:<br>Google Cloud TTS<br>Voice: hi-IN-Standard-A
to beat,Audio:<br>Google Cloud TTS<br>Voice: hi-IN-Standard-A
to bend,Audio:<br>Google Cloud TTS<br>Voice: hi-IN-Standard-B
to break,Audio:<br>Google Cloud TTS<br>Voice: hi-IN-Standard-A
to build,Audio:<br>Google Cloud TTS<br>Voice: hi-IN-Standard-A
to burn,Audio:<br>Google Cloud TTS<br>Voice: hi-IN-Standard-A
to buy,Audio:<br>Google Cloud TTS<br>Voice: hi-IN-Standard-A
to call,Audio:<br>Google Cloud TTS<br>Voice: hi-IN-Standard-A
to carry,Audio:<br>Google Cloud TTS<br>Voice: hi-IN-Standard-A
to catch,Audio:<br>Google Cloud TTS<br>Voice: hi-IN-Standard-A
to clean,Audio:<br>Google Cloud TTS<br>Voice: hi-IN-Standard-A
to close,Audio:<br>Google Cloud TTS<br>Voice: hi-IN-Standard-A
to cook,Audio:<br>Google Cloud TTS<br>Voice: hi-IN-Standard-A
to count,Audio:<br>Google Cloud TTS<br>Voice: hi-IN-Standard-B
to cry,Audio:<br>Google Cloud TTS<br>Voice: hi-IN-Standard-A
to cut,Audio:<br>Google Cloud TTS<br>Voice: hi-IN-Standard-A
to dance,Audio:<br>Google Cloud TTS<br>Voice: hi-IN-Standard-B
to die,Audio:<br>Google Cloud TTS<br>Voice: hi-IN-Standard-B
to dig,Audio:<br>Google Cloud TTS<br>Voice: hi-IN-Standard-B
to draw,Audio:<br>Google Cloud TTS<br>Voice: hi-IN-Standard-A
to drink,Audio:<br>Google Cloud TTS<br>Voice: hi-IN-Standard-A
to drive,Audio:<br>Google Cloud TTS<br>Voice: hi-IN-Standard-A
to eat,Audio:<br>Google Cloud TTS<br>Voice: hi-IN-Standard-B
to explode,Audio:<br>Google Cloud TTS<br>Voice: hi-IN-Standard-A
to fall,Audio:<br>Google Cloud TTS<br>Voice: hi-IN-Standard-A
to feed,Audio:<br>Google Cloud TTS<br>Voice: hi-IN-Standard-B
to fight,Audio:<br>Google Cloud TTS<br>Voice: hi-IN-Standard-B
to find,Audio:<br>Google Cloud TTS<br>Voice: hi-IN-Standard-B
to fly,Audio:<br>Google Cloud TTS<br>Voice: hi-IN-Standard-A
to follow,Audio:<br>Google Cloud TTS<br>Voice: hi-IN-Standard-A
to go,Audio:<br>Google Cloud TTS<br>Voice: hi-IN-Standard-A
to grow,Audio:<br>Google Cloud TTS<br>Voice: hi-IN-Standard-A
to hang,Audio:<br>Google Cloud TTS<br>Voice: hi-IN-Standard-B
to hear,Audio:<br>Google Cloud TTS<br>Voice: hi-IN-Standard-A
to jump,Audio:<br>Google Cloud TTS<br>Voice: hi-IN-Standard-A
to kill,Audio:<br>Google Cloud TTS<br>Voice: hi-IN-Standard-B
to kiss,Audio:<br>Google Cloud TTS<br>Voice: hi-IN-Standard-B
to laugh,Audio:<br>Google Cloud TTS<br>Voice: hi-IN-Standard-B
to learn,Audio:<br>Google Cloud TTS<br>Voice: hi-IN-Standard-A
to lie down,Audio:<br>Google Cloud TTS<br>Voice: hi-IN-Standard-B
to lift,Audio:<br>Google Cloud TTS<br>Voice: hi-IN-Standard-A
to listen,Audio:<br>Google Cloud TTS<br>Voice: hi-IN-Standard-B
to lose,Audio:<br>Google Cloud TTS<br>Voice: hi-IN-Standard-B
to love,Audio:<br>Google Cloud TTS<br>Voice: hi-IN-Standard-A
to marry,Audio:<br>Google Cloud TTS<br>Voice: hi-IN-Standard-B
to melt,Audio:<br>Google Cloud TTS<br>Voice: hi-IN-Standard-B
to mix / to stir,Audio:<br>Google Cloud TTS<br>Voice: hi-IN-Standard-B
to open,Audio:<br>Google Cloud TTS<br>Voice: hi-IN-Standard-A
to pass by,Audio:<br>Google Cloud TTS<br>Voice: hi-IN-Standard-B
to pay,Audio:<br>Google Cloud TTS<br>Voice: hi-IN-Standard-A
to play,Audio:<br>Google Cloud TTS<br>Voice: hi-IN-Standard-B
to pray,Audio:<br>Google Cloud TTS<br>Voice: hi-IN-Standard-B
to pull,Audio:<br>Google Cloud TTS<br>Voice: hi-IN-Standard-B
to push,Audio:<br>Google Cloud TTS<br>Voice: hi-IN-Standard-B
to run,Audio:<br>Google Cloud TTS<br>Voice: hi-IN-Standard-B
to see,Audio:<br>Google Cloud TTS<br>Voice: hi-IN-Standard-B
to sell,Audio:<br>Google Cloud TTS<br>Voice: hi-IN-Standard-A
to shake,Audio:<br>Google Cloud TTS<br>Voice: hi-IN-Standard-A
to shoot,Audio:<br>Google Cloud TTS<br>Voice: hi-IN-Standard-B
to sign,Audio:<br>Google Cloud TTS<br>Voice: hi-IN-Standard-B
to sing,Audio:<br>Google Cloud TTS<br>Voice: hi-IN-Standard-A
to sit,Audio:<br>Google Cloud TTS<br>Voice: hi-IN-Standard-B
to sleep,Audio:<br>Google Cloud TTS<br>Voice: hi-IN-Standard-B
to smell,Audio:<br>Google Cloud TTS<br>Voice: hi-IN-Standard-B
to smile,Audio:<br>Google Cloud TTS<br>Voice: hi-IN-Standard-A
to speak / to say,Audio:<br>Google Cloud TTS<br>Voice: hi-IN-Standard-B
to stand,Audio:<br>Google Cloud TTS<br>Voice: hi-IN-Standard-B
to stop,Audio:<br>Google Cloud TTS<br>Voice: hi-IN-Standard-A
to swim,Audio:<br>Google Cloud TTS<br>Voice: hi-IN-Standard-B
to taste,Audio:<br>Google Cloud TTS<br>Voice: hi-IN-Standard-A
to teach,Audio:<br>Google Cloud TTS<br>Voice: hi-IN-Standard-B
to think,Audio:<br>Google Cloud TTS<br>Voice: hi-IN-Standard-B
to throw,Audio:<br>Google Cloud TTS<br>Voice: hi-IN-Standard-B
to touch,Audio:<br>Google Cloud TTS<br>Voice: hi-IN-Standard-B
to turn,Audio:<br>Google Cloud TTS<br>Voice: hi-IN-Standard-B
to wake up,Audio:<br>Google Cloud TTS<br>Voice: hi-IN-Standard-A
to walk,Audio:<br>Google Cloud TTS<br>Voice: hi-IN-Standard-A
to wash,Audio:<br>Google Cloud TTS<br>Voice: hi-IN-Standard-A
to watch,Audio:<br>Google Cloud TTS<br>Voice: hi-IN-Standard-A
to wear,Audio:<br>Google Cloud TTS<br>Voice: hi-IN-Standard-B
to win,Audio:<br>Google Cloud TTS<br>Voice: hi-IN-Standard-B
to work,Audio:<br>Google Cloud TTS<br>Voice: hi-IN-Standard-A
to write,Audio:<br>Google Cloud TTS<br>Voice: hi-IN-Standard-B
transportation,Audio:<br>Google Cloud TTS<br>Voice: hi-IN-Standard-B
Tuesday,Audio:<br>Google Cloud TTS<br>Voice: hi-IN-Standard-B
twelve,Audio:<br>Google Cloud TTS<br>Voice: hi-IN-Standard-A
twenty,Audio:<br>Google Cloud TTS<br>Voice: hi-IN-Standard-A
twenty-one,Audio:<br>Google Cloud TTS<br>Voice: hi-IN-Standard-B
twenty-two,Audio:<br>Google Cloud TTS<br>Voice: hi-IN-Standard-A
two,Audio:<br>Google Cloud TTS<br>Voice: hi-IN-Standard-B
ugly,Audio:<br>Google Cloud TTS<br>Voice: hi-IN-Standard-A
up,Audio:<br>Google Cloud TTS<br>Voice: hi-IN-Standard-B
war,Audio:<br>Google Cloud TTS<br>Voice: hi-IN-Standard-B
warm,Audio:<br>Google Cloud TTS<br>Voice: hi-IN-Standard-B
water,Audio:<br>Google Cloud TTS<br>Voice: hi-IN-Standard-B
we,Audio:<br>Google Cloud TTS<br>Voice: hi-IN-Standard-B
weak,Audio:<br>Google Cloud TTS<br>Voice: hi-IN-Standard-B
wedding,Audio:<br>Google Cloud TTS<br>Voice: hi-IN-Standard-B
Wednesday,Audio:<br>Google Cloud TTS<br>Voice: hi-IN-Standard-B
weight,Audio:<br>Google Cloud TTS<br>Voice: hi-IN-Standard-B
wet,Audio:<br>Google Cloud TTS<br>Voice: hi-IN-Standard-B
white,Audio:<br>Google Cloud TTS<br>Voice: hi-IN-Standard-B
wide,Audio:<br>Google Cloud TTS<br>Voice: hi-IN-Standard-A
wine,Audio:<br>Google Cloud TTS<br>Voice: hi-IN-Standard-A
wood,Audio:<br>Google Cloud TTS<br>Voice: hi-IN-Standard-A
yellow,Audio:<br>Google Cloud TTS<br>Voice: hi-IN-Standard-B
yes,Audio:<br>Google Cloud TTS<br>Voice: hi-IN-Standard-A
"you [plural, y'all]",Audio:<br>Google Cloud TTS<br>Voice: hi-IN-Standard-A
you [singular],Audio:<br>Google Cloud TTS<br>Voice: hi-IN-Standard-A
young,Audio:<br>Google Cloud TTS<br>Voice: hi-IN-Standard-A
