key,text:ar,ipa:ar,audio:ar,audio source:ar,tags:ar
alive,حيّ,/ħajj/,[sound:al_ar_xa_alive.mp3],Google Cloud TTS<br>Voice: ar-XA-Standard-C,AnkiLangs::AR
April,أبريل,/ʔabriːl/,[sound:al_ar_xa_april.mp3],Google Cloud TTS<br>Voice: ar-XA-Standard-C,AnkiLangs::AR
art,فنّ,/fann/,[sound:al_ar_xa_art.mp3],Google Cloud TTS<br>Voice: ar-XA-Standard-D,AnkiLangs::AR
August,أغسطس,/ʔaɣustus/,[sound:al_ar_xa_august.mp3],Google Cloud TTS<br>Voice: ar-XA-Standard-C,AnkiLangs::AR
bad,سيّئ,/sajjiʔ/,[sound:al_ar_xa_bad.mp3],Google Cloud TTS<br>Voice: ar-XA-Standard-C,AnkiLangs::AR
beautiful,جميل,/ʤamiːl/,[sound:al_ar_xa_beautiful.mp3],Google Cloud TTS<br>Voice: ar-XA-Standard-C,AnkiLangs::AR
beer,بيرة,/biːra/,[sound:al_ar_xa_beer.mp3],Google Cloud TTS<br>Voice: ar-XA-Standard-C,AnkiLangs::AR
big / large,كبير,/kabiːr/,[sound:al_ar_xa_big_large.mp3],Google Cloud TTS<br>Voice: ar-XA-Standard-C,AnkiLangs::AR
black,أسود,/ʔaswad/,[sound:al_ar_xa_black.mp3],Google Cloud TTS<br>Voice: ar-XA-Standard-D,AnkiLangs::AR
blind,أعمى,/ʔaʕmaː/,[sound:al_ar_xa_blind.mp3],Google Cloud TTS<br>Voice: ar-XA-Standard-C,AnkiLangs::AR
blood,دم,/damm/,[sound:al_ar_xa_blood.mp3],Google Cloud TTS<br>Voice: ar-XA-Standard-C,AnkiLangs::AR
blue,أزرق,/ʔazraq/,[sound:al_ar_xa_blue.mp3],Google Cloud TTS<br>Voice: ar-XA-Standard-C,AnkiLangs::AR
breakfast,فطور,/fatˤuːr/,[sound:al_ar_xa_breakfast.mp3],Google Cloud TTS<br>Voice: ar-XA-Standard-C,AnkiLangs::AR
brown,بنّي,/bunniː/,[sound:al_ar_xa_brown.mp3],Google Cloud TTS<br>Voice: ar-XA-Standard-C,AnkiLangs::AR
cheap,رخيص,/raxiːsˤ/,[sound:al_ar_xa_cheap.mp3],Google Cloud TTS<br>Voice: ar-XA-Standard-C,AnkiLangs::AR
clay,طين,/tˤiːn/,[sound:al_ar_xa_clay.mp3],Google Cloud TTS<br>Voice: ar-XA-Standard-C,AnkiLangs::AR
clean,نظيف,/nadˤiːf/,[sound:al_ar_xa_clean.mp3],Google Cloud TTS<br>Voice: ar-XA-Standard-D,AnkiLangs::AR
coffee,قهوة,/qahwa/,[sound:al_ar_xa_coffee.mp3],Google Cloud TTS<br>Voice: ar-XA-Standard-C,AnkiLangs::AR
cold,بارد,/baːrid/,[sound:al_ar_xa_cold.mp3],Google Cloud TTS<br>Voice: ar-XA-Standard-D,AnkiLangs::AR
cool,بارد,/baːrid/,[sound:al_ar_xa_cool.mp3],Google Cloud TTS<br>Voice: ar-XA-Standard-D,AnkiLangs::AR
copper,نحاس,/nuħaːs/,[sound:al_ar_xa_copper.mp3],Google Cloud TTS<br>Voice: ar-XA-Standard-C,AnkiLangs::AR
curved,منحنٍ,/munħanin/,[sound:al_ar_xa_curved.mp3],Google Cloud TTS<br>Voice: ar-XA-Standard-C,AnkiLangs::AR
dark,مظلم,/mudˤlim/,[sound:al_ar_xa_dark.mp3],Google Cloud TTS<br>Voice: ar-XA-Standard-D,AnkiLangs::AR
dark blue,أزرق داكن,/ʔazraq daːkin/,[sound:al_ar_xa_dark_blue.mp3],Google Cloud TTS<br>Voice: ar-XA-Standard-D,AnkiLangs::AR
dead,ميّت,/majjit/,[sound:al_ar_xa_dead.mp3],Google Cloud TTS<br>Voice: ar-XA-Standard-D,AnkiLangs::AR
deaf,أصمّ,/ʔasˤamm/,[sound:al_ar_xa_deaf.mp3],Google Cloud TTS<br>Voice: ar-XA-Standard-C,AnkiLangs::AR
death,موت,/mawt/,[sound:al_ar_xa_death.mp3],Google Cloud TTS<br>Voice: ar-XA-Standard-C,AnkiLangs::AR
December,ديسمبر,/diːsambir/,[sound:al_ar_xa_december.mp3],Google Cloud TTS<br>Voice: ar-XA-Standard-D,AnkiLangs::AR
deep,عميق,/ʕamiːq/,[sound:al_ar_xa_deep.mp3],Google Cloud TTS<br>Voice: ar-XA-Standard-C,AnkiLangs::AR
diamond,ألماس,/ʔalmaːs/,[sound:al_ar_xa_diamond.mp3],Google Cloud TTS<br>Voice: ar-XA-Standard-C,AnkiLangs::AR
dinner,عشاء,/ʕaʃaːʔ/,[sound:al_ar_xa_dinner.mp3],Google Cloud TTS<br>Voice: ar-XA-Standard-D,AnkiLangs::AR
dirty,وسخ,/wasix/,[sound:al_ar_xa_dirty.mp3],Google Cloud TTS<br>Voice: ar-XA-Standard-C,AnkiLangs::AR
disease,مرض,/maradˤ/,[sound:al_ar_xa_disease.mp3],Google Cloud TTS<br>Voice: ar-XA-Standard-D,AnkiLangs::AR
down,تحت,/taħt/,[sound:al_ar_xa_down.mp3],Google Cloud TTS<br>Voice: ar-XA-Standard-D,AnkiLangs::AR
dry,جاف,/ʤaːff/,[sound:al_ar_xa_dry.mp3],Google Cloud TTS<br>Voice: ar-XA-Standard-D,AnkiLangs::AR
dust,غبار,/ɣubaːr/,[sound:al_ar_xa_dust.mp3],Google Cloud TTS<br>Voice: ar-XA-Standard-C,AnkiLangs::AR
Earth,الأرض,/alʔardˤ/,[sound:al_ar_xa_earth.mp3],Google Cloud TTS<br>Voice: ar-XA-Standard-D,AnkiLangs::AR
eight,ثمانية,/tˤamaːnija/,[sound:al_ar_xa_eight_8.mp3],Google Cloud TTS<br>Voice: ar-XA-Standard-C,AnkiLangs::AR
eighteen,ثمانية عشر,/tˤamaːnijat ʕaʃar/,[sound:al_ar_xa_eighteen_18.mp3],Google Cloud TTS<br>Voice: ar-XA-Standard-D,AnkiLangs::AR
eighty,ثمانون,/tˤamaːnuːn/,[sound:al_ar_xa_eighty_80.mp3],Google Cloud TTS<br>Voice: ar-XA-Standard-C,AnkiLangs::AR
eighty-one,واحد وثمانون,/waːħid wa tˤamaːnuːn/,[sound:al_ar_xa_eighty_one_81.mp3],Google Cloud TTS<br>Voice: ar-XA-Standard-D,AnkiLangs::AR
eighty-two,اثنان وثمانون,/itˤnaːn wa tˤamaːnuːn/,[sound:al_ar_xa_eighty_two_82.mp3],Google Cloud TTS<br>Voice: ar-XA-Standard-D,AnkiLangs::AR
eleven,أحد عشر,/ʔaħada ʕaʃar/,[sound:al_ar_xa_eleven_11.mp3],Google Cloud TTS<br>Voice: ar-XA-Standard-C,AnkiLangs::AR
energy,طاقة,/tˤaːqa/,[sound:al_ar_xa_energy.mp3],Google Cloud TTS<br>Voice: ar-XA-Standard-C,AnkiLangs::AR
exercise,تمرين,/tamriːn/,[sound:al_ar_xa_exercise.mp3],Google Cloud TTS<br>Voice: ar-XA-Standard-C,AnkiLangs::AR
expensive,غالٍ,/ɣaːlin/,[sound:al_ar_xa_expensive.mp3],Google Cloud TTS<br>Voice: ar-XA-Standard-C,AnkiLangs::AR
famous,مشهور,/maʃhuːr/,[sound:al_ar_xa_famous.mp3],Google Cloud TTS<br>Voice: ar-XA-Standard-D,AnkiLangs::AR
fast,سريع,/sariːʕ/,[sound:al_ar_xa_fast.mp3],Google Cloud TTS<br>Voice: ar-XA-Standard-C,AnkiLangs::AR
February,فبراير,/febraːjir/,[sound:al_ar_xa_february.mp3],Google Cloud TTS<br>Voice: ar-XA-Standard-C,AnkiLangs::AR
female,أنثى,/ʔuntˤaː/,[sound:al_ar_xa_female.mp3],Google Cloud TTS<br>Voice: ar-XA-Standard-C,AnkiLangs::AR
fifteen,خمسة عشر,/xamsata ʕaʃar/,[sound:al_ar_xa_fifteen_15.mp3],Google Cloud TTS<br>Voice: ar-XA-Standard-D,AnkiLangs::AR
fifth,الخامس,/alxaːmis/,[sound:al_ar_xa_fifth_5th.mp3],Google Cloud TTS<br>Voice: ar-XA-Standard-D,AnkiLangs::AR
fifty,خمسون,/xamsuːn/,[sound:al_ar_xa_fifty_50.mp3],Google Cloud TTS<br>Voice: ar-XA-Standard-D,AnkiLangs::AR
fifty-one,واحد وخمسون,/waːħid wa xamsuːn/,[sound:al_ar_xa_fifty_one_51.mp3],Google Cloud TTS<br>Voice: ar-XA-Standard-D,AnkiLangs::AR
fifty-two,اثنان وخمسون,/itˤnaːn wa xamsuːn/,[sound:al_ar_xa_fifty_two_52.mp3],Google Cloud TTS<br>Voice: ar-XA-Standard-C,AnkiLangs::AR
first,الأوّل,/alʔawwal/,[sound:al_ar_xa_first_1st.mp3],Google Cloud TTS<br>Voice: ar-XA-Standard-D,AnkiLangs::AR
five,خمسة,/xamsa/,[sound:al_ar_xa_five_5.mp3],Google Cloud TTS<br>Voice: ar-XA-Standard-D,AnkiLangs::AR
flat,مسطّح,/musatˤtˤaħ/,[sound:al_ar_xa_flat.mp3],Google Cloud TTS<br>Voice: ar-XA-Standard-C,AnkiLangs::AR
food,طعام,/tˤaʕaːm/,[sound:al_ar_xa_food.mp3],Google Cloud TTS<br>Voice: ar-XA-Standard-D,AnkiLangs::AR
forty,أربعون,/ʔarbaʕuːn/,[sound:al_ar_xa_forty_40.mp3],Google Cloud TTS<br>Voice: ar-XA-Standard-C,AnkiLangs::AR
forty-one,واحد وأربعون,/waːħid wa ʔarbaʕuːn/,[sound:al_ar_xa_forty_one_41.mp3],Google Cloud TTS<br>Voice: ar-XA-Standard-C,AnkiLangs::AR
forty-two,اثنان وأربعون,/itˤnaːn wa ʔarbaʕuːn/,[sound:al_ar_xa_forty_two_42.mp3],Google Cloud TTS<br>Voice: ar-XA-Standard-C,AnkiLangs::AR
four,أربعة,/ʔarbaʕa/,[sound:al_ar_xa_four_4.mp3],Google Cloud TTS<br>Voice: ar-XA-Standard-C,AnkiLangs::AR
fourteen,أربعة عشر,/ʔarbaʕata ʕaʃar/,[sound:al_ar_xa_fourteen_14.mp3],Google Cloud TTS<br>Voice: ar-XA-Standard-D,AnkiLangs::AR
fourth,الرابع,/arraːbiʕ/,[sound:al_ar_xa_fourth_4th.mp3],Google Cloud TTS<br>Voice: ar-XA-Standard-D,AnkiLangs::AR
Friday,الجمعة,/alʤumʕa/,[sound:al_ar_xa_friday.mp3],Google Cloud TTS<br>Voice: ar-XA-Standard-D,AnkiLangs::AR
glass [material],زجاج,/zuʤaːʤ/,[sound:al_ar_xa_glass.mp3],Google Cloud TTS<br>Voice: ar-XA-Standard-C,AnkiLangs::AR
God,الله,/allaːh/,[sound:al_ar_xa_god.mp3],Google Cloud TTS<br>Voice: ar-XA-Standard-D,AnkiLangs::AR
gold,ذهب,/ðahab/,[sound:al_ar_xa_gold.mp3],Google Cloud TTS<br>Voice: ar-XA-Standard-C,AnkiLangs::AR
good,جيّد,/ʤajjid/,[sound:al_ar_xa_good.mp3],Google Cloud TTS<br>Voice: ar-XA-Standard-C,AnkiLangs::AR
gray,رمادي,/ramaːdiː/,[sound:al_ar_xa_gray.mp3],Google Cloud TTS<br>Voice: ar-XA-Standard-C,AnkiLangs::AR
green,أخضر,/ʔaxdˤar/,[sound:al_ar_xa_green.mp3],Google Cloud TTS<br>Voice: ar-XA-Standard-D,AnkiLangs::AR
happy,سعيد,/saʕiːd/,[sound:al_ar_xa_happy.mp3],Google Cloud TTS<br>Voice: ar-XA-Standard-D,AnkiLangs::AR
hard,صعب,/sˤaʕb/,[sound:al_ar_xa_hard.mp3],Google Cloud TTS<br>Voice: ar-XA-Standard-D,AnkiLangs::AR
he,هو,/huwa/,[sound:al_ar_xa_he.mp3],Google Cloud TTS<br>Voice: ar-XA-Standard-C,AnkiLangs::AR
healthy,صحّي,/sˤiħħiː/,[sound:al_ar_xa_healthy.mp3],Google Cloud TTS<br>Voice: ar-XA-Standard-C,AnkiLangs::AR
heaven,الجنّة,/alʤanna/,[sound:al_ar_xa_heaven.mp3],Google Cloud TTS<br>Voice: ar-XA-Standard-D,AnkiLangs::AR
heavy,ثقيل,/tˤaqiːl/,[sound:al_ar_xa_heavy.mp3],Google Cloud TTS<br>Voice: ar-XA-Standard-C,AnkiLangs::AR
hell,جهنّم,/ʤahannam/,[sound:al_ar_xa_hell.mp3],Google Cloud TTS<br>Voice: ar-XA-Standard-D,AnkiLangs::AR
high,عالٍ,/ʕaːlin/,[sound:al_ar_xa_high.mp3],Google Cloud TTS<br>Voice: ar-XA-Standard-D,AnkiLangs::AR
hot,حارّ,/ħaːrr/,[sound:al_ar_xa_hot.mp3],Google Cloud TTS<br>Voice: ar-XA-Standard-D,AnkiLangs::AR
I,أنا,/ʔanaː/,[sound:al_ar_xa_i.mp3],Google Cloud TTS<br>Voice: ar-XA-Standard-C,AnkiLangs::AR
it,هو,/huwa/,[sound:al_ar_xa_it.mp3],Google Cloud TTS<br>Voice: ar-XA-Standard-D,AnkiLangs::AR
January,يناير,/janaːjir/,[sound:al_ar_xa_january.mp3],Google Cloud TTS<br>Voice: ar-XA-Standard-C,AnkiLangs::AR
juice,عصير,/ʕasˤiːr/,[sound:al_ar_xa_juice.mp3],Google Cloud TTS<br>Voice: ar-XA-Standard-C,AnkiLangs::AR
July,يوليو,/juːljaː/,[sound:al_ar_xa_july.mp3],Google Cloud TTS<br>Voice: ar-XA-Standard-D,AnkiLangs::AR
June,يونيو,/juːnjaː/,[sound:al_ar_xa_june.mp3],Google Cloud TTS<br>Voice: ar-XA-Standard-D,AnkiLangs::AR
left,يسار,/jasaːr/,[sound:al_ar_xa_left.mp3],Google Cloud TTS<br>Voice: ar-XA-Standard-D,AnkiLangs::AR
"light [opposite of ""dark""]",فاتح,/faːtiħ/,[sound:al_ar_xa_light_opposite_of_dark.mp3],Google Cloud TTS<br>Voice: ar-XA-Standard-D,AnkiLangs::AR
"light [opposite of ""heavy""]",خفيف,/xafiːf/,[sound:al_ar_xa_light_opposite_of_heavy.mp3],Google Cloud TTS<br>Voice: ar-XA-Standard-C,AnkiLangs::AR
light blue,أزرق فاتح,/ʔazraq faːtiħ/,[sound:al_ar_xa_light_blue.mp3],Google Cloud TTS<br>Voice: ar-XA-Standard-C,AnkiLangs::AR
long,طويل,/tˤawiːl/,[sound:al_ar_xa_long.mp3],Google Cloud TTS<br>Voice: ar-XA-Standard-D,AnkiLangs::AR
loose,فضفاض,/fadˤfaːdˤ/,[sound:al_ar_xa_loose.mp3],Google Cloud TTS<br>Voice: ar-XA-Standard-C,AnkiLangs::AR
loud,عالٍ,/ʕaːlin/,[sound:al_ar_xa_loud.mp3],Google Cloud TTS<br>Voice: ar-XA-Standard-C,AnkiLangs::AR
low,منخفض,/munxafidˤ/,[sound:al_ar_xa_low.mp3],Google Cloud TTS<br>Voice: ar-XA-Standard-C,AnkiLangs::AR
lunch,غداء,/ɣadaːʔ/,[sound:al_ar_xa_lunch.mp3],Google Cloud TTS<br>Voice: ar-XA-Standard-C,AnkiLangs::AR
male,ذكر,/ðakar/,[sound:al_ar_xa_male.mp3],Google Cloud TTS<br>Voice: ar-XA-Standard-C,AnkiLangs::AR
March,مارس,/maːris/,[sound:al_ar_xa_march.mp3],Google Cloud TTS<br>Voice: ar-XA-Standard-D,AnkiLangs::AR
marriage,زواج,/zawaːʤ/,[sound:al_ar_xa_marriage.mp3],Google Cloud TTS<br>Voice: ar-XA-Standard-C,AnkiLangs::AR
material,مادّة,/maːdda/,[sound:al_ar_xa_material.mp3],Google Cloud TTS<br>Voice: ar-XA-Standard-D,AnkiLangs::AR
May,مايو,/maːjaː/,[sound:al_ar_xa_may.mp3],Google Cloud TTS<br>Voice: ar-XA-Standard-D,AnkiLangs::AR
mean,لئيم,/laʔiːm/,[sound:al_ar_xa_mean.mp3],Google Cloud TTS<br>Voice: ar-XA-Standard-D,AnkiLangs::AR
medicine,دواء,/dawaːʔ/,[sound:al_ar_xa_medicine.mp3],Google Cloud TTS<br>Voice: ar-XA-Standard-D,AnkiLangs::AR
metal,معدن,/maʕdin/,[sound:al_ar_xa_metal.mp3],Google Cloud TTS<br>Voice: ar-XA-Standard-C,AnkiLangs::AR
milk,حليب,/ħaliːb/,[sound:al_ar_xa_milk.mp3],Google Cloud TTS<br>Voice: ar-XA-Standard-C,AnkiLangs::AR
Monday,الاثنين,/alʔitˤnajn/,[sound:al_ar_xa_monday.mp3],Google Cloud TTS<br>Voice: ar-XA-Standard-D,AnkiLangs::AR
money,مال,/maːl/,[sound:al_ar_xa_money.mp3],Google Cloud TTS<br>Voice: ar-XA-Standard-D,AnkiLangs::AR
murder,قتل,/qatl/,[sound:al_ar_xa_murder.mp3],Google Cloud TTS<br>Voice: ar-XA-Standard-C,AnkiLangs::AR
music,موسيقى,/muːsiːqaː/,[sound:al_ar_xa_music.mp3],Google Cloud TTS<br>Voice: ar-XA-Standard-D,AnkiLangs::AR
narrow,ضيّق,/dˤajjiq/,[sound:al_ar_xa_narrow.mp3],Google Cloud TTS<br>Voice: ar-XA-Standard-D,AnkiLangs::AR
nature,طبيعة,/tˤabiːʕa/,[sound:al_ar_xa_nature.mp3],Google Cloud TTS<br>Voice: ar-XA-Standard-C,AnkiLangs::AR
new,جديد,/ʤadiːd/,[sound:al_ar_xa_new.mp3],Google Cloud TTS<br>Voice: ar-XA-Standard-D,AnkiLangs::AR
nice,لطيف,/latˤiːf/,[sound:al_ar_xa_nice.mp3],Google Cloud TTS<br>Voice: ar-XA-Standard-C,AnkiLangs::AR
nine,تسعة,/tisʕa/,[sound:al_ar_xa_nine_9.mp3],Google Cloud TTS<br>Voice: ar-XA-Standard-D,AnkiLangs::AR
nineteen,تسعة عشر,/tisʕata ʕaʃar/,[sound:al_ar_xa_nineteen_19.mp3],Google Cloud TTS<br>Voice: ar-XA-Standard-C,AnkiLangs::AR
ninety,تسعون,/tisʕuːn/,[sound:al_ar_xa_ninety_90.mp3],Google Cloud TTS<br>Voice: ar-XA-Standard-C,AnkiLangs::AR
ninety-one,واحد وتسعون,/waːħid wa tisʕuːn/,[sound:al_ar_xa_ninety_one_91.mp3],Google Cloud TTS<br>Voice: ar-XA-Standard-D,AnkiLangs::AR
ninety-two,اثنان وتسعون,/itˤnaːn wa tisʕuːn/,[sound:al_ar_xa_ninety_two_92.mp3],Google Cloud TTS<br>Voice: ar-XA-Standard-C,AnkiLangs::AR
no,لا,/laː/,[sound:al_ar_xa_no.mp3],Google Cloud TTS<br>Voice: ar-XA-Standard-C,AnkiLangs::AR
November,نوفمبر,/nuːfambir/,[sound:al_ar_xa_november.mp3],Google Cloud TTS<br>Voice: ar-XA-Standard-D,AnkiLangs::AR
nuclear,نووي,/nawawiː/,[sound:al_ar_xa_nuclear.mp3],Google Cloud TTS<br>Voice: ar-XA-Standard-C,AnkiLangs::AR
October,أكتوبر,/ʔuktuːbir/,[sound:al_ar_xa_october.mp3],Google Cloud TTS<br>Voice: ar-XA-Standard-C,AnkiLangs::AR
oil,زيت,/zajt/,[sound:al_ar_xa_oil.mp3],Google Cloud TTS<br>Voice: ar-XA-Standard-D,AnkiLangs::AR
"old [opposite of ""new""]",قديم,/qadiːm/,[sound:al_ar_xa_old_opposite_of_new.mp3],Google Cloud TTS<br>Voice: ar-XA-Standard-D,AnkiLangs::AR
"old [opposite of ""young""]",عجوز,/ʕaʤuːz/,[sound:al_ar_xa_old_opposite_of_young.mp3],Google Cloud TTS<br>Voice: ar-XA-Standard-C,AnkiLangs::AR
one,واحد,/waːħid/,[sound:al_ar_xa_one_1.mp3],Google Cloud TTS<br>Voice: ar-XA-Standard-C,AnkiLangs::AR
one billion,مليار,/miljaːr/,[sound:al_ar_xa_one_billion_1_000_000_000.mp3],Google Cloud TTS<br>Voice: ar-XA-Standard-D,AnkiLangs::AR
one hundred,مئة,/miʔa/,[sound:al_ar_xa_one_hundred_100.mp3],Google Cloud TTS<br>Voice: ar-XA-Standard-D,AnkiLangs::AR
one hundred eleven,مئة وأحد عشر,/miʔa wa ʔaħada ʕaʃar/,[sound:al_ar_xa_one_hundred_eleven_111.mp3],Google Cloud TTS<br>Voice: ar-XA-Standard-C,AnkiLangs::AR
one hundred one,مئة وواحد,/miʔa wa waːħid/,[sound:al_ar_xa_one_hundred_one_101.mp3],Google Cloud TTS<br>Voice: ar-XA-Standard-C,AnkiLangs::AR
one hundred ten,مئة وعشرة,/miʔa wa ʕaʃara/,[sound:al_ar_xa_one_hundred_ten_110.mp3],Google Cloud TTS<br>Voice: ar-XA-Standard-C,AnkiLangs::AR
one hundred thousand,مئة ألف,/miʔat ʔalf/,[sound:al_ar_xa_one_hundred_thousand_100_000.mp3],Google Cloud TTS<br>Voice: ar-XA-Standard-C,AnkiLangs::AR
one hundred two,مئة واثنان,/miʔa wa tˤnaːn/,[sound:al_ar_xa_one_hundred_two_102.mp3],Google Cloud TTS<br>Voice: ar-XA-Standard-C,AnkiLangs::AR
one million,مليون,/miljuːn/,[sound:al_ar_xa_one_million_1_000_000.mp3],Google Cloud TTS<br>Voice: ar-XA-Standard-D,AnkiLangs::AR
one thousand,ألف,/ʔalf/,[sound:al_ar_xa_one_thousand_1000.mp3],Google Cloud TTS<br>Voice: ar-XA-Standard-C,AnkiLangs::AR
one thousand one,ألف وواحد,/ʔalf wa waːħid/,[sound:al_ar_xa_one_thousand_one_1001.mp3],Google Cloud TTS<br>Voice: ar-XA-Standard-C,AnkiLangs::AR
orange,برتقالي,/burtuqaːliː/,[sound:al_ar_xa_orange.mp3],Google Cloud TTS<br>Voice: ar-XA-Standard-C,AnkiLangs::AR
pain,ألم,/ʔalam/,[sound:al_ar_xa_pain.mp3],Google Cloud TTS<br>Voice: ar-XA-Standard-D,AnkiLangs::AR
peace,سلام,/salaːm/,[sound:al_ar_xa_peace.mp3],Google Cloud TTS<br>Voice: ar-XA-Standard-C,AnkiLangs::AR
pink,زهري,/zahriː/,[sound:al_ar_xa_pink.mp3],Google Cloud TTS<br>Voice: ar-XA-Standard-D,AnkiLangs::AR
plastic,بلاستيك,/blaːstiːk/,[sound:al_ar_xa_plastic.mp3],Google Cloud TTS<br>Voice: ar-XA-Standard-D,AnkiLangs::AR
poison,سمّ,/samm/,[sound:al_ar_xa_poison.mp3],Google Cloud TTS<br>Voice: ar-XA-Standard-C,AnkiLangs::AR
poor,فقير,/faqiːr/,[sound:al_ar_xa_poor.mp3],Google Cloud TTS<br>Voice: ar-XA-Standard-C,AnkiLangs::AR
prison,سجن,/siʤn/,[sound:al_ar_xa_prison.mp3],Google Cloud TTS<br>Voice: ar-XA-Standard-D,AnkiLangs::AR
quiet,هادئ,/haːdiʔ/,[sound:al_ar_xa_quiet.mp3],Google Cloud TTS<br>Voice: ar-XA-Standard-D,AnkiLangs::AR
race [human group],عرق,/ʕirq/,[sound:al_ar_xa_race_ethnicity.mp3],Google Cloud TTS<br>Voice: ar-XA-Standard-D,AnkiLangs::AR
race [sport],سباق,/sibaːq/,[sound:al_ar_xa_race_sport.mp3],Google Cloud TTS<br>Voice: ar-XA-Standard-D,AnkiLangs::AR
red,أحمر,/ʔaħmar/,[sound:al_ar_xa_red.mp3],Google Cloud TTS<br>Voice: ar-XA-Standard-D,AnkiLangs::AR
relationship,علاقة,/ʕalaːqa/,[sound:al_ar_xa_relationship.mp3],Google Cloud TTS<br>Voice: ar-XA-Standard-C,AnkiLangs::AR
religion,دين,/diːn/,[sound:al_ar_xa_religion.mp3],Google Cloud TTS<br>Voice: ar-XA-Standard-C,AnkiLangs::AR
rice,أرز,/ʔaruzz/,[sound:al_ar_xa_rice.mp3],Google Cloud TTS<br>Voice: ar-XA-Standard-C,AnkiLangs::AR
rich,غني,/ɣaniː/,[sound:al_ar_xa_rich.mp3],Google Cloud TTS<br>Voice: ar-XA-Standard-C,AnkiLangs::AR
right [direction],يمين,/jamiːn/,[sound:al_ar_xa_right.mp3],Google Cloud TTS<br>Voice: ar-XA-Standard-D,AnkiLangs::AR
sad,حزين,/ħaziːn/,[sound:al_ar_xa_sad.mp3],Google Cloud TTS<br>Voice: ar-XA-Standard-C,AnkiLangs::AR
salt,ملح,/milħ/,[sound:al_ar_xa_salt.mp3],Google Cloud TTS<br>Voice: ar-XA-Standard-C,AnkiLangs::AR
Saturday,السبت,/assabt/,[sound:al_ar_xa_saturday.mp3],Google Cloud TTS<br>Voice: ar-XA-Standard-C,AnkiLangs::AR
science,علم,/ʕilm/,[sound:al_ar_xa_science.mp3],Google Cloud TTS<br>Voice: ar-XA-Standard-C,AnkiLangs::AR
second,الثاني,/atˤtˤaːniː/,[sound:al_ar_xa_second_2nd.mp3],Google Cloud TTS<br>Voice: ar-XA-Standard-C,AnkiLangs::AR
September,سبتمبر,/sibtambir/,[sound:al_ar_xa_september.mp3],Google Cloud TTS<br>Voice: ar-XA-Standard-C,AnkiLangs::AR
seven,سبعة,/sabʕa/,[sound:al_ar_xa_seven_7.mp3],Google Cloud TTS<br>Voice: ar-XA-Standard-C,AnkiLangs::AR
seventeen,سبعة عشر,/sabʕata ʕaʃar/,[sound:al_ar_xa_seventeen_17.mp3],Google Cloud TTS<br>Voice: ar-XA-Standard-C,AnkiLangs::AR
seventy,سبعون,/sabʕuːn/,[sound:al_ar_xa_seventy_70.mp3],Google Cloud TTS<br>Voice: ar-XA-Standard-C,AnkiLangs::AR
seventy-one,واحد وسبعون,/waːħid wa sabʕuːn/,[sound:al_ar_xa_seventy_one_71.mp3],Google Cloud TTS<br>Voice: ar-XA-Standard-D,AnkiLangs::AR
seventy-two,اثنان وسبعون,/itˤnaːn wa sabʕuːn/,[sound:al_ar_xa_seventy_two_72.mp3],Google Cloud TTS<br>Voice: ar-XA-Standard-C,AnkiLangs::AR
sex [gender],جنس,/ʤins/,[sound:al_ar_xa_sex_gender.mp3],Google Cloud TTS<br>Voice: ar-XA-Standard-C,AnkiLangs::AR
sex [the act],جنس,/ʤins/,[sound:al_ar_xa_sex_the_act.mp3],Google Cloud TTS<br>Voice: ar-XA-Standard-D,AnkiLangs::AR
shallow,ضحل,/dˤaħl/,[sound:al_ar_xa_shallow.mp3],Google Cloud TTS<br>Voice: ar-XA-Standard-D,AnkiLangs::AR
she,هي,/hija/,[sound:al_ar_xa_she.mp3],Google Cloud TTS<br>Voice: ar-XA-Standard-C,AnkiLangs::AR
"short [opposite of ""long""]",قصير,/qasˤiːr/,[sound:al_ar_xa_short_opposite_of_long.mp3],Google Cloud TTS<br>Voice: ar-XA-Standard-C,AnkiLangs::AR
"short [opposite of ""tall""]",قصير,/qasˤiːr/,[sound:al_ar_xa_short_opposite_of_tall.mp3],Google Cloud TTS<br>Voice: ar-XA-Standard-D,AnkiLangs::AR
sick,مريض,/mariːdˤ/,[sound:al_ar_xa_sick.mp3],Google Cloud TTS<br>Voice: ar-XA-Standard-C,AnkiLangs::AR
silver,فضّة,/fidˤdˤa/,[sound:al_ar_xa_silver.mp3],Google Cloud TTS<br>Voice: ar-XA-Standard-D,AnkiLangs::AR
six,ستّة,/sitta/,[sound:al_ar_xa_six_6.mp3],Google Cloud TTS<br>Voice: ar-XA-Standard-D,AnkiLangs::AR
sixteen,ستّة عشر,/sittata ʕaʃar/,[sound:al_ar_xa_sixteen_16.mp3],Google Cloud TTS<br>Voice: ar-XA-Standard-C,AnkiLangs::AR
sixty,ستّون,/sittuːn/,[sound:al_ar_xa_sixty_60.mp3],Google Cloud TTS<br>Voice: ar-XA-Standard-C,AnkiLangs::AR
sixty-one,واحد وستّون,/waːħid wa sittuːn/,[sound:al_ar_xa_sixty_one_61.mp3],Google Cloud TTS<br>Voice: ar-XA-Standard-C,AnkiLangs::AR
sixty-two,اثنان وستّون,/itˤnaːn wa sittuːn/,[sound:al_ar_xa_sixty_two_62.mp3],Google Cloud TTS<br>Voice: ar-XA-Standard-D,AnkiLangs::AR
slow,بطيء,/batˤiːʔ/,[sound:al_ar_xa_slow.mp3],Google Cloud TTS<br>Voice: ar-XA-Standard-D,AnkiLangs::AR
small / little,صغير,/sˤaɣiːr/,[sound:al_ar_xa_small_little.mp3],Google Cloud TTS<br>Voice: ar-XA-Standard-D,AnkiLangs::AR
soft,ناعم,/naːʕim/,[sound:al_ar_xa_soft.mp3],Google Cloud TTS<br>Voice: ar-XA-Standard-D,AnkiLangs::AR
soil/earth [ground],تربة,/turba/,[sound:al_ar_xa_soil_earth_ground.mp3],Google Cloud TTS<br>Voice: ar-XA-Standard-D,AnkiLangs::AR
space,الفضاء,/alfadˤaːʔ/,[sound:al_ar_xa_space_outer_space.mp3],Google Cloud TTS<br>Voice: ar-XA-Standard-C,AnkiLangs::AR
sport,رياضة,/rijaːdˤa/,[sound:al_ar_xa_sport.mp3],Google Cloud TTS<br>Voice: ar-XA-Standard-C,AnkiLangs::AR
stone,حجر,/ħaʤar/,[sound:al_ar_xa_stone.mp3],Google Cloud TTS<br>Voice: ar-XA-Standard-C,AnkiLangs::AR
straight,مستقيم,/mustaqiːm/,[sound:al_ar_xa_straight.mp3],Google Cloud TTS<br>Voice: ar-XA-Standard-D,AnkiLangs::AR
strong,قوي,/qawiː/,[sound:al_ar_xa_strong.mp3],Google Cloud TTS<br>Voice: ar-XA-Standard-D,AnkiLangs::AR
sugar,سكّر,/sukkar/,[sound:al_ar_xa_sugar.mp3],Google Cloud TTS<br>Voice: ar-XA-Standard-C,AnkiLangs::AR
Sunday,الأحد,/alʔaħad/,[sound:al_ar_xa_sunday.mp3],Google Cloud TTS<br>Voice: ar-XA-Standard-C,AnkiLangs::AR
sweat,عرق,/ʕaraq/,[sound:al_ar_xa_sweat.mp3],Google Cloud TTS<br>Voice: ar-XA-Standard-C,AnkiLangs::AR
tall,طويل,/tˤawiːl/,[sound:al_ar_xa_tall.mp3],Google Cloud TTS<br>Voice: ar-XA-Standard-C,AnkiLangs::AR
tea,شاي,/ʃaːj/,[sound:al_ar_xa_tea.mp3],Google Cloud TTS<br>Voice: ar-XA-Standard-D,AnkiLangs::AR
technology,تكنولوجيا,/taknoːloːʤjaː/,[sound:al_ar_xa_technology.mp3],Google Cloud TTS<br>Voice: ar-XA-Standard-C,AnkiLangs::AR
temperature,درجة حرارة,/daraʤat ħaraːra/,[sound:al_ar_xa_temperature.mp3],Google Cloud TTS<br>Voice: ar-XA-Standard-D,AnkiLangs::AR
ten,عشرة,/ʕaʃara/,[sound:al_ar_xa_ten_10.mp3],Google Cloud TTS<br>Voice: ar-XA-Standard-C,AnkiLangs::AR
ten thousand,عشرة آلاف,/ʕaʃarat ʔaːlaːf/,[sound:al_ar_xa_ten_thousand_10_000.mp3],Google Cloud TTS<br>Voice: ar-XA-Standard-D,AnkiLangs::AR
the actor,الممثّل,/almumattˤil/,[sound:al_ar_xa_the_actor.mp3],Google Cloud TTS<br>Voice: ar-XA-Standard-C,AnkiLangs::AR
the adjective,الصفة,/asˤsˤifa/,[sound:al_ar_xa_the_adjective.mp3],Google Cloud TTS<br>Voice: ar-XA-Standard-C,AnkiLangs::AR
the adult,البالغ,/albaaːliɣ/,[sound:al_ar_xa_the_adult.mp3],Google Cloud TTS<br>Voice: ar-XA-Standard-D,AnkiLangs::AR
the afternoon,بعد الظهر,/baʕda dˤdˤuhr/,[sound:al_ar_xa_the_afternoon.mp3],Google Cloud TTS<br>Voice: ar-XA-Standard-C,AnkiLangs::AR
the air,الهواء,/alhawaːʔ/,[sound:al_ar_xa_the_air.mp3],Google Cloud TTS<br>Voice: ar-XA-Standard-C,AnkiLangs::AR
the airport,المطار,/almatˤaːr/,[sound:al_ar_xa_the_airport.mp3],Google Cloud TTS<br>Voice: ar-XA-Standard-C,AnkiLangs::AR
the animal,الحيوان,/alħajawaːn/,[sound:al_ar_xa_the_animal.mp3],Google Cloud TTS<br>Voice: ar-XA-Standard-C,AnkiLangs::AR
the apartment,الشقّة,/aʃʃaqqa/,[sound:al_ar_xa_the_apartment.mp3],Google Cloud TTS<br>Voice: ar-XA-Standard-C,AnkiLangs::AR
the apple,التفّاحة,/attuffaːħa/,[sound:al_ar_xa_the_apple.mp3],Google Cloud TTS<br>Voice: ar-XA-Standard-C,AnkiLangs::AR
the arm,الذراع,/aððiraːʕ/,[sound:al_ar_xa_the_arm.mp3],Google Cloud TTS<br>Voice: ar-XA-Standard-D,AnkiLangs::AR
the army,الجيش,/alʤajʃ/,[sound:al_ar_xa_the_army.mp3],Google Cloud TTS<br>Voice: ar-XA-Standard-D,AnkiLangs::AR
the artist,الفنّان,/alfannaːn/,[sound:al_ar_xa_the_artist.mp3],Google Cloud TTS<br>Voice: ar-XA-Standard-D,AnkiLangs::AR
the attack,الهجوم,/alhuʤuːm/,[sound:al_ar_xa_the_attack.mp3],Google Cloud TTS<br>Voice: ar-XA-Standard-C,AnkiLangs::AR
the author,المؤلّف,/almuʔallif/,[sound:al_ar_xa_the_author.mp3],Google Cloud TTS<br>Voice: ar-XA-Standard-D,AnkiLangs::AR
the baby,الرضيع,/arradˤiːʕ/,[sound:al_ar_xa_the_baby.mp3],Google Cloud TTS<br>Voice: ar-XA-Standard-C,AnkiLangs::AR
the back [anatomy],الظهر,/adˤdˤahr/,[sound:al_ar_xa_the_back_anatomy.mp3],Google Cloud TTS<br>Voice: ar-XA-Standard-C,AnkiLangs::AR
the back [location],الخلف,/alxalf/,[sound:al_ar_xa_the_back_location.mp3],Google Cloud TTS<br>Voice: ar-XA-Standard-D,AnkiLangs::AR
the bag,الحقيبة,/alħaqiːba/,[sound:al_ar_xa_the_bag.mp3],Google Cloud TTS<br>Voice: ar-XA-Standard-C,AnkiLangs::AR
the ball,الكرة,/alkura/,[sound:al_ar_xa_the_ball.mp3],Google Cloud TTS<br>Voice: ar-XA-Standard-D,AnkiLangs::AR
the banana,الموز,/almawz/,[sound:al_ar_xa_the_banana.mp3],Google Cloud TTS<br>Voice: ar-XA-Standard-D,AnkiLangs::AR
the band [music],الفرقة,/alfirqa/,[sound:al_ar_xa_the_band_music.mp3],Google Cloud TTS<br>Voice: ar-XA-Standard-D,AnkiLangs::AR
the bank,البنك,/albank/,[sound:al_ar_xa_the_bank.mp3],Google Cloud TTS<br>Voice: ar-XA-Standard-D,AnkiLangs::AR
the bar,الحانة,/alħaːna/,[sound:al_ar_xa_the_bar.mp3],Google Cloud TTS<br>Voice: ar-XA-Standard-D,AnkiLangs::AR
the bathroom,الحمّام,/alħammaːm/,[sound:al_ar_xa_the_bathroom.mp3],Google Cloud TTS<br>Voice: ar-XA-Standard-D,AnkiLangs::AR
the beach,الشاطئ,/aʃʃaːtˤiʔ/,[sound:al_ar_xa_the_beach.mp3],Google Cloud TTS<br>Voice: ar-XA-Standard-C,AnkiLangs::AR
the beard,اللحية,/alliħja/,[sound:al_ar_xa_the_beard.mp3],Google Cloud TTS<br>Voice: ar-XA-Standard-C,AnkiLangs::AR
the bed,السرير,/assariːr/,[sound:al_ar_xa_the_bed.mp3],Google Cloud TTS<br>Voice: ar-XA-Standard-D,AnkiLangs::AR
the bedroom,غرفة النوم,/ɣurfat annawm/,[sound:al_ar_xa_the_bedroom.mp3],Google Cloud TTS<br>Voice: ar-XA-Standard-C,AnkiLangs::AR
the beef,لحم البقر,/laħm albaqar/,[sound:al_ar_xa_the_beef.mp3],Google Cloud TTS<br>Voice: ar-XA-Standard-C,AnkiLangs::AR
the beverage,المشروب,/almaʃruːb/,[sound:al_ar_xa_the_beverage.mp3],Google Cloud TTS<br>Voice: ar-XA-Standard-C,AnkiLangs::AR
the bicycle,الدرّاجة,/addarraːʤa/,[sound:al_ar_xa_the_bicycle.mp3],Google Cloud TTS<br>Voice: ar-XA-Standard-D,AnkiLangs::AR
the bill [bank note],الورقة النقديّة,/alwaraqa annaqdiːja/,[sound:al_ar_xa_the_bill_bank_note.mp3],Google Cloud TTS<br>Voice: ar-XA-Standard-C,AnkiLangs::AR
the bird,الطائر,/attˤaːʔir/,[sound:al_ar_xa_the_bird.mp3],Google Cloud TTS<br>Voice: ar-XA-Standard-C,AnkiLangs::AR
the boat,القارب,/alqaːrib/,[sound:al_ar_xa_the_boat.mp3],Google Cloud TTS<br>Voice: ar-XA-Standard-D,AnkiLangs::AR
the body,الجسم,/alʤism/,[sound:al_ar_xa_the_body.mp3],Google Cloud TTS<br>Voice: ar-XA-Standard-C,AnkiLangs::AR
the bone,العظم,/alʕadˤm/,[sound:al_ar_xa_the_bone.mp3],Google Cloud TTS<br>Voice: ar-XA-Standard-C,AnkiLangs::AR
the book,الكتاب,/alkitaːb/,[sound:al_ar_xa_the_book.mp3],Google Cloud TTS<br>Voice: ar-XA-Standard-C,AnkiLangs::AR
the bottle,الزجاجة,/azzuʤaːʤa/,[sound:al_ar_xa_the_bottle.mp3],Google Cloud TTS<br>Voice: ar-XA-Standard-C,AnkiLangs::AR
the bottom,القاع,/alqaːʕ/,[sound:al_ar_xa_the_bottom.mp3],Google Cloud TTS<br>Voice: ar-XA-Standard-C,AnkiLangs::AR
the box,الصندوق,/asˤsˤunduːq/,[sound:al_ar_xa_the_box.mp3],Google Cloud TTS<br>Voice: ar-XA-Standard-C,AnkiLangs::AR
the boy,الصبي,/asˤsˤabiː/,[sound:al_ar_xa_the_boy.mp3],Google Cloud TTS<br>Voice: ar-XA-Standard-C,AnkiLangs::AR
the brain,الدماغ,/addimaːɣ/,[sound:al_ar_xa_the_brain.mp3],Google Cloud TTS<br>Voice: ar-XA-Standard-D,AnkiLangs::AR
the bread,الخبز,/alxubz/,[sound:al_ar_xa_the_bread.mp3],Google Cloud TTS<br>Voice: ar-XA-Standard-C,AnkiLangs::AR
the bridge,الجسر,/alʤisr/,[sound:al_ar_xa_the_bridge.mp3],Google Cloud TTS<br>Voice: ar-XA-Standard-C,AnkiLangs::AR
the brother,الأخ,/alʔax/,[sound:al_ar_xa_the_brother.mp3],Google Cloud TTS<br>Voice: ar-XA-Standard-C,AnkiLangs::AR
the building,المبنى,/almabnaː/,[sound:al_ar_xa_the_building.mp3],Google Cloud TTS<br>Voice: ar-XA-Standard-C,AnkiLangs::AR
the bus,الحافلة,/alħaːfila/,[sound:al_ar_xa_the_bus.mp3],Google Cloud TTS<br>Voice: ar-XA-Standard-D,AnkiLangs::AR
the cake,الكعكة,/alkaʕka/,[sound:al_ar_xa_the_cake.mp3],Google Cloud TTS<br>Voice: ar-XA-Standard-D,AnkiLangs::AR
the camera,الكاميرا,/alkaːmiːraː/,[sound:al_ar_xa_the_camera.mp3],Google Cloud TTS<br>Voice: ar-XA-Standard-D,AnkiLangs::AR
the camp,المخيّم,/almuxajjam/,[sound:al_ar_xa_the_camp.mp3],Google Cloud TTS<br>Voice: ar-XA-Standard-C,AnkiLangs::AR
the car,السيّارة,/assajjaːra/,[sound:al_ar_xa_the_car.mp3],Google Cloud TTS<br>Voice: ar-XA-Standard-D,AnkiLangs::AR
the card,البطاقة,/albitˤaːqa/,[sound:al_ar_xa_the_card.mp3],Google Cloud TTS<br>Voice: ar-XA-Standard-C,AnkiLangs::AR
the cat,القطّة,/alqitˤtˤa/,[sound:al_ar_xa_the_cat.mp3],Google Cloud TTS<br>Voice: ar-XA-Standard-D,AnkiLangs::AR
the ceiling,السقف,/assaqf/,[sound:al_ar_xa_the_ceiling.mp3],Google Cloud TTS<br>Voice: ar-XA-Standard-D,AnkiLangs::AR
the cell phone,الهاتف المحمول,/alhaːtif almaħmuːl/,[sound:al_ar_xa_the_cell_phone.mp3],Google Cloud TTS<br>Voice: ar-XA-Standard-C,AnkiLangs::AR
the centimeter,السنتيمتر,/assintimiːtr/,[sound:al_ar_xa_the_centimeter.mp3],Google Cloud TTS<br>Voice: ar-XA-Standard-D,AnkiLangs::AR
the chair,الكرسي,/alkursiː/,[sound:al_ar_xa_the_chair.mp3],Google Cloud TTS<br>Voice: ar-XA-Standard-D,AnkiLangs::AR
the cheese,الجبن,/alʤubn/,[sound:al_ar_xa_the_cheese.mp3],Google Cloud TTS<br>Voice: ar-XA-Standard-D,AnkiLangs::AR
the chicken,الدجاج,/addaʤaːʤ/,[sound:al_ar_xa_the_chicken.mp3],Google Cloud TTS<br>Voice: ar-XA-Standard-C,AnkiLangs::AR
the child,الطفل,/attˤifl/,[sound:al_ar_xa_the_child.mp3],Google Cloud TTS<br>Voice: ar-XA-Standard-C,AnkiLangs::AR
the church,الكنيسة,/alkaniːsa/,[sound:al_ar_xa_the_church.mp3],Google Cloud TTS<br>Voice: ar-XA-Standard-D,AnkiLangs::AR
the circle,الدائرة,/addaːʔira/,[sound:al_ar_xa_the_circle.mp3],Google Cloud TTS<br>Voice: ar-XA-Standard-C,AnkiLangs::AR
the city,المدينة,/almadiːna/,[sound:al_ar_xa_the_city.mp3],Google Cloud TTS<br>Voice: ar-XA-Standard-C,AnkiLangs::AR
the clock,الساعة,/assaːʕa/,[sound:al_ar_xa_the_clock.mp3],Google Cloud TTS<br>Voice: ar-XA-Standard-C,AnkiLangs::AR
the clothing,الملابس,/almalaːbis/,[sound:al_ar_xa_the_clothing.mp3],Google Cloud TTS<br>Voice: ar-XA-Standard-D,AnkiLangs::AR
the club,النادي,/annaːdiː/,[sound:al_ar_xa_the_club.mp3],Google Cloud TTS<br>Voice: ar-XA-Standard-C,AnkiLangs::AR
the coat,المعطف,/almiʕtˤaf/,[sound:al_ar_xa_the_coat.mp3],Google Cloud TTS<br>Voice: ar-XA-Standard-D,AnkiLangs::AR
the color,اللون,/allawn/,[sound:al_ar_xa_the_color.mp3],Google Cloud TTS<br>Voice: ar-XA-Standard-C,AnkiLangs::AR
the computer,الكمبيوتر,/alkumbjuːtar/,[sound:al_ar_xa_the_computer.mp3],Google Cloud TTS<br>Voice: ar-XA-Standard-C,AnkiLangs::AR
the consonant,الحرف الساكن,/alħarf assaːkin/,[sound:al_ar_xa_the_consonant.mp3],Google Cloud TTS<br>Voice: ar-XA-Standard-D,AnkiLangs::AR
the contract,العقد,/alʕaqd/,[sound:al_ar_xa_the_contract.mp3],Google Cloud TTS<br>Voice: ar-XA-Standard-D,AnkiLangs::AR
the corn,الذرة,/aððura/,[sound:al_ar_xa_the_corn.mp3],Google Cloud TTS<br>Voice: ar-XA-Standard-C,AnkiLangs::AR
the corner,الزاوية,/azzaːwija/,[sound:al_ar_xa_the_corner.mp3],Google Cloud TTS<br>Voice: ar-XA-Standard-D,AnkiLangs::AR
the country,البلد,/albalad/,[sound:al_ar_xa_the_country_usa_france_etc.mp3],Google Cloud TTS<br>Voice: ar-XA-Standard-D,AnkiLangs::AR
the court,المحكمة,/almaħkama/,[sound:al_ar_xa_the_court.mp3],Google Cloud TTS<br>Voice: ar-XA-Standard-C,AnkiLangs::AR
the cow,البقرة,/albaqara/,[sound:al_ar_xa_the_cow.mp3],Google Cloud TTS<br>Voice: ar-XA-Standard-D,AnkiLangs::AR
the crowd,الحشد,/alħaʃd/,[sound:al_ar_xa_the_crowd.mp3],Google Cloud TTS<br>Voice: ar-XA-Standard-C,AnkiLangs::AR
the cup,الكوب,/alkuːb/,[sound:al_ar_xa_the_cup.mp3],Google Cloud TTS<br>Voice: ar-XA-Standard-C,AnkiLangs::AR
the date,التاريخ,/attaːriːx/,[sound:al_ar_xa_the_date.mp3],Google Cloud TTS<br>Voice: ar-XA-Standard-D,AnkiLangs::AR
the daughter,الابنة,/alibna/,[sound:al_ar_xa_the_daughter.mp3],Google Cloud TTS<br>Voice: ar-XA-Standard-C,AnkiLangs::AR
the day,اليوم,/aljawm/,[sound:al_ar_xa_the_day.mp3],Google Cloud TTS<br>Voice: ar-XA-Standard-C,AnkiLangs::AR
the direction,الاتّجاه,/alittiʤaːh/,[sound:al_ar_xa_the_direction.mp3],Google Cloud TTS<br>Voice: ar-XA-Standard-C,AnkiLangs::AR
the doctor,الطبيب,/attˤabiːb/,[sound:al_ar_xa_the_doctor.mp3],Google Cloud TTS<br>Voice: ar-XA-Standard-D,AnkiLangs::AR
the dog,الكلب,/alkalb/,[sound:al_ar_xa_the_dog.mp3],Google Cloud TTS<br>Voice: ar-XA-Standard-D,AnkiLangs::AR
the dollar,الدولار,/adduːlaːr/,[sound:al_ar_xa_the_dollar.mp3],Google Cloud TTS<br>Voice: ar-XA-Standard-C,AnkiLangs::AR
the door,الباب,/albaːb/,[sound:al_ar_xa_the_door.mp3],Google Cloud TTS<br>Voice: ar-XA-Standard-D,AnkiLangs::AR
the dot,النقطة,/annuqtˤa/,[sound:al_ar_xa_the_dot.mp3],Google Cloud TTS<br>Voice: ar-XA-Standard-C,AnkiLangs::AR
the dream,الحلم,/alħulm/,[sound:al_ar_xa_the_dream.mp3],Google Cloud TTS<br>Voice: ar-XA-Standard-D,AnkiLangs::AR
the dress,الفستان,/alfustaːn/,[sound:al_ar_xa_the_dress.mp3],Google Cloud TTS<br>Voice: ar-XA-Standard-D,AnkiLangs::AR
the drug,المخدّر,/almuxaddir/,[sound:al_ar_xa_the_drug.mp3],Google Cloud TTS<br>Voice: ar-XA-Standard-D,AnkiLangs::AR
the ear,الأذن,/alʔuðun/,[sound:al_ar_xa_the_ear.mp3],Google Cloud TTS<br>Voice: ar-XA-Standard-C,AnkiLangs::AR
the east,الشرق,/aʃʃarq/,[sound:al_ar_xa_the_east.mp3],Google Cloud TTS<br>Voice: ar-XA-Standard-C,AnkiLangs::AR
the edge,الحافّة,/alħaːffa/,[sound:al_ar_xa_the_edge.mp3],Google Cloud TTS<br>Voice: ar-XA-Standard-D,AnkiLangs::AR
the egg,البيضة,/albajdˤa/,[sound:al_ar_xa_the_egg.mp3],Google Cloud TTS<br>Voice: ar-XA-Standard-D,AnkiLangs::AR
the election,الانتخابات,/alintixaːbaːt/,[sound:al_ar_xa_the_election.mp3],Google Cloud TTS<br>Voice: ar-XA-Standard-C,AnkiLangs::AR
the engine,المحرّك,/almuħarrik/,[sound:al_ar_xa_the_engine.mp3],Google Cloud TTS<br>Voice: ar-XA-Standard-C,AnkiLangs::AR
the evening,المساء,/almasaːʔ/,[sound:al_ar_xa_the_evening.mp3],Google Cloud TTS<br>Voice: ar-XA-Standard-D,AnkiLangs::AR
the eye,العين,/alʕajn/,[sound:al_ar_xa_the_eye.mp3],Google Cloud TTS<br>Voice: ar-XA-Standard-C,AnkiLangs::AR
the face,الوجه,/alwaʤh/,[sound:al_ar_xa_the_face.mp3],Google Cloud TTS<br>Voice: ar-XA-Standard-D,AnkiLangs::AR
the Fall,الخريف,/alxariːf/,[sound:al_ar_xa_the_fall.mp3],Google Cloud TTS<br>Voice: ar-XA-Standard-C,AnkiLangs::AR
the family,العائلة,/alʕaːʔila/,[sound:al_ar_xa_the_family.mp3],Google Cloud TTS<br>Voice: ar-XA-Standard-D,AnkiLangs::AR
the fan [appliance],المروحة,/almarwaħa/,[sound:al_ar_xa_the_fan_appliance.mp3],Google Cloud TTS<br>Voice: ar-XA-Standard-D,AnkiLangs::AR
the fan [person],المعجب,/almuʕʤab/,[sound:al_ar_xa_the_fan_person.mp3],Google Cloud TTS<br>Voice: ar-XA-Standard-C,AnkiLangs::AR
the farm,المزرعة,/almazraʕa/,[sound:al_ar_xa_the_farm.mp3],Google Cloud TTS<br>Voice: ar-XA-Standard-C,AnkiLangs::AR
the father,الأب,/alʔab/,[sound:al_ar_xa_the_father.mp3],Google Cloud TTS<br>Voice: ar-XA-Standard-C,AnkiLangs::AR
the finger,الإصبع,/alʔisˤbaʕ/,[sound:al_ar_xa_the_finger.mp3],Google Cloud TTS<br>Voice: ar-XA-Standard-C,AnkiLangs::AR
the fire,النار,/annaːr/,[sound:al_ar_xa_the_fire.mp3],Google Cloud TTS<br>Voice: ar-XA-Standard-C,AnkiLangs::AR
the fish,السمك,/assamak/,[sound:al_ar_xa_the_fish.mp3],Google Cloud TTS<br>Voice: ar-XA-Standard-D,AnkiLangs::AR
the floor,الأرضيّة,/alʔardˤiːja/,[sound:al_ar_xa_the_floor.mp3],Google Cloud TTS<br>Voice: ar-XA-Standard-C,AnkiLangs::AR
the flower,الزهرة,/azzahra/,[sound:al_ar_xa_the_flower.mp3],Google Cloud TTS<br>Voice: ar-XA-Standard-D,AnkiLangs::AR
the foot,القدم,/alqadam/,[sound:al_ar_xa_the_foot.mp3],Google Cloud TTS<br>Voice: ar-XA-Standard-C,AnkiLangs::AR
the foot [measurement],القدم,/alqadam/,[sound:al_ar_xa_the_foot_measurement.mp3],Google Cloud TTS<br>Voice: ar-XA-Standard-C,AnkiLangs::AR
the forest,الغابة,/alɣaːba/,[sound:al_ar_xa_the_forest.mp3],Google Cloud TTS<br>Voice: ar-XA-Standard-D,AnkiLangs::AR
the fork,الشوكة,/aʃʃawka/,[sound:al_ar_xa_the_fork.mp3],Google Cloud TTS<br>Voice: ar-XA-Standard-D,AnkiLangs::AR
the friend,الصديق,/asˤsˤadiːq/,[sound:al_ar_xa_the_friend.mp3],Google Cloud TTS<br>Voice: ar-XA-Standard-C,AnkiLangs::AR
the front,الأمام,/alʔamaːm/,[sound:al_ar_xa_the_front.mp3],Google Cloud TTS<br>Voice: ar-XA-Standard-D,AnkiLangs::AR
the game,اللعبة,/alluʕba/,[sound:al_ar_xa_the_game.mp3],Google Cloud TTS<br>Voice: ar-XA-Standard-C,AnkiLangs::AR
the garden,الحديقة,/alħadiːqa/,[sound:al_ar_xa_the_garden.mp3],Google Cloud TTS<br>Voice: ar-XA-Standard-C,AnkiLangs::AR
the gasoline,البنزين,/albanziːn/,[sound:al_ar_xa_the_gasoline.mp3],Google Cloud TTS<br>Voice: ar-XA-Standard-C,AnkiLangs::AR
the gift,الهديّة,/alhadiːja/,[sound:al_ar_xa_the_gift.mp3],Google Cloud TTS<br>Voice: ar-XA-Standard-D,AnkiLangs::AR
the girl,الفتاة,/alfataːt/,[sound:al_ar_xa_the_girl.mp3],Google Cloud TTS<br>Voice: ar-XA-Standard-D,AnkiLangs::AR
the grandfather,الجدّ,/alʤadd/,[sound:al_ar_xa_the_grandfather.mp3],Google Cloud TTS<br>Voice: ar-XA-Standard-C,AnkiLangs::AR
the grandmother,الجدّة,/alʤadda/,[sound:al_ar_xa_the_grandmother.mp3],Google Cloud TTS<br>Voice: ar-XA-Standard-C,AnkiLangs::AR
the grass,العشب,/alʕuʃb/,[sound:al_ar_xa_the_grass.mp3],Google Cloud TTS<br>Voice: ar-XA-Standard-C,AnkiLangs::AR
the ground,الأرض,/alʔardˤ/,[sound:al_ar_xa_the_ground.mp3],Google Cloud TTS<br>Voice: ar-XA-Standard-C,AnkiLangs::AR
the gun,المسدّس,/almusaddas/,[sound:al_ar_xa_the_gun.mp3],Google Cloud TTS<br>Voice: ar-XA-Standard-D,AnkiLangs::AR
the hair,الشعر,/aʃʃaʕr/,[sound:al_ar_xa_the_hair.mp3],Google Cloud TTS<br>Voice: ar-XA-Standard-C,AnkiLangs::AR
the half,النصف,/annisˤf/,[sound:al_ar_xa_the_half.mp3],Google Cloud TTS<br>Voice: ar-XA-Standard-C,AnkiLangs::AR
the hand,اليد,/aljad/,[sound:al_ar_xa_the_hand.mp3],Google Cloud TTS<br>Voice: ar-XA-Standard-D,AnkiLangs::AR
the hat,القبّعة,/alqubbaʕa/,[sound:al_ar_xa_the_hat.mp3],Google Cloud TTS<br>Voice: ar-XA-Standard-D,AnkiLangs::AR
the head,الرأس,/arraʔs/,[sound:al_ar_xa_the_head.mp3],Google Cloud TTS<br>Voice: ar-XA-Standard-C,AnkiLangs::AR
the heart,القلب,/alqalb/,[sound:al_ar_xa_the_heart.mp3],Google Cloud TTS<br>Voice: ar-XA-Standard-D,AnkiLangs::AR
the heat,الحرارة,/alħaraːra/,[sound:al_ar_xa_the_heat.mp3],Google Cloud TTS<br>Voice: ar-XA-Standard-C,AnkiLangs::AR
the hill,التلّ,/attall/,[sound:al_ar_xa_the_hill.mp3],Google Cloud TTS<br>Voice: ar-XA-Standard-C,AnkiLangs::AR
the hole,الثقب,/atˤtˤuqb/,[sound:al_ar_xa_the_hole.mp3],Google Cloud TTS<br>Voice: ar-XA-Standard-D,AnkiLangs::AR
the horse,الحصان,/alħisˤaːn/,[sound:al_ar_xa_the_horse.mp3],Google Cloud TTS<br>Voice: ar-XA-Standard-C,AnkiLangs::AR
the hospital,المستشفى,/almustaʃfaː/,[sound:al_ar_xa_the_hospital.mp3],Google Cloud TTS<br>Voice: ar-XA-Standard-D,AnkiLangs::AR
the hotel,الفندق,/alfunduq/,[sound:al_ar_xa_the_hotel.mp3],Google Cloud TTS<br>Voice: ar-XA-Standard-C,AnkiLangs::AR
the hour,الساعة,/assaːʕa/,[sound:al_ar_xa_the_hour.mp3],Google Cloud TTS<br>Voice: ar-XA-Standard-C,AnkiLangs::AR
the house,البيت,/albajt/,[sound:al_ar_xa_the_house.mp3],Google Cloud TTS<br>Voice: ar-XA-Standard-D,AnkiLangs::AR
the human,الإنسان,/alʔinsaːn/,[sound:al_ar_xa_the_human.mp3],Google Cloud TTS<br>Voice: ar-XA-Standard-D,AnkiLangs::AR
the husband,الزوج,/azzawʤ/,[sound:al_ar_xa_the_husband.mp3],Google Cloud TTS<br>Voice: ar-XA-Standard-D,AnkiLangs::AR
the ice,الثلج,/attˤalʤ/,[sound:al_ar_xa_the_ice.mp3],Google Cloud TTS<br>Voice: ar-XA-Standard-C,AnkiLangs::AR
the image,الصورة,/asˤsˤuːra/,[sound:al_ar_xa_the_image.mp3],Google Cloud TTS<br>Voice: ar-XA-Standard-C,AnkiLangs::AR
the inch,البوصة,/albuːsˤa/,[sound:al_ar_xa_the_inch.mp3],Google Cloud TTS<br>Voice: ar-XA-Standard-C,AnkiLangs::AR
the injury,الإصابة,/alʔisˤaːba/,[sound:al_ar_xa_the_injury.mp3],Google Cloud TTS<br>Voice: ar-XA-Standard-C,AnkiLangs::AR
the inside,الداخل,/addaːxil/,[sound:al_ar_xa_the_inside.mp3],Google Cloud TTS<br>Voice: ar-XA-Standard-D,AnkiLangs::AR
the instrument,الآلة,/alʔaːla/,[sound:al_ar_xa_the_instrument.mp3],Google Cloud TTS<br>Voice: ar-XA-Standard-D,AnkiLangs::AR
the island,الجزيرة,/alʤaziːra/,[sound:al_ar_xa_the_island.mp3],Google Cloud TTS<br>Voice: ar-XA-Standard-D,AnkiLangs::AR
the job,الوظيفة,/alwadˤiːfa/,[sound:al_ar_xa_the_job.mp3],Google Cloud TTS<br>Voice: ar-XA-Standard-C,AnkiLangs::AR
the key,المفتاح,/almiftaːħ/,[sound:al_ar_xa_the_key.mp3],Google Cloud TTS<br>Voice: ar-XA-Standard-D,AnkiLangs::AR
the kilogram,الكيلوغرام,/alkiːluːɣraːm/,[sound:al_ar_xa_the_kilogram.mp3],Google Cloud TTS<br>Voice: ar-XA-Standard-D,AnkiLangs::AR
the king,الملك,/almalik/,[sound:al_ar_xa_the_king.mp3],Google Cloud TTS<br>Voice: ar-XA-Standard-D,AnkiLangs::AR
the kitchen,المطبخ,/almatˤbax/,[sound:al_ar_xa_the_kitchen.mp3],Google Cloud TTS<br>Voice: ar-XA-Standard-D,AnkiLangs::AR
the knee,الركبة,/arrukba/,[sound:al_ar_xa_the_knee.mp3],Google Cloud TTS<br>Voice: ar-XA-Standard-C,AnkiLangs::AR
the knife,السكّين,/assikkiːn/,[sound:al_ar_xa_the_knife.mp3],Google Cloud TTS<br>Voice: ar-XA-Standard-C,AnkiLangs::AR
the lake,البحيرة,/albuħajra/,[sound:al_ar_xa_the_lake.mp3],Google Cloud TTS<br>Voice: ar-XA-Standard-D,AnkiLangs::AR
the lamp,المصباح,/almisˤbaːħ/,[sound:al_ar_xa_the_lamp.mp3],Google Cloud TTS<br>Voice: ar-XA-Standard-C,AnkiLangs::AR
the laptop,الحاسوب المحمول,/alħaːsuːb almaħmuːl/,[sound:al_ar_xa_the_laptop.mp3],Google Cloud TTS<br>Voice: ar-XA-Standard-D,AnkiLangs::AR
the lawyer,المحامي,/almuħaːmiː/,[sound:al_ar_xa_the_lawyer.mp3],Google Cloud TTS<br>Voice: ar-XA-Standard-C,AnkiLangs::AR
the leaf,الورقة,/alwaraqa/,[sound:al_ar_xa_the_leaf.mp3],Google Cloud TTS<br>Voice: ar-XA-Standard-C,AnkiLangs::AR
the leg,الساق,/assaːq/,[sound:al_ar_xa_the_leg.mp3],Google Cloud TTS<br>Voice: ar-XA-Standard-D,AnkiLangs::AR
the lemon,الليمون,/allajmuːn/,[sound:al_ar_xa_the_lemon.mp3],Google Cloud TTS<br>Voice: ar-XA-Standard-D,AnkiLangs::AR
the letter,الرسالة,/arrisaːla/,[sound:al_ar_xa_the_letter.mp3],Google Cloud TTS<br>Voice: ar-XA-Standard-D,AnkiLangs::AR
the library,المكتبة,/almaktaba/,[sound:al_ar_xa_the_library.mp3],Google Cloud TTS<br>Voice: ar-XA-Standard-D,AnkiLangs::AR
the light,الضوء,/adˤdˤawʔ/,[sound:al_ar_xa_the_light.mp3],Google Cloud TTS<br>Voice: ar-XA-Standard-C,AnkiLangs::AR
the lip,الشفة,/aʃʃafa/,[sound:al_ar_xa_the_lip.mp3],Google Cloud TTS<br>Voice: ar-XA-Standard-D,AnkiLangs::AR
the location,الموقع,/almawqiʕ/,[sound:al_ar_xa_the_location.mp3],Google Cloud TTS<br>Voice: ar-XA-Standard-C,AnkiLangs::AR
the lock,القفل,/alqufl/,[sound:al_ar_xa_the_lock.mp3],Google Cloud TTS<br>Voice: ar-XA-Standard-D,AnkiLangs::AR
the magazine,المجلّة,/almaʤalla/,[sound:al_ar_xa_the_magazine.mp3],Google Cloud TTS<br>Voice: ar-XA-Standard-C,AnkiLangs::AR
the man,الرجل,/arraʤul/,[sound:al_ar_xa_the_man.mp3],Google Cloud TTS<br>Voice: ar-XA-Standard-D,AnkiLangs::AR
the manager,المدير,/almudiːr/,[sound:al_ar_xa_the_manager.mp3],Google Cloud TTS<br>Voice: ar-XA-Standard-C,AnkiLangs::AR
the map,الخريطة,/alxariːtˤa/,[sound:al_ar_xa_the_map.mp3],Google Cloud TTS<br>Voice: ar-XA-Standard-C,AnkiLangs::AR
the market,السوق,/assuːq/,[sound:al_ar_xa_the_market.mp3],Google Cloud TTS<br>Voice: ar-XA-Standard-D,AnkiLangs::AR
the meter,المتر,/almitr/,[sound:al_ar_xa_the_meter.mp3],Google Cloud TTS<br>Voice: ar-XA-Standard-D,AnkiLangs::AR
the minute,الدقيقة,/addaqiːqa/,[sound:al_ar_xa_the_minute.mp3],Google Cloud TTS<br>Voice: ar-XA-Standard-C,AnkiLangs::AR
the month,الشهر,/aʃʃahr/,[sound:al_ar_xa_the_month.mp3],Google Cloud TTS<br>Voice: ar-XA-Standard-D,AnkiLangs::AR
the moon,القمر,/alqamar/,[sound:al_ar_xa_the_moon.mp3],Google Cloud TTS<br>Voice: ar-XA-Standard-D,AnkiLangs::AR
the morning,الصباح,/asˤsˤabaːħ/,[sound:al_ar_xa_the_morning.mp3],Google Cloud TTS<br>Voice: ar-XA-Standard-C,AnkiLangs::AR
the mother,الأمّ,/alʔumm/,[sound:al_ar_xa_the_mother.mp3],Google Cloud TTS<br>Voice: ar-XA-Standard-D,AnkiLangs::AR
the mountain,الجبل,/alʤabal/,[sound:al_ar_xa_the_mountain.mp3],Google Cloud TTS<br>Voice: ar-XA-Standard-D,AnkiLangs::AR
the mouse,الفأر,/alfaʔr/,[sound:al_ar_xa_the_mouse.mp3],Google Cloud TTS<br>Voice: ar-XA-Standard-D,AnkiLangs::AR
the mouth,الفم,/alfam/,[sound:al_ar_xa_the_mouth.mp3],Google Cloud TTS<br>Voice: ar-XA-Standard-D,AnkiLangs::AR
the movie,الفيلم,/alfiːlm/,[sound:al_ar_xa_the_movie.mp3],Google Cloud TTS<br>Voice: ar-XA-Standard-D,AnkiLangs::AR
the neck,الرقبة,/arraqaba/,[sound:al_ar_xa_the_neck.mp3],Google Cloud TTS<br>Voice: ar-XA-Standard-D,AnkiLangs::AR
the needle,الإبرة,/alʔibra/,[sound:al_ar_xa_the_needle.mp3],Google Cloud TTS<br>Voice: ar-XA-Standard-C,AnkiLangs::AR
the neighbor,الجار,/alʤaːr/,[sound:al_ar_xa_the_neighbor.mp3],Google Cloud TTS<br>Voice: ar-XA-Standard-C,AnkiLangs::AR
the network,الشبكة,/aʃʃabaka/,[sound:al_ar_xa_the_network.mp3],Google Cloud TTS<br>Voice: ar-XA-Standard-D,AnkiLangs::AR
the newspaper,الجريدة,/alʤariːda/,[sound:al_ar_xa_the_newspaper.mp3],Google Cloud TTS<br>Voice: ar-XA-Standard-D,AnkiLangs::AR
the night,الليل,/allajl/,[sound:al_ar_xa_the_night.mp3],Google Cloud TTS<br>Voice: ar-XA-Standard-C,AnkiLangs::AR
the north,الشمال,/aʃʃamaːl/,[sound:al_ar_xa_the_north.mp3],Google Cloud TTS<br>Voice: ar-XA-Standard-D,AnkiLangs::AR
the nose,الأنف,/alʔanf/,[sound:al_ar_xa_the_nose.mp3],Google Cloud TTS<br>Voice: ar-XA-Standard-D,AnkiLangs::AR
the note,الملاحظة,/almulaaːħadˤa/,[sound:al_ar_xa_the_note.mp3],Google Cloud TTS<br>Voice: ar-XA-Standard-C,AnkiLangs::AR
the noun,الاسم,/alʔism/,[sound:al_ar_xa_the_noun.mp3],Google Cloud TTS<br>Voice: ar-XA-Standard-D,AnkiLangs::AR
the number,الرقم,/arraqam/,[sound:al_ar_xa_the_number.mp3],Google Cloud TTS<br>Voice: ar-XA-Standard-D,AnkiLangs::AR
the ocean,المحيط,/almuħiːtˤ/,[sound:al_ar_xa_the_ocean.mp3],Google Cloud TTS<br>Voice: ar-XA-Standard-C,AnkiLangs::AR
the office,المكتب,/almaktab/,[sound:al_ar_xa_the_office.mp3],Google Cloud TTS<br>Voice: ar-XA-Standard-D,AnkiLangs::AR
the orange,البرتقالة,/alburtuqaːla/,[sound:al_ar_xa_the_orange.mp3],Google Cloud TTS<br>Voice: ar-XA-Standard-D,AnkiLangs::AR
the outside,الخارج,/alxaːriʤ/,[sound:al_ar_xa_the_outside.mp3],Google Cloud TTS<br>Voice: ar-XA-Standard-D,AnkiLangs::AR
the page,الصفحة,/asˤsˤafħa/,[sound:al_ar_xa_the_page.mp3],Google Cloud TTS<br>Voice: ar-XA-Standard-D,AnkiLangs::AR
the paint,الطلاء,/attˤilaːʔ/,[sound:al_ar_xa_the_paint.mp3],Google Cloud TTS<br>Voice: ar-XA-Standard-D,AnkiLangs::AR
the pants,البنطلون,/albantˤaluːn/,[sound:al_ar_xa_the_pants.mp3],Google Cloud TTS<br>Voice: ar-XA-Standard-C,AnkiLangs::AR
the paper,الورق,/alwaraq/,[sound:al_ar_xa_the_paper.mp3],Google Cloud TTS<br>Voice: ar-XA-Standard-D,AnkiLangs::AR
the parent,الوالد,/alwaːlid/,[sound:al_ar_xa_the_parent.mp3],Google Cloud TTS<br>Voice: ar-XA-Standard-C,AnkiLangs::AR
the park,الحديقة,/alħadiːqa/,[sound:al_ar_xa_the_park.mp3],Google Cloud TTS<br>Voice: ar-XA-Standard-C,AnkiLangs::AR
the patient,المريض,/almariːdˤ/,[sound:al_ar_xa_the_patient.mp3],Google Cloud TTS<br>Voice: ar-XA-Standard-D,AnkiLangs::AR
the pattern,النمط,/annamatˤ/,[sound:al_ar_xa_the_pattern.mp3],Google Cloud TTS<br>Voice: ar-XA-Standard-D,AnkiLangs::AR
the pen,القلم,/alqalam/,[sound:al_ar_xa_the_pen.mp3],Google Cloud TTS<br>Voice: ar-XA-Standard-C,AnkiLangs::AR
the pencil,قلم الرصاص,/qalam arrasˤaːsˤ/,[sound:al_ar_xa_the_pencil.mp3],Google Cloud TTS<br>Voice: ar-XA-Standard-C,AnkiLangs::AR
the person,الشخص,/aʃʃaxsˤ/,[sound:al_ar_xa_the_person.mp3],Google Cloud TTS<br>Voice: ar-XA-Standard-D,AnkiLangs::AR
the photograph,الصورة الفوتوغرافيّة,/asˤsˤuːra alfuːtuɣraːfiːja/,[sound:al_ar_xa_the_photograph.mp3],Google Cloud TTS<br>Voice: ar-XA-Standard-C,AnkiLangs::AR
the piece,القطعة,/alqitˤʕa/,[sound:al_ar_xa_the_piece.mp3],Google Cloud TTS<br>Voice: ar-XA-Standard-C,AnkiLangs::AR
the pig,الخنزير,/alxinziːr/,[sound:al_ar_xa_the_pig.mp3],Google Cloud TTS<br>Voice: ar-XA-Standard-C,AnkiLangs::AR
the plane,الطائرة,/attˤaːʔira/,[sound:al_ar_xa_the_plane.mp3],Google Cloud TTS<br>Voice: ar-XA-Standard-C,AnkiLangs::AR
the plant,النبات,/annabaːt/,[sound:al_ar_xa_the_plant.mp3],Google Cloud TTS<br>Voice: ar-XA-Standard-C,AnkiLangs::AR
the plate,الصحن,/asˤsˤaħn/,[sound:al_ar_xa_the_plate.mp3],Google Cloud TTS<br>Voice: ar-XA-Standard-C,AnkiLangs::AR
the player,اللاعب,/allaːʕib/,[sound:al_ar_xa_the_player.mp3],Google Cloud TTS<br>Voice: ar-XA-Standard-D,AnkiLangs::AR
the pocket,الجيب,/alʤajb/,[sound:al_ar_xa_the_pocket.mp3],Google Cloud TTS<br>Voice: ar-XA-Standard-C,AnkiLangs::AR
the police,الشرطة,/aʃʃurtˤa/,[sound:al_ar_xa_the_police.mp3],Google Cloud TTS<br>Voice: ar-XA-Standard-D,AnkiLangs::AR
the pool,المسبح,/almasbaħ/,[sound:al_ar_xa_the_pool.mp3],Google Cloud TTS<br>Voice: ar-XA-Standard-D,AnkiLangs::AR
the pork,لحم الخنزير,/laħm alxinziːr/,[sound:al_ar_xa_the_pork.mp3],Google Cloud TTS<br>Voice: ar-XA-Standard-C,AnkiLangs::AR
the pound,الجنيه,/alʤunajh/,[sound:al_ar_xa_the_pound.mp3],Google Cloud TTS<br>Voice: ar-XA-Standard-D,AnkiLangs::AR
the president,الرئيس,/arraʔiːs/,[sound:al_ar_xa_the_president.mp3],Google Cloud TTS<br>Voice: ar-XA-Standard-D,AnkiLangs::AR
the price,السعر,/assiʕr/,[sound:al_ar_xa_the_price.mp3],Google Cloud TTS<br>Voice: ar-XA-Standard-D,AnkiLangs::AR
the priest,الكاهن,/alkaːhin/,[sound:al_ar_xa_the_priest.mp3],Google Cloud TTS<br>Voice: ar-XA-Standard-C,AnkiLangs::AR
the program,البرنامج,/albarnaːmaʤ/,[sound:al_ar_xa_the_program.mp3],Google Cloud TTS<br>Voice: ar-XA-Standard-C,AnkiLangs::AR
the queen,الملكة,/almalika/,[sound:al_ar_xa_the_queen.mp3],Google Cloud TTS<br>Voice: ar-XA-Standard-C,AnkiLangs::AR
the radio,الراديو,/arraːdjaː/,[sound:al_ar_xa_the_radio.mp3],Google Cloud TTS<br>Voice: ar-XA-Standard-C,AnkiLangs::AR
the rain,المطر,/almatˤar/,[sound:al_ar_xa_the_rain.mp3],Google Cloud TTS<br>Voice: ar-XA-Standard-D,AnkiLangs::AR
the reporter,المراسل,/almuraːsil/,[sound:al_ar_xa_the_reporter.mp3],Google Cloud TTS<br>Voice: ar-XA-Standard-C,AnkiLangs::AR
the restaurant,المطعم,/almatˤʕam/,[sound:al_ar_xa_the_restaurant.mp3],Google Cloud TTS<br>Voice: ar-XA-Standard-C,AnkiLangs::AR
the ring,الخاتم,/alxaːtim/,[sound:al_ar_xa_the_ring.mp3],Google Cloud TTS<br>Voice: ar-XA-Standard-D,AnkiLangs::AR
the river,النهر,/annahar/,[sound:al_ar_xa_the_river.mp3],Google Cloud TTS<br>Voice: ar-XA-Standard-C,AnkiLangs::AR
the roof,السطح,/assatˤħ/,[sound:al_ar_xa_the_roof.mp3],Google Cloud TTS<br>Voice: ar-XA-Standard-C,AnkiLangs::AR
the room,الغرفة,/alɣurfa/,[sound:al_ar_xa_the_room.mp3],Google Cloud TTS<br>Voice: ar-XA-Standard-C,AnkiLangs::AR
the root,الجذر,/alʤaðr/,[sound:al_ar_xa_the_root.mp3],Google Cloud TTS<br>Voice: ar-XA-Standard-D,AnkiLangs::AR
the sand,الرمل,/arraml/,[sound:al_ar_xa_the_sand.mp3],Google Cloud TTS<br>Voice: ar-XA-Standard-C,AnkiLangs::AR
the school,المدرسة,/almadrasa/,[sound:al_ar_xa_the_school.mp3],Google Cloud TTS<br>Voice: ar-XA-Standard-D,AnkiLangs::AR
the screen,الشاشة,/aʃʃaːʃa/,[sound:al_ar_xa_the_screen.mp3],Google Cloud TTS<br>Voice: ar-XA-Standard-D,AnkiLangs::AR
the sea,البحر,/albaħr/,[sound:al_ar_xa_the_sea.mp3],Google Cloud TTS<br>Voice: ar-XA-Standard-D,AnkiLangs::AR
the season,الموسم,/almawsim/,[sound:al_ar_xa_the_season.mp3],Google Cloud TTS<br>Voice: ar-XA-Standard-D,AnkiLangs::AR
the second,الثانية,/atˤtˤaːnija/,[sound:al_ar_xa_the_second.mp3],Google Cloud TTS<br>Voice: ar-XA-Standard-D,AnkiLangs::AR
the secretary,السكرتير,/assikritiːr/,[sound:al_ar_xa_the_secretary.mp3],Google Cloud TTS<br>Voice: ar-XA-Standard-C,AnkiLangs::AR
the seed,البذرة,/albaðra/,[sound:al_ar_xa_the_seed.mp3],Google Cloud TTS<br>Voice: ar-XA-Standard-D,AnkiLangs::AR
the ship,السفينة,/assafiːna/,[sound:al_ar_xa_the_ship.mp3],Google Cloud TTS<br>Voice: ar-XA-Standard-D,AnkiLangs::AR
the shirt,القميص,/alqamiːsˤ/,[sound:al_ar_xa_the_shirt.mp3],Google Cloud TTS<br>Voice: ar-XA-Standard-D,AnkiLangs::AR
the shoes,الأحذية,/alʔaħðija/,[sound:al_ar_xa_the_shoes.mp3],Google Cloud TTS<br>Voice: ar-XA-Standard-C,AnkiLangs::AR
the shoulder,الكتف,/alkatif/,[sound:al_ar_xa_the_shoulder.mp3],Google Cloud TTS<br>Voice: ar-XA-Standard-D,AnkiLangs::AR
the side,الجانب,/alʤaːnib/,[sound:al_ar_xa_the_side.mp3],Google Cloud TTS<br>Voice: ar-XA-Standard-D,AnkiLangs::AR
the sign,العلامة,/alʕalaːma/,[sound:al_ar_xa_the_sign.mp3],Google Cloud TTS<br>Voice: ar-XA-Standard-C,AnkiLangs::AR
the sister,الأخت,/alʔuxt/,[sound:al_ar_xa_the_sister.mp3],Google Cloud TTS<br>Voice: ar-XA-Standard-D,AnkiLangs::AR
the skin,الجلد,/alʤild/,[sound:al_ar_xa_the_skin.mp3],Google Cloud TTS<br>Voice: ar-XA-Standard-D,AnkiLangs::AR
the skirt,التنّورة,/attannuːra/,[sound:al_ar_xa_the_skirt.mp3],Google Cloud TTS<br>Voice: ar-XA-Standard-C,AnkiLangs::AR
the sky,السماء,/assamaːʔ/,[sound:al_ar_xa_the_sky.mp3],Google Cloud TTS<br>Voice: ar-XA-Standard-D,AnkiLangs::AR
the snow,الثلج,/attˤalʤ/,[sound:al_ar_xa_the_snow.mp3],Google Cloud TTS<br>Voice: ar-XA-Standard-C,AnkiLangs::AR
the soap,الصابون,/asˤsˤaːbuːn/,[sound:al_ar_xa_the_soap.mp3],Google Cloud TTS<br>Voice: ar-XA-Standard-D,AnkiLangs::AR
the soldier,الجنديّ,/alʤundiː/,[sound:al_ar_xa_the_soldier.mp3],Google Cloud TTS<br>Voice: ar-XA-Standard-D,AnkiLangs::AR
the son,الابن,/alibnu/,[sound:al_ar_xa_the_son.mp3],Google Cloud TTS<br>Voice: ar-XA-Standard-D,AnkiLangs::AR
the song,الأغنية,/alʔuɣnija/,[sound:al_ar_xa_the_song.mp3],Google Cloud TTS<br>Voice: ar-XA-Standard-C,AnkiLangs::AR
the sound,الصوت,/asˤsˤawt/,[sound:al_ar_xa_the_sound.mp3],Google Cloud TTS<br>Voice: ar-XA-Standard-C,AnkiLangs::AR
the soup,الحساء,/alħasaːʔ/,[sound:al_ar_xa_the_soup.mp3],Google Cloud TTS<br>Voice: ar-XA-Standard-C,AnkiLangs::AR
the south,الجنوب,/alʤanuːb/,[sound:al_ar_xa_the_south.mp3],Google Cloud TTS<br>Voice: ar-XA-Standard-C,AnkiLangs::AR
the spoon,الملعقة,/almilʕaqa/,[sound:al_ar_xa_the_spoon.mp3],Google Cloud TTS<br>Voice: ar-XA-Standard-D,AnkiLangs::AR
the Spring,الربيع,/arrabiːʕ/,[sound:al_ar_xa_the_spring.mp3],Google Cloud TTS<br>Voice: ar-XA-Standard-C,AnkiLangs::AR
the square,المربّع,/almurabbaʕ/,[sound:al_ar_xa_the_square.mp3],Google Cloud TTS<br>Voice: ar-XA-Standard-C,AnkiLangs::AR
the stain,البقعة,/albuqʕa/,[sound:al_ar_xa_the_stain.mp3],Google Cloud TTS<br>Voice: ar-XA-Standard-C,AnkiLangs::AR
the star,النجم,/annaʤm/,[sound:al_ar_xa_the_star.mp3],Google Cloud TTS<br>Voice: ar-XA-Standard-D,AnkiLangs::AR
the store/shop,المتجر,/almataʤar/,[sound:al_ar_xa_the_store_shop.mp3],Google Cloud TTS<br>Voice: ar-XA-Standard-D,AnkiLangs::AR
the street/road,الشارع,/aʃʃaːriʕ/,[sound:al_ar_xa_the_street_road.mp3],Google Cloud TTS<br>Voice: ar-XA-Standard-D,AnkiLangs::AR
the student,الطالب,/attˤaːlib/,[sound:al_ar_xa_the_student.mp3],Google Cloud TTS<br>Voice: ar-XA-Standard-D,AnkiLangs::AR
the suit,البدلة,/albadla/,[sound:al_ar_xa_the_suit.mp3],Google Cloud TTS<br>Voice: ar-XA-Standard-D,AnkiLangs::AR
the Summer,الصيف,/asˤsˤajf/,[sound:al_ar_xa_the_summer.mp3],Google Cloud TTS<br>Voice: ar-XA-Standard-C,AnkiLangs::AR
the sun,الشمس,/aʃʃams/,[sound:al_ar_xa_the_sun.mp3],Google Cloud TTS<br>Voice: ar-XA-Standard-C,AnkiLangs::AR
the T-shirt,التي شيرت,/attiː ʃiːrt/,[sound:al_ar_xa_the_t_shirt.mp3],Google Cloud TTS<br>Voice: ar-XA-Standard-D,AnkiLangs::AR
the table,الطاولة,/attˤaːwila/,[sound:al_ar_xa_the_table.mp3],Google Cloud TTS<br>Voice: ar-XA-Standard-D,AnkiLangs::AR
the teacher,المعلّم,/almuʕallim/,[sound:al_ar_xa_the_teacher.mp3],Google Cloud TTS<br>Voice: ar-XA-Standard-C,AnkiLangs::AR
the team,الفريق,/alfariːq/,[sound:al_ar_xa_the_team.mp3],Google Cloud TTS<br>Voice: ar-XA-Standard-D,AnkiLangs::AR
the tear,الدمعة,/addamʕa/,[sound:al_ar_xa_the_tear.mp3],Google Cloud TTS<br>Voice: ar-XA-Standard-D,AnkiLangs::AR
the telephone,الهاتف,/alhaːtif/,[sound:al_ar_xa_the_telephone.mp3],Google Cloud TTS<br>Voice: ar-XA-Standard-C,AnkiLangs::AR
the television,التلفزيون,/attalifiziuːn/,[sound:al_ar_xa_the_television.mp3],Google Cloud TTS<br>Voice: ar-XA-Standard-D,AnkiLangs::AR
the theater,المسرح,/almasraħ/,[sound:al_ar_xa_the_theater.mp3],Google Cloud TTS<br>Voice: ar-XA-Standard-D,AnkiLangs::AR
the ticket,التذكرة,/attaðkira/,[sound:al_ar_xa_the_train_ticket.mp3],Google Cloud TTS<br>Voice: ar-XA-Standard-D,AnkiLangs::AR
the time,الوقت,/alwaqt/,[sound:al_ar_xa_the_time.mp3],Google Cloud TTS<br>Voice: ar-XA-Standard-D,AnkiLangs::AR
the tire,الإطار,/alʔitˤaːr/,[sound:al_ar_xa_the_tire.mp3],Google Cloud TTS<br>Voice: ar-XA-Standard-D,AnkiLangs::AR
the toe,إصبع القدم,/ʔisˤbaʕ alqadam/,[sound:al_ar_xa_the_toe.mp3],Google Cloud TTS<br>Voice: ar-XA-Standard-C,AnkiLangs::AR
the tongue,اللسان,/allisaːn/,[sound:al_ar_xa_the_tongue.mp3],Google Cloud TTS<br>Voice: ar-XA-Standard-D,AnkiLangs::AR
the tool,الأداة,/alʔadaːh/,[sound:al_ar_xa_the_tool.mp3],Google Cloud TTS<br>Voice: ar-XA-Standard-C,AnkiLangs::AR
the tooth,السنّ,/assinn/,[sound:al_ar_xa_the_tooth.mp3],Google Cloud TTS<br>Voice: ar-XA-Standard-D,AnkiLangs::AR
the top,القمّة,/alqimma/,[sound:al_ar_xa_the_top.mp3],Google Cloud TTS<br>Voice: ar-XA-Standard-D,AnkiLangs::AR
the town,البلدة,/albalda/,[sound:al_ar_xa_the_town.mp3],Google Cloud TTS<br>Voice: ar-XA-Standard-D,AnkiLangs::AR
the train,القطار,/alqitˤaːr/,[sound:al_ar_xa_the_train.mp3],Google Cloud TTS<br>Voice: ar-XA-Standard-C,AnkiLangs::AR
the train station,محطّة القطار,/maħatˤtˤat alqitˤaːr/,[sound:al_ar_xa_the_train_station.mp3],Google Cloud TTS<br>Voice: ar-XA-Standard-D,AnkiLangs::AR
the tree,الشجرة,/aʃʃaʤara/,[sound:al_ar_xa_the_tree.mp3],Google Cloud TTS<br>Voice: ar-XA-Standard-D,AnkiLangs::AR
the truck,الشاحنة,/aʃʃaːħina/,[sound:al_ar_xa_the_truck.mp3],Google Cloud TTS<br>Voice: ar-XA-Standard-D,AnkiLangs::AR
the university,الجامعة,/alʤaːmiʕa/,[sound:al_ar_xa_the_university.mp3],Google Cloud TTS<br>Voice: ar-XA-Standard-C,AnkiLangs::AR
the valley,الوادي,/alwaːdiː/,[sound:al_ar_xa_the_valley.mp3],Google Cloud TTS<br>Voice: ar-XA-Standard-D,AnkiLangs::AR
the verb,الفعل,/alfiʕl/,[sound:al_ar_xa_the_verb.mp3],Google Cloud TTS<br>Voice: ar-XA-Standard-C,AnkiLangs::AR
the victim,الضحيّة,/adˤdˤaħiːja/,[sound:al_ar_xa_the_victim.mp3],Google Cloud TTS<br>Voice: ar-XA-Standard-C,AnkiLangs::AR
the voice,الصوت,/asˤsˤawt/,[sound:al_ar_xa_the_voice.mp3],Google Cloud TTS<br>Voice: ar-XA-Standard-D,AnkiLangs::AR
the vowel,حرف العلّة,/ħarf alʕilla/,[sound:al_ar_xa_the_vowel.mp3],Google Cloud TTS<br>Voice: ar-XA-Standard-C,AnkiLangs::AR
the waiter,النادل,/annaːdil/,[sound:al_ar_xa_the_waiter.mp3],Google Cloud TTS<br>Voice: ar-XA-Standard-C,AnkiLangs::AR
the wall,الجدار,/alʤidaːr/,[sound:al_ar_xa_the_wall.mp3],Google Cloud TTS<br>Voice: ar-XA-Standard-D,AnkiLangs::AR
the wave,الموجة,/almawʤa/,[sound:al_ar_xa_the_wave.mp3],Google Cloud TTS<br>Voice: ar-XA-Standard-C,AnkiLangs::AR
the week,الأسبوع,/alʔusbuːʕ/,[sound:al_ar_xa_the_week.mp3],Google Cloud TTS<br>Voice: ar-XA-Standard-D,AnkiLangs::AR
the west,الغرب,/alɣarb/,[sound:al_ar_xa_the_west.mp3],Google Cloud TTS<br>Voice: ar-XA-Standard-C,AnkiLangs::AR
the wife,الزوجة,/azzawʤa/,[sound:al_ar_xa_the_wife.mp3],Google Cloud TTS<br>Voice: ar-XA-Standard-C,AnkiLangs::AR
the wind,الريح,/arriːħ/,[sound:al_ar_xa_the_wind.mp3],Google Cloud TTS<br>Voice: ar-XA-Standard-D,AnkiLangs::AR
the window,النافذة,/annaːfiða/,[sound:al_ar_xa_the_window.mp3],Google Cloud TTS<br>Voice: ar-XA-Standard-D,AnkiLangs::AR
the wing,الجناح,/alʤanaːħ/,[sound:al_ar_xa_the_wing.mp3],Google Cloud TTS<br>Voice: ar-XA-Standard-D,AnkiLangs::AR
the Winter,الشتاء,/aʃʃitaːʔ/,[sound:al_ar_xa_the_winter.mp3],Google Cloud TTS<br>Voice: ar-XA-Standard-C,AnkiLangs::AR
the woman,المرأة,/almarʔa/,[sound:al_ar_xa_the_woman.mp3],Google Cloud TTS<br>Voice: ar-XA-Standard-D,AnkiLangs::AR
the world,العالم,/alʕaːlam/,[sound:al_ar_xa_the_world.mp3],Google Cloud TTS<br>Voice: ar-XA-Standard-D,AnkiLangs::AR
the yard,الفناء,/alfanaːʔ/,[sound:al_ar_xa_the_yard.mp3],Google Cloud TTS<br>Voice: ar-XA-Standard-D,AnkiLangs::AR
the year,السنة,/assana/,[sound:al_ar_xa_the_year.mp3],Google Cloud TTS<br>Voice: ar-XA-Standard-D,AnkiLangs::AR
they,هم,/hum/,[sound:al_ar_xa_they.mp3],Google Cloud TTS<br>Voice: ar-XA-Standard-D,AnkiLangs::AR
thick,سميك,/samiːk/,[sound:al_ar_xa_thick.mp3],Google Cloud TTS<br>Voice: ar-XA-Standard-D,AnkiLangs::AR
thin,رقيق,/raqiːq/,[sound:al_ar_xa_thin.mp3],Google Cloud TTS<br>Voice: ar-XA-Standard-D,AnkiLangs::AR
third,الثالث,/atˤtˤaːlitˤ/,[sound:al_ar_xa_third_3rd.mp3],Google Cloud TTS<br>Voice: ar-XA-Standard-C,AnkiLangs::AR
thirteen,ثلاثة عشر,/tˤalaːtˤata ʕaʃar/,[sound:al_ar_xa_thirteen_13.mp3],Google Cloud TTS<br>Voice: ar-XA-Standard-D,AnkiLangs::AR
thirty,ثلاثون,/tˤalaːtˤuːn/,[sound:al_ar_xa_thirty_30.mp3],Google Cloud TTS<br>Voice: ar-XA-Standard-C,AnkiLangs::AR
thirty-one,واحد وثلاثون,/waːħid wa tˤalaːtˤuːn/,[sound:al_ar_xa_thirty_one_31.mp3],Google Cloud TTS<br>Voice: ar-XA-Standard-C,AnkiLangs::AR
thirty-two,اثنان وثلاثون,/itˤnaːn wa tˤalaːtˤuːn/,[sound:al_ar_xa_thirty_two_32.mp3],Google Cloud TTS<br>Voice: ar-XA-Standard-D,AnkiLangs::AR
three,ثلاثة,/tˤalaːtˤa/,[sound:al_ar_xa_three_3.mp3],Google Cloud TTS<br>Voice: ar-XA-Standard-C,AnkiLangs::AR
Thursday,الخميس,/alxamiːs/,[sound:al_ar_xa_thursday.mp3],Google Cloud TTS<br>Voice: ar-XA-Standard-C,AnkiLangs::AR
tight,ضيّق,/dˤajjiq/,[sound:al_ar_xa_tight.mp3],Google Cloud TTS<br>Voice: ar-XA-Standard-C,AnkiLangs::AR
to beat,يضرب,/jadˤrib/,[sound:al_ar_xa_to_beat.mp3],Google Cloud TTS<br>Voice: ar-XA-Standard-C,AnkiLangs::AR
to bend,ينحني,/janħaniː/,[sound:al_ar_xa_to_bend.mp3],Google Cloud TTS<br>Voice: ar-XA-Standard-C,AnkiLangs::AR
to break,يكسر,/jaksir/,[sound:al_ar_xa_to_break.mp3],Google Cloud TTS<br>Voice: ar-XA-Standard-C,AnkiLangs::AR
to build,يبني,/jabniː/,[sound:al_ar_xa_to_build.mp3],Google Cloud TTS<br>Voice: ar-XA-Standard-C,AnkiLangs::AR
to burn,يحرق,/jaħriq/,[sound:al_ar_xa_to_burn.mp3],Google Cloud TTS<br>Voice: ar-XA-Standard-C,AnkiLangs::AR
to buy,يشتري,/jaʃtariː/,[sound:al_ar_xa_to_buy.mp3],Google Cloud TTS<br>Voice: ar-XA-Standard-C,AnkiLangs::AR
to call,يتّصل,/jattasˤil/,[sound:al_ar_xa_to_call.mp3],Google Cloud TTS<br>Voice: ar-XA-Standard-C,AnkiLangs::AR
to carry,يحمل,/jaħmil/,[sound:al_ar_xa_to_carry.mp3],Google Cloud TTS<br>Voice: ar-XA-Standard-D,AnkiLangs::AR
to catch,يمسك,/jamsik/,[sound:al_ar_xa_to_catch.mp3],Google Cloud TTS<br>Voice: ar-XA-Standard-C,AnkiLangs::AR
to clean,ينظّف,/junaddˤif/,[sound:al_ar_xa_to_clean.mp3],Google Cloud TTS<br>Voice: ar-XA-Standard-C,AnkiLangs::AR
to close,يغلق,/juɣliq/,[sound:al_ar_xa_to_close.mp3],Google Cloud TTS<br>Voice: ar-XA-Standard-D,AnkiLangs::AR
to cook,يطبخ,/jatˤbux/,[sound:al_ar_xa_to_cook.mp3],Google Cloud TTS<br>Voice: ar-XA-Standard-D,AnkiLangs::AR
to count,يعدّ,/jaʕudd/,[sound:al_ar_xa_to_count.mp3],Google Cloud TTS<br>Voice: ar-XA-Standard-D,AnkiLangs::AR
to cry,يبكي,/jabkiː/,[sound:al_ar_xa_to_cry.mp3],Google Cloud TTS<br>Voice: ar-XA-Standard-C,AnkiLangs::AR
to cut,يقطع,/jaqtˤaʕ/,[sound:al_ar_xa_to_cut.mp3],Google Cloud TTS<br>Voice: ar-XA-Standard-C,AnkiLangs::AR
to dance,يرقص,/jarqusˤ/,[sound:al_ar_xa_to_dance.mp3],Google Cloud TTS<br>Voice: ar-XA-Standard-C,AnkiLangs::AR
to die,يموت,/jamuːt/,[sound:al_ar_xa_to_die.mp3],Google Cloud TTS<br>Voice: ar-XA-Standard-D,AnkiLangs::AR
to dig,يحفر,/jaħfir/,[sound:al_ar_xa_to_dig.mp3],Google Cloud TTS<br>Voice: ar-XA-Standard-C,AnkiLangs::AR
to draw,يرسم,/jarsim/,[sound:al_ar_xa_to_draw.mp3],Google Cloud TTS<br>Voice: ar-XA-Standard-C,AnkiLangs::AR
to drink,يشرب,/jaʃrab/,[sound:al_ar_xa_to_drink.mp3],Google Cloud TTS<br>Voice: ar-XA-Standard-D,AnkiLangs::AR
to drive,يقود,/jaquːd/,[sound:al_ar_xa_to_drive.mp3],Google Cloud TTS<br>Voice: ar-XA-Standard-D,AnkiLangs::AR
to eat,يأكل,/jaːkul/,[sound:al_ar_xa_to_eat.mp3],Google Cloud TTS<br>Voice: ar-XA-Standard-D,AnkiLangs::AR
to explode,ينفجر,/janfaʤir/,[sound:al_ar_xa_to_explode.mp3],Google Cloud TTS<br>Voice: ar-XA-Standard-C,AnkiLangs::AR
to fall,يسقط,/jasqutˤ/,[sound:al_ar_xa_to_fall.mp3],Google Cloud TTS<br>Voice: ar-XA-Standard-C,AnkiLangs::AR
to feed,يطعم,/jutˤʕim/,[sound:al_ar_xa_to_feed.mp3],Google Cloud TTS<br>Voice: ar-XA-Standard-C,AnkiLangs::AR
to fight,يقاتل,/juqaːtil/,[sound:al_ar_xa_to_fight.mp3],Google Cloud TTS<br>Voice: ar-XA-Standard-C,AnkiLangs::AR
to find,يجد,/jaʤid/,[sound:al_ar_xa_to_find.mp3],Google Cloud TTS<br>Voice: ar-XA-Standard-D,AnkiLangs::AR
to fly,يطير,/jatˤiːr/,[sound:al_ar_xa_to_fly.mp3],Google Cloud TTS<br>Voice: ar-XA-Standard-C,AnkiLangs::AR
to follow,يتبع,/jattabiʕ/,[sound:al_ar_xa_to_follow.mp3],Google Cloud TTS<br>Voice: ar-XA-Standard-C,AnkiLangs::AR
to go,يذهب,/jaðhab/,[sound:al_ar_xa_to_go.mp3],Google Cloud TTS<br>Voice: ar-XA-Standard-D,AnkiLangs::AR
to grow,ينمو,/janmuː/,[sound:al_ar_xa_to_grow.mp3],Google Cloud TTS<br>Voice: ar-XA-Standard-D,AnkiLangs::AR
to hang,يعلّق,/juʕalliq/,[sound:al_ar_xa_to_hang.mp3],Google Cloud TTS<br>Voice: ar-XA-Standard-D,AnkiLangs::AR
to hear,يسمع,/jasmaʕ/,[sound:al_ar_xa_to_hear.mp3],Google Cloud TTS<br>Voice: ar-XA-Standard-C,AnkiLangs::AR
to jump,يقفز,/jaqfiz/,[sound:al_ar_xa_to_jump.mp3],Google Cloud TTS<br>Voice: ar-XA-Standard-D,AnkiLangs::AR
to kill,يقتل,/jaqtul/,[sound:al_ar_xa_to_kill.mp3],Google Cloud TTS<br>Voice: ar-XA-Standard-C,AnkiLangs::AR
to kiss,يقبّل,/juqabbil/,[sound:al_ar_xa_to_kiss.mp3],Google Cloud TTS<br>Voice: ar-XA-Standard-D,AnkiLangs::AR
to laugh,يضحك,/jadˤħak/,[sound:al_ar_xa_to_laugh.mp3],Google Cloud TTS<br>Voice: ar-XA-Standard-D,AnkiLangs::AR
to learn,يتعلّم,/jataʕallam/,[sound:al_ar_xa_to_learn.mp3],Google Cloud TTS<br>Voice: ar-XA-Standard-C,AnkiLangs::AR
to lie down,يستلقي,/jastalqiː/,[sound:al_ar_xa_to_lie_down.mp3],Google Cloud TTS<br>Voice: ar-XA-Standard-D,AnkiLangs::AR
to lift,يرفع,/jarfaʕ/,[sound:al_ar_xa_to_lift.mp3],Google Cloud TTS<br>Voice: ar-XA-Standard-D,AnkiLangs::AR
to listen,يستمع,/jastamiʕ/,[sound:al_ar_xa_to_listen.mp3],Google Cloud TTS<br>Voice: ar-XA-Standard-D,AnkiLangs::AR
to lose,يخسر,/jaxsar/,[sound:al_ar_xa_to_lose.mp3],Google Cloud TTS<br>Voice: ar-XA-Standard-C,AnkiLangs::AR
to love,يحبّ,/juħibb/,[sound:al_ar_xa_to_love.mp3],Google Cloud TTS<br>Voice: ar-XA-Standard-D,AnkiLangs::AR
to marry,يتزوّج,/jatazawwaʤ/,[sound:al_ar_xa_to_marry.mp3],Google Cloud TTS<br>Voice: ar-XA-Standard-C,AnkiLangs::AR
to melt,يذوب,/jaðuːb/,[sound:al_ar_xa_to_melt.mp3],Google Cloud TTS<br>Voice: ar-XA-Standard-D,AnkiLangs::AR
to mix / to stir,يخلط,/jaxlitˤ/,[sound:al_ar_xa_to_mix_to_stir.mp3],Google Cloud TTS<br>Voice: ar-XA-Standard-D,AnkiLangs::AR
to open,يفتح,/jaftaħ/,[sound:al_ar_xa_to_open.mp3],Google Cloud TTS<br>Voice: ar-XA-Standard-D,AnkiLangs::AR
to pass by,يمرّ,/jamurr/,[sound:al_ar_xa_to_pass_by.mp3],Google Cloud TTS<br>Voice: ar-XA-Standard-D,AnkiLangs::AR
to pay,يدفع,/jadfaʕ/,[sound:al_ar_xa_to_pay.mp3],Google Cloud TTS<br>Voice: ar-XA-Standard-D,AnkiLangs::AR
to play,يلعب,/jalʕab/,[sound:al_ar_xa_to_play.mp3],Google Cloud TTS<br>Voice: ar-XA-Standard-D,AnkiLangs::AR
to pray,يصلّي,/jusˤalliː/,[sound:al_ar_xa_to_pray.mp3],Google Cloud TTS<br>Voice: ar-XA-Standard-C,AnkiLangs::AR
to pull,يسحب,/jasħab/,[sound:al_ar_xa_to_pull.mp3],Google Cloud TTS<br>Voice: ar-XA-Standard-C,AnkiLangs::AR
to push,يدفع,/jadfaʕ/,[sound:al_ar_xa_to_push.mp3],Google Cloud TTS<br>Voice: ar-XA-Standard-D,AnkiLangs::AR
to run,يركض,/jarkudˤ/,[sound:al_ar_xa_to_run.mp3],Google Cloud TTS<br>Voice: ar-XA-Standard-D,AnkiLangs::AR
to see,يرى,/jaraː/,[sound:al_ar_xa_to_see.mp3],Google Cloud TTS<br>Voice: ar-XA-Standard-C,AnkiLangs::AR
to sell,يبيع,/jabiːʕ/,[sound:al_ar_xa_to_sell.mp3],Google Cloud TTS<br>Voice: ar-XA-Standard-D,AnkiLangs::AR
to shake,يهزّ,/jahuzz/,[sound:al_ar_xa_to_shake.mp3],Google Cloud TTS<br>Voice: ar-XA-Standard-D,AnkiLangs::AR
to shoot,يطلق النار,/jutˤliq annaːr/,[sound:al_ar_xa_to_shoot_a_gun.mp3],Google Cloud TTS<br>Voice: ar-XA-Standard-D,AnkiLangs::AR
to sign,يوقّع,/juwaqqi ʕ/,[sound:al_ar_xa_to_sign.mp3],Google Cloud TTS<br>Voice: ar-XA-Standard-C,AnkiLangs::AR
to sing,يغنّي,/juɣanniː/,[sound:al_ar_xa_to_sing.mp3],Google Cloud TTS<br>Voice: ar-XA-Standard-D,AnkiLangs::AR
to sit,يجلس,/jaʤlis/,[sound:al_ar_xa_to_sit.mp3],Google Cloud TTS<br>Voice: ar-XA-Standard-D,AnkiLangs::AR
to sleep,ينام,/janaːm/,[sound:al_ar_xa_to_sleep.mp3],Google Cloud TTS<br>Voice: ar-XA-Standard-C,AnkiLangs::AR
to smell,يشمّ,/jaʃumm/,[sound:al_ar_xa_to_smell.mp3],Google Cloud TTS<br>Voice: ar-XA-Standard-D,AnkiLangs::AR
to smile,يبتسم,/jabtasim/,[sound:al_ar_xa_to_smile.mp3],Google Cloud TTS<br>Voice: ar-XA-Standard-C,AnkiLangs::AR
to speak / to say,يتكلّم,/jatakallam/,[sound:al_ar_xa_to_speak_to_say.mp3],Google Cloud TTS<br>Voice: ar-XA-Standard-D,AnkiLangs::AR
to stand,يقف,/jaqif/,[sound:al_ar_xa_to_stand.mp3],Google Cloud TTS<br>Voice: ar-XA-Standard-D,AnkiLangs::AR
to stop,يتوقّف,/jatawaqqaf/,[sound:al_ar_xa_to_stop.mp3],Google Cloud TTS<br>Voice: ar-XA-Standard-D,AnkiLangs::AR
to swim,يسبح,/jasbaħ/,[sound:al_ar_xa_to_swim.mp3],Google Cloud TTS<br>Voice: ar-XA-Standard-D,AnkiLangs::AR
to taste,يتذوّق,/jataðawwaq/,[sound:al_ar_xa_to_taste.mp3],Google Cloud TTS<br>Voice: ar-XA-Standard-D,AnkiLangs::AR
to teach,يعلّم,/juʕallim/,[sound:al_ar_xa_to_teach.mp3],Google Cloud TTS<br>Voice: ar-XA-Standard-C,AnkiLangs::AR
to think,يفكّر,/jufakkir/,[sound:al_ar_xa_to_think.mp3],Google Cloud TTS<br>Voice: ar-XA-Standard-C,AnkiLangs::AR
to throw,يرمي,/jarmiː/,[sound:al_ar_xa_to_throw.mp3],Google Cloud TTS<br>Voice: ar-XA-Standard-C,AnkiLangs::AR
to touch,يلمس,/jalmis/,[sound:al_ar_xa_to_touch.mp3],Google Cloud TTS<br>Voice: ar-XA-Standard-C,AnkiLangs::AR
to turn,يستدير,/jastadiːr/,[sound:al_ar_xa_to_turn.mp3],Google Cloud TTS<br>Voice: ar-XA-Standard-D,AnkiLangs::AR
to wake up,يستيقظ,/jastajqidˤ/,[sound:al_ar_xa_to_wake_up.mp3],Google Cloud TTS<br>Voice: ar-XA-Standard-D,AnkiLangs::AR
to walk,يمشي,/jamʃiː/,[sound:al_ar_xa_to_walk.mp3],Google Cloud TTS<br>Voice: ar-XA-Standard-C,AnkiLangs::AR
to wash,يغسل,/jaɣsil/,[sound:al_ar_xa_to_wash.mp3],Google Cloud TTS<br>Voice: ar-XA-Standard-D,AnkiLangs::AR
to watch,يشاهد,/juʃaːhid/,[sound:al_ar_xa_to_watch.mp3],Google Cloud TTS<br>Voice: ar-XA-Standard-D,AnkiLangs::AR
to wear,يلبس,/jalbis/,[sound:al_ar_xa_to_wear.mp3],Google Cloud TTS<br>Voice: ar-XA-Standard-D,AnkiLangs::AR
to win,يفوز,/jafuːz/,[sound:al_ar_xa_to_win.mp3],Google Cloud TTS<br>Voice: ar-XA-Standard-C,AnkiLangs::AR
to work,يعمل,/jaʕmal/,[sound:al_ar_xa_to_work.mp3],Google Cloud TTS<br>Voice: ar-XA-Standard-C,AnkiLangs::AR
to write,يكتب,/jaktub/,[sound:al_ar_xa_to_write.mp3],Google Cloud TTS<br>Voice: ar-XA-Standard-D,AnkiLangs::AR
transportation,نقل,/naql/,[sound:al_ar_xa_transportation.mp3],Google Cloud TTS<br>Voice: ar-XA-Standard-C,AnkiLangs::AR
Tuesday,الثلاثاء,/atˤtˤulaːtˤaːʔ/,[sound:al_ar_xa_tuesday.mp3],Google Cloud TTS<br>Voice: ar-XA-Standard-D,AnkiLangs::AR
twelve,اثنا عشر,/itˤnaː ʕaʃar/,[sound:al_ar_xa_twelve_12.mp3],Google Cloud TTS<br>Voice: ar-XA-Standard-C,AnkiLangs::AR
twenty,عشرون,/ʕiʃruːn/,[sound:al_ar_xa_twenty_20.mp3],Google Cloud TTS<br>Voice: ar-XA-Standard-D,AnkiLangs::AR
twenty-one,واحد وعشرون,/waːħid wa ʕiʃruːn/,[sound:al_ar_xa_twenty_one_21.mp3],Google Cloud TTS<br>Voice: ar-XA-Standard-D,AnkiLangs::AR
twenty-two,اثنان وعشرون,/itˤnaːn wa ʕiʃruːn/,[sound:al_ar_xa_twenty_two_22.mp3],Google Cloud TTS<br>Voice: ar-XA-Standard-D,AnkiLangs::AR
two,اثنان,/itˤnaːn/,[sound:al_ar_xa_two_2.mp3],Google Cloud TTS<br>Voice: ar-XA-Standard-D,AnkiLangs::AR
ugly,قبيح,/qabiːħ/,[sound:al_ar_xa_ugly.mp3],Google Cloud TTS<br>Voice: ar-XA-Standard-D,AnkiLangs::AR
up,فوق,/fawq/,[sound:al_ar_xa_up.mp3],Google Cloud TTS<br>Voice: ar-XA-Standard-D,AnkiLangs::AR
war,حرب,/ħarb/,[sound:al_ar_xa_war.mp3],Google Cloud TTS<br>Voice: ar-XA-Standard-D,AnkiLangs::AR
warm,دافئ,/daːfiʔ/,[sound:al_ar_xa_warm.mp3],Google Cloud TTS<br>Voice: ar-XA-Standard-D,AnkiLangs::AR
water,ماء,/maːʔ/,[sound:al_ar_xa_water.mp3],Google Cloud TTS<br>Voice: ar-XA-Standard-D,AnkiLangs::AR
we,نحن,/naħnu/,[sound:al_ar_xa_we.mp3],Google Cloud TTS<br>Voice: ar-XA-Standard-D,AnkiLangs::AR
weak,ضعيف,/dˤaʕiːf/,[sound:al_ar_xa_weak.mp3],Google Cloud TTS<br>Voice: ar-XA-Standard-D,AnkiLangs::AR
wedding,زفاف,/zafaːf/,[sound:al_ar_xa_wedding.mp3],Google Cloud TTS<br>Voice: ar-XA-Standard-C,AnkiLangs::AR
Wednesday,الأربعاء,/alʔarbiʕaːʔ/,[sound:al_ar_xa_wednesday.mp3],Google Cloud TTS<br>Voice: ar-XA-Standard-C,AnkiLangs::AR
weight,وزن,/wazn/,[sound:al_ar_xa_weight.mp3],Google Cloud TTS<br>Voice: ar-XA-Standard-C,AnkiLangs::AR
wet,مبلّل,/muballal/,[sound:al_ar_xa_wet.mp3],Google Cloud TTS<br>Voice: ar-XA-Standard-D,AnkiLangs::AR
white,أبيض,/ʔabjadˤ/,[sound:al_ar_xa_white.mp3],Google Cloud TTS<br>Voice: ar-XA-Standard-C,AnkiLangs::AR
wide,واسع,/waːsiʕ/,[sound:al_ar_xa_wide.mp3],Google Cloud TTS<br>Voice: ar-XA-Standard-C,AnkiLangs::AR
wine,نبيذ,/nabiːð/,[sound:al_ar_xa_wine.mp3],Google Cloud TTS<br>Voice: ar-XA-Standard-C,AnkiLangs::AR
wood,خشب,/xaʃab/,[sound:al_ar_xa_wood.mp3],Google Cloud TTS<br>Voice: ar-XA-Standard-C,AnkiLangs::AR
yellow,أصفر,/ʔasˤfar/,[sound:al_ar_xa_yellow.mp3],Google Cloud TTS<br>Voice: ar-XA-Standard-D,AnkiLangs::AR
yes,نعم,/naʕam/,[sound:al_ar_xa_yes.mp3],Google Cloud TTS<br>Voice: ar-XA-Standard-D,AnkiLangs::AR
"you [plural, y'all]",أنتم,/ʔantum/,[sound:al_ar_xa_you_plural_y_all.mp3],Google Cloud TTS<br>Voice: ar-XA-Standard-D,AnkiLangs::AR
you [singular],أنت,/ʔanta/,[sound:al_ar_xa_you_singular.mp3],Google Cloud TTS<br>Voice: ar-XA-Standard-C,AnkiLangs::AR
young,شاب,/ʃaːbb/,[sound:al_ar_xa_young.mp3],Google Cloud TTS<br>Voice: ar-XA-Standard-C,AnkiLangs::AR
