key,text:nb,ipa:nb,audio:nb,audio source:nb,tags:nb
alive,levende,/ˈleːvənə/,[sound:al_nb_no_alive.mp3],Google Cloud TTS<br>Voice: nb-NO-Standard-F,AnkiLangs::NB
April,april,/aˈpʁiːl/,[sound:al_nb_no_april.mp3],Google Cloud TTS<br>Voice: nb-NO-Standard-F,AnkiLangs::NB
art,kunst,/kʉnst/,[sound:al_nb_no_art.mp3],Google Cloud TTS<br>Voice: nb-NO-Standard-G,AnkiLangs::NB
August,august,/aʉˈɡʉst/,[sound:al_nb_no_august.mp3],Google Cloud TTS<br>Voice: nb-NO-Standard-F,AnkiLangs::NB
bad,dårlig,/ˈdɔːɭi/,[sound:al_nb_no_bad.mp3],Google Cloud TTS<br>Voice: nb-NO-Standard-F,AnkiLangs::NB
beautiful,vakker,/ˈvɑkːəʁ/,[sound:al_nb_no_beautiful.mp3],Google Cloud TTS<br>Voice: nb-NO-Standard-F,AnkiLangs::NB
beer,øl,/øːl/,[sound:al_nb_no_beer.mp3],Google Cloud TTS<br>Voice: nb-NO-Standard-F,AnkiLangs::NB
big / large,stor,/stuːʁ/,[sound:al_nb_no_big_large.mp3],Google Cloud TTS<br>Voice: nb-NO-Standard-G,AnkiLangs::NB
black,svart,/svɑʈː/,[sound:al_nb_no_black.mp3],Google Cloud TTS<br>Voice: nb-NO-Standard-F,AnkiLangs::NB
blind,blind,/blɪnː/,[sound:al_nb_no_blind.mp3],Google Cloud TTS<br>Voice: nb-NO-Standard-F,AnkiLangs::NB
blood,blod,/bluː/,[sound:al_nb_no_blood.mp3],Google Cloud TTS<br>Voice: nb-NO-Standard-F,AnkiLangs::NB
blue,blå,/bloː/,[sound:al_nb_no_blue.mp3],Google Cloud TTS<br>Voice: nb-NO-Standard-F,AnkiLangs::NB
breakfast,frokost,/ˈfruːkɔst/,[sound:al_nb_no_breakfast.mp3],Google Cloud TTS<br>Voice: nb-NO-Standard-F,AnkiLangs::NB
brown,brun,/brʉːn/,[sound:al_nb_no_brown.mp3],Google Cloud TTS<br>Voice: nb-NO-Standard-G,AnkiLangs::NB
cheap,billig,/ˈbɪlːi/,[sound:al_nb_no_cheap.mp3],Google Cloud TTS<br>Voice: nb-NO-Standard-F,AnkiLangs::NB
clay,leire,/ˈlæiːrə/,[sound:al_nb_no_clay.mp3],Google Cloud TTS<br>Voice: nb-NO-Standard-F,AnkiLangs::NB
clean,ren,/reːn/,[sound:al_nb_no_clean.mp3],Google Cloud TTS<br>Voice: nb-NO-Standard-F,AnkiLangs::NB
coffee,kaffe,/ˈkɑfːə/,[sound:al_nb_no_coffee.mp3],Google Cloud TTS<br>Voice: nb-NO-Standard-F,AnkiLangs::NB
cold,kald,/kɑl/,[sound:al_nb_no_cold.mp3],Google Cloud TTS<br>Voice: nb-NO-Standard-F,AnkiLangs::NB
cool,kjølig,/ˈçøːli/,[sound:al_nb_no_cool.mp3],Google Cloud TTS<br>Voice: nb-NO-Standard-F,AnkiLangs::NB
copper,kobber,/ˈkɔbːəʁ/,[sound:al_nb_no_copper.mp3],Google Cloud TTS<br>Voice: nb-NO-Standard-F,AnkiLangs::NB
curved,buet,/ˈbʉːət/,[sound:al_nb_no_curved.mp3],Google Cloud TTS<br>Voice: nb-NO-Standard-G,AnkiLangs::NB
dark,mørk,/mœʁk/,[sound:al_nb_no_dark.mp3],Google Cloud TTS<br>Voice: nb-NO-Standard-F,AnkiLangs::NB
dark blue,mørkeblå,/ˈmœʁkəbloː/,[sound:al_nb_no_dark_blue.mp3],Google Cloud TTS<br>Voice: nb-NO-Standard-G,AnkiLangs::NB
dead,død,/døː/,[sound:al_nb_no_dead.mp3],Google Cloud TTS<br>Voice: nb-NO-Standard-G,AnkiLangs::NB
deaf,døv,/døːv/,[sound:al_nb_no_deaf.mp3],Google Cloud TTS<br>Voice: nb-NO-Standard-F,AnkiLangs::NB
death,død,/døː/,[sound:al_nb_no_death.mp3],Google Cloud TTS<br>Voice: nb-NO-Standard-F,AnkiLangs::NB
December,desember,/deˈsɛmbəʁ/,[sound:al_nb_no_december.mp3],Google Cloud TTS<br>Voice: nb-NO-Standard-G,AnkiLangs::NB
deep,dyp,/dyːp/,[sound:al_nb_no_deep.mp3],Google Cloud TTS<br>Voice: nb-NO-Standard-G,AnkiLangs::NB
diamond,diamant,/diɑˈmɑnt/,[sound:al_nb_no_diamond.mp3],Google Cloud TTS<br>Voice: nb-NO-Standard-G,AnkiLangs::NB
dinner,middag,/ˈmɪdːɑː/,[sound:al_nb_no_dinner.mp3],Google Cloud TTS<br>Voice: nb-NO-Standard-F,AnkiLangs::NB
dirty,skitten,/ˈʂɪtːən/,[sound:al_nb_no_dirty.mp3],Google Cloud TTS<br>Voice: nb-NO-Standard-F,AnkiLangs::NB
disease,sykdom,/ˈsyːkdɔm/,[sound:al_nb_no_disease.mp3],Google Cloud TTS<br>Voice: nb-NO-Standard-G,AnkiLangs::NB
down,ned,/neː/,[sound:al_nb_no_down.mp3],Google Cloud TTS<br>Voice: nb-NO-Standard-F,AnkiLangs::NB
dry,tørr,/tœrː/,[sound:al_nb_no_dry.mp3],Google Cloud TTS<br>Voice: nb-NO-Standard-F,AnkiLangs::NB
dust,støv,/støːv/,[sound:al_nb_no_dust.mp3],Google Cloud TTS<br>Voice: nb-NO-Standard-G,AnkiLangs::NB
Earth,jorden,/ˈjuːɖən/,[sound:al_nb_no_earth.mp3],Google Cloud TTS<br>Voice: nb-NO-Standard-F,AnkiLangs::NB
eight (8),åtte,/ˈɔtːə/,[sound:al_nb_no_eight_8.mp3],Google Cloud TTS<br>Voice: nb-NO-Standard-G,AnkiLangs::NB
eighteen (18),atten,/ˈɑtːən/,[sound:al_nb_no_eighteen_18.mp3],Google Cloud TTS<br>Voice: nb-NO-Standard-G,AnkiLangs::NB
eighty (80),åtti,/ˈɔtːi/,[sound:al_nb_no_eighty_80.mp3],Google Cloud TTS<br>Voice: nb-NO-Standard-G,AnkiLangs::NB
eighty-one (81),åttién,/ˌɔtːiˈeːn/,[sound:al_nb_no_eighty_one_81.mp3],Google Cloud TTS<br>Voice: nb-NO-Standard-F,AnkiLangs::NB
eighty-two (82),åttito,/ˌɔtːiˈtuː/,[sound:al_nb_no_eighty_two_82.mp3],Google Cloud TTS<br>Voice: nb-NO-Standard-G,AnkiLangs::NB
eleven (11),elleve,/ˈɛlːəvə/,[sound:al_nb_no_eleven_11.mp3],Google Cloud TTS<br>Voice: nb-NO-Standard-F,AnkiLangs::NB
energy,energi,/ɛnəʁˈɡiː/,[sound:al_nb_no_energy.mp3],Google Cloud TTS<br>Voice: nb-NO-Standard-G,AnkiLangs::NB
exercise,øvelse,/ˈøːvəlsə/,[sound:al_nb_no_exercise.mp3],Google Cloud TTS<br>Voice: nb-NO-Standard-F,AnkiLangs::NB
expensive,dyr,/dyːʁ/,[sound:al_nb_no_expensive.mp3],Google Cloud TTS<br>Voice: nb-NO-Standard-G,AnkiLangs::NB
famous,berømt,/bəˈrømt/,[sound:al_nb_no_famous.mp3],Google Cloud TTS<br>Voice: nb-NO-Standard-G,AnkiLangs::NB
fast,rask,/rɑsk/,[sound:al_nb_no_fast.mp3],Google Cloud TTS<br>Voice: nb-NO-Standard-F,AnkiLangs::NB
February,februar,/febʉˈɑːʁ/,[sound:al_nb_no_february.mp3],Google Cloud TTS<br>Voice: nb-NO-Standard-F,AnkiLangs::NB
female,kvinne,/ˈkvɪnːə/,[sound:al_nb_no_female.mp3],Google Cloud TTS<br>Voice: nb-NO-Standard-F,AnkiLangs::NB
fifteen (15),femten,/ˈfɛmtən/,[sound:al_nb_no_fifteen_15.mp3],Google Cloud TTS<br>Voice: nb-NO-Standard-F,AnkiLangs::NB
fifth (5th),femte,/ˈfɛmtə/,[sound:al_nb_no_fifth_5th.mp3],Google Cloud TTS<br>Voice: nb-NO-Standard-G,AnkiLangs::NB
fifty (50),femti,/ˈfɛmti/,[sound:al_nb_no_fifty_50.mp3],Google Cloud TTS<br>Voice: nb-NO-Standard-F,AnkiLangs::NB
fifty-one (51),femtién,/ˌfɛmtiˈeːn/,[sound:al_nb_no_fifty_one_51.mp3],Google Cloud TTS<br>Voice: nb-NO-Standard-F,AnkiLangs::NB
fifty-two (52),femtito,/ˌfɛmtiˈtuː/,[sound:al_nb_no_fifty_two_52.mp3],Google Cloud TTS<br>Voice: nb-NO-Standard-F,AnkiLangs::NB
first (1st),første,/ˈføʂʈə/,[sound:al_nb_no_first_1st.mp3],Google Cloud TTS<br>Voice: nb-NO-Standard-G,AnkiLangs::NB
five (5),fem,/fɛm/,[sound:al_nb_no_five_5.mp3],Google Cloud TTS<br>Voice: nb-NO-Standard-G,AnkiLangs::NB
flat,flat,/flɑːt/,[sound:al_nb_no_flat.mp3],Google Cloud TTS<br>Voice: nb-NO-Standard-G,AnkiLangs::NB
food,mat,/mɑːt/,[sound:al_nb_no_food.mp3],Google Cloud TTS<br>Voice: nb-NO-Standard-G,AnkiLangs::NB
forty (40),førti,/ˈføʈːi/,[sound:al_nb_no_forty_40.mp3],Google Cloud TTS<br>Voice: nb-NO-Standard-F,AnkiLangs::NB
forty-one (41),førtién,/ˌføʈːiˈeːn/,[sound:al_nb_no_forty_one_41.mp3],Google Cloud TTS<br>Voice: nb-NO-Standard-G,AnkiLangs::NB
forty-two (42),førtito,/ˌføʈːiˈtuː/,[sound:al_nb_no_forty_two_42.mp3],Google Cloud TTS<br>Voice: nb-NO-Standard-G,AnkiLangs::NB
four (4),fire,/ˈfiːrə/,[sound:al_nb_no_four_4.mp3],Google Cloud TTS<br>Voice: nb-NO-Standard-F,AnkiLangs::NB
fourteen (14),fjorten,/ˈfjuːʈən/,[sound:al_nb_no_fourteen_14.mp3],Google Cloud TTS<br>Voice: nb-NO-Standard-G,AnkiLangs::NB
fourth (4th),fjerde,/ˈfjæːɖə/,[sound:al_nb_no_fourth_4th.mp3],Google Cloud TTS<br>Voice: nb-NO-Standard-F,AnkiLangs::NB
Friday,fredag,/ˈfreːdɑː/,[sound:al_nb_no_friday.mp3],Google Cloud TTS<br>Voice: nb-NO-Standard-F,AnkiLangs::NB
glass [material],glass,/glɑsː/,[sound:al_nb_no_glass.mp3],Google Cloud TTS<br>Voice: nb-NO-Standard-F,AnkiLangs::NB
God,Gud,/gʉː/,[sound:al_nb_no_god.mp3],Google Cloud TTS<br>Voice: nb-NO-Standard-F,AnkiLangs::NB
gold,gull,/gʉlː/,[sound:al_nb_no_gold.mp3],Google Cloud TTS<br>Voice: nb-NO-Standard-G,AnkiLangs::NB
good,god,/guː/,[sound:al_nb_no_good.mp3],Google Cloud TTS<br>Voice: nb-NO-Standard-G,AnkiLangs::NB
gray,grå,/groː/,[sound:al_nb_no_gray.mp3],Google Cloud TTS<br>Voice: nb-NO-Standard-G,AnkiLangs::NB
green,grønn,/grønː/,[sound:al_nb_no_green.mp3],Google Cloud TTS<br>Voice: nb-NO-Standard-F,AnkiLangs::NB
happy,glad,/glɑː/,[sound:al_nb_no_happy.mp3],Google Cloud TTS<br>Voice: nb-NO-Standard-G,AnkiLangs::NB
hard,hard,/hɑːɖ/,[sound:al_nb_no_hard.mp3],Google Cloud TTS<br>Voice: nb-NO-Standard-F,AnkiLangs::NB
he,han,/hɑn/,[sound:al_nb_no_he.mp3],Google Cloud TTS<br>Voice: nb-NO-Standard-F,AnkiLangs::NB
healthy,frisk,/frɪsk/,[sound:al_nb_no_healthy.mp3],Google Cloud TTS<br>Voice: nb-NO-Standard-F,AnkiLangs::NB
heaven,himmel,/ˈhɪmːəl/,[sound:al_nb_no_heaven.mp3],Google Cloud TTS<br>Voice: nb-NO-Standard-G,AnkiLangs::NB
heavy,tung,/tʉŋː/,[sound:al_nb_no_heavy.mp3],Google Cloud TTS<br>Voice: nb-NO-Standard-G,AnkiLangs::NB
hell,helvete,/ˈhɛlvətə/,[sound:al_nb_no_hell.mp3],Google Cloud TTS<br>Voice: nb-NO-Standard-G,AnkiLangs::NB
high,høy,/høy/,[sound:al_nb_no_high.mp3],Google Cloud TTS<br>Voice: nb-NO-Standard-F,AnkiLangs::NB
hot,het,/heːt/,[sound:al_nb_no_hot.mp3],Google Cloud TTS<br>Voice: nb-NO-Standard-F,AnkiLangs::NB
I,jeg,/jæi/,[sound:al_nb_no_i.mp3],Google Cloud TTS<br>Voice: nb-NO-Standard-G,AnkiLangs::NB
it,det,/deː/,[sound:al_nb_no_it.mp3],Google Cloud TTS<br>Voice: nb-NO-Standard-F,AnkiLangs::NB
January,januar,/jɑnʉˈɑːʁ/,[sound:al_nb_no_january.mp3],Google Cloud TTS<br>Voice: nb-NO-Standard-G,AnkiLangs::NB
juice,juice,/juːs/,[sound:al_nb_no_juice.mp3],Google Cloud TTS<br>Voice: nb-NO-Standard-G,AnkiLangs::NB
July,juli,/jʉˈliː/,[sound:al_nb_no_july.mp3],Google Cloud TTS<br>Voice: nb-NO-Standard-G,AnkiLangs::NB
June,juni,/ˈjʉːni/,[sound:al_nb_no_june.mp3],Google Cloud TTS<br>Voice: nb-NO-Standard-F,AnkiLangs::NB
left,venstre,/ˈvɛnstrə/,[sound:al_nb_no_left.mp3],Google Cloud TTS<br>Voice: nb-NO-Standard-G,AnkiLangs::NB
"light [opposite of ""dark""]",lys,/lyːs/,[sound:al_nb_no_light_opposite_of_dark.mp3],Google Cloud TTS<br>Voice: nb-NO-Standard-F,AnkiLangs::NB
"light [opposite of ""heavy""]",lett,/lɛtː/,[sound:al_nb_no_light_opposite_of_heavy.mp3],Google Cloud TTS<br>Voice: nb-NO-Standard-F,AnkiLangs::NB
light blue,lyseblå,/ˈlyːsəbloː/,[sound:al_nb_no_light_blue.mp3],Google Cloud TTS<br>Voice: nb-NO-Standard-G,AnkiLangs::NB
long,lang,/lɑŋː/,[sound:al_nb_no_long.mp3],Google Cloud TTS<br>Voice: nb-NO-Standard-G,AnkiLangs::NB
loose,løs,/løːs/,[sound:al_nb_no_loose.mp3],Google Cloud TTS<br>Voice: nb-NO-Standard-G,AnkiLangs::NB
loud,høy,/høy/,[sound:al_nb_no_loud.mp3],Google Cloud TTS<br>Voice: nb-NO-Standard-G,AnkiLangs::NB
low,lav,/lɑːv/,[sound:al_nb_no_low.mp3],Google Cloud TTS<br>Voice: nb-NO-Standard-F,AnkiLangs::NB
lunch,lunsj,/lʉnʃ/,[sound:al_nb_no_lunch.mp3],Google Cloud TTS<br>Voice: nb-NO-Standard-F,AnkiLangs::NB
male,mann,/mɑnː/,[sound:al_nb_no_male.mp3],Google Cloud TTS<br>Voice: nb-NO-Standard-G,AnkiLangs::NB
March,mars,/mɑʂː/,[sound:al_nb_no_march.mp3],Google Cloud TTS<br>Voice: nb-NO-Standard-F,AnkiLangs::NB
marriage,ekteskap,/ˈɛktəskɑːp/,[sound:al_nb_no_marriage.mp3],Google Cloud TTS<br>Voice: nb-NO-Standard-F,AnkiLangs::NB
material,materiale,/mɑtəriˈɑːlə/,[sound:al_nb_no_material.mp3],Google Cloud TTS<br>Voice: nb-NO-Standard-F,AnkiLangs::NB
May,mai,/mɑi/,[sound:al_nb_no_may.mp3],Google Cloud TTS<br>Voice: nb-NO-Standard-F,AnkiLangs::NB
mean,slem,/sleːm/,[sound:al_nb_no_mean.mp3],Google Cloud TTS<br>Voice: nb-NO-Standard-F,AnkiLangs::NB
medicine,medisin,/mɛdiˈsiːn/,[sound:al_nb_no_medicine.mp3],Google Cloud TTS<br>Voice: nb-NO-Standard-G,AnkiLangs::NB
metal,metall,/mɛˈtɑlː/,[sound:al_nb_no_metal.mp3],Google Cloud TTS<br>Voice: nb-NO-Standard-F,AnkiLangs::NB
milk,melk,/mɛlk/,[sound:al_nb_no_milk.mp3],Google Cloud TTS<br>Voice: nb-NO-Standard-G,AnkiLangs::NB
Monday,mandag,/ˈmɑnːdɑː/,[sound:al_nb_no_monday.mp3],Google Cloud TTS<br>Voice: nb-NO-Standard-G,AnkiLangs::NB
money,penger,/ˈpɛŋːəʁ/,[sound:al_nb_no_money.mp3],Google Cloud TTS<br>Voice: nb-NO-Standard-G,AnkiLangs::NB
murder,mord,/muːɖ/,[sound:al_nb_no_murder.mp3],Google Cloud TTS<br>Voice: nb-NO-Standard-G,AnkiLangs::NB
music,musikk,/mʉˈsɪkː/,[sound:al_nb_no_music.mp3],Google Cloud TTS<br>Voice: nb-NO-Standard-F,AnkiLangs::NB
narrow,smal,/smɑːl/,[sound:al_nb_no_narrow.mp3],Google Cloud TTS<br>Voice: nb-NO-Standard-F,AnkiLangs::NB
nature,natur,/nɑˈtʉːʁ/,[sound:al_nb_no_nature.mp3],Google Cloud TTS<br>Voice: nb-NO-Standard-G,AnkiLangs::NB
new,ny,/nyː/,[sound:al_nb_no_new.mp3],Google Cloud TTS<br>Voice: nb-NO-Standard-G,AnkiLangs::NB
nice,hyggelig,/ˈhʏɡːəli/,[sound:al_nb_no_nice.mp3],Google Cloud TTS<br>Voice: nb-NO-Standard-F,AnkiLangs::NB
nine (9),ni,/niː/,[sound:al_nb_no_nine_9.mp3],Google Cloud TTS<br>Voice: nb-NO-Standard-G,AnkiLangs::NB
nineteen (19),nitten,/ˈnɪtːən/,[sound:al_nb_no_nineteen_19.mp3],Google Cloud TTS<br>Voice: nb-NO-Standard-G,AnkiLangs::NB
ninety (90),nitti,/ˈnɪtːi/,[sound:al_nb_no_ninety_90.mp3],Google Cloud TTS<br>Voice: nb-NO-Standard-F,AnkiLangs::NB
ninety-one (91),nittién,/ˌnɪtːiˈeːn/,[sound:al_nb_no_ninety_one_91.mp3],Google Cloud TTS<br>Voice: nb-NO-Standard-G,AnkiLangs::NB
ninety-two (92),nittito,/ˌnɪtːiˈtuː/,[sound:al_nb_no_ninety_two_92.mp3],Google Cloud TTS<br>Voice: nb-NO-Standard-F,AnkiLangs::NB
no,nei,/næi/,[sound:al_nb_no_no.mp3],Google Cloud TTS<br>Voice: nb-NO-Standard-G,AnkiLangs::NB
November,november,/nɔˈvɛmbəʁ/,[sound:al_nb_no_november.mp3],Google Cloud TTS<br>Voice: nb-NO-Standard-F,AnkiLangs::NB
nuclear,nukleær,/nʉkleˈæːʁ/,[sound:al_nb_no_nuclear.mp3],Google Cloud TTS<br>Voice: nb-NO-Standard-F,AnkiLangs::NB
October,oktober,/ɔkˈtoːbəʁ/,[sound:al_nb_no_october.mp3],Google Cloud TTS<br>Voice: nb-NO-Standard-G,AnkiLangs::NB
oil,olje,/ˈɔljə/,[sound:al_nb_no_oil.mp3],Google Cloud TTS<br>Voice: nb-NO-Standard-F,AnkiLangs::NB
"old [opposite of ""new""]",gammel,/ˈɡɑmːəl/,[sound:al_nb_no_old_opposite_of_new.mp3],Google Cloud TTS<br>Voice: nb-NO-Standard-F,AnkiLangs::NB
"old [opposite of ""young""]",gammel,/ˈɡɑmːəl/,[sound:al_nb_no_old_opposite_of_young.mp3],Google Cloud TTS<br>Voice: nb-NO-Standard-G,AnkiLangs::NB
one (1),én,/eːn/,[sound:al_nb_no_one_1.mp3],Google Cloud TTS<br>Voice: nb-NO-Standard-F,AnkiLangs::NB
"one billion (1,000,000,000)",én milliard,/eːn mɪlˈjɑːɖ/,[sound:al_nb_no_one_billion_1_000_000_000.mp3],Google Cloud TTS<br>Voice: nb-NO-Standard-F,AnkiLangs::NB
one hundred (100),ett hundre,/ɛtː ˈhʉndrə/,[sound:al_nb_no_one_hundred_100.mp3],Google Cloud TTS<br>Voice: nb-NO-Standard-G,AnkiLangs::NB
one hundred eleven (111),ett hundre og elleve,/ɛtː ˈhʉndrə ɔ ˈɛlːəvə/,[sound:al_nb_no_one_hundred_eleven_111.mp3],Google Cloud TTS<br>Voice: nb-NO-Standard-G,AnkiLangs::NB
one hundred one (101),ett hundre og én,/ɛtː ˈhʉndrə ɔ eːn/,[sound:al_nb_no_one_hundred_one_101.mp3],Google Cloud TTS<br>Voice: nb-NO-Standard-F,AnkiLangs::NB
one hundred ten (110),ett hundre og ti,/ɛtː ˈhʉndrə ɔ tiː/,[sound:al_nb_no_one_hundred_ten_110.mp3],Google Cloud TTS<br>Voice: nb-NO-Standard-F,AnkiLangs::NB
"one hundred thousand (100,000)",ett hundre tusen,/ɛtː ˈhʉndrə ˈtʉːsən/,[sound:al_nb_no_one_hundred_thousand_100_000.mp3],Google Cloud TTS<br>Voice: nb-NO-Standard-G,AnkiLangs::NB
one hundred two (102),ett hundre og to,/ɛtː ˈhʉndrə ɔ tuː/,[sound:al_nb_no_one_hundred_two_102.mp3],Google Cloud TTS<br>Voice: nb-NO-Standard-G,AnkiLangs::NB
"one million (1,000,000)",én million,/eːn mɪlˈjuːn/,[sound:al_nb_no_one_million_1_000_000.mp3],Google Cloud TTS<br>Voice: nb-NO-Standard-F,AnkiLangs::NB
one thousand (1000),ett tusen,/ɛtː ˈtʉːsən/,[sound:al_nb_no_one_thousand_1000.mp3],Google Cloud TTS<br>Voice: nb-NO-Standard-F,AnkiLangs::NB
one thousand one (1001),ett tusen og én,/ɛtː ˈtʉːsən ɔ eːn/,[sound:al_nb_no_one_thousand_one_1001.mp3],Google Cloud TTS<br>Voice: nb-NO-Standard-F,AnkiLangs::NB
orange,oransje,/ʊˈrɑnʃə/,[sound:al_nb_no_orange.mp3],Google Cloud TTS<br>Voice: nb-NO-Standard-F,AnkiLangs::NB
pain,smerte,/ˈsmæːʈə/,[sound:al_nb_no_pain.mp3],Google Cloud TTS<br>Voice: nb-NO-Standard-F,AnkiLangs::NB
peace,fred,/freː/,[sound:al_nb_no_peace.mp3],Google Cloud TTS<br>Voice: nb-NO-Standard-G,AnkiLangs::NB
pink,rosa,/ˈruːsɑ/,[sound:al_nb_no_pink.mp3],Google Cloud TTS<br>Voice: nb-NO-Standard-F,AnkiLangs::NB
plastic,plast,/plɑst/,[sound:al_nb_no_plastic.mp3],Google Cloud TTS<br>Voice: nb-NO-Standard-F,AnkiLangs::NB
poison,gift,/jɪft/,[sound:al_nb_no_poison.mp3],Google Cloud TTS<br>Voice: nb-NO-Standard-F,AnkiLangs::NB
poor,fattig,/ˈfɑtːi/,[sound:al_nb_no_poor.mp3],Google Cloud TTS<br>Voice: nb-NO-Standard-G,AnkiLangs::NB
prison,fengsel,/ˈfɛŋːsəl/,[sound:al_nb_no_prison.mp3],Google Cloud TTS<br>Voice: nb-NO-Standard-F,AnkiLangs::NB
quiet,stille,/ˈstɪlːə/,[sound:al_nb_no_quiet.mp3],Google Cloud TTS<br>Voice: nb-NO-Standard-G,AnkiLangs::NB
race [human group],rase,/ˈrɑːsə/,[sound:al_nb_no_race_ethnicity.mp3],Google Cloud TTS<br>Voice: nb-NO-Standard-G,AnkiLangs::NB
race [sport],løp,/løːp/,[sound:al_nb_no_race_sport.mp3],Google Cloud TTS<br>Voice: nb-NO-Standard-F,AnkiLangs::NB
red,rød,/røː/,[sound:al_nb_no_red.mp3],Google Cloud TTS<br>Voice: nb-NO-Standard-F,AnkiLangs::NB
relationship,forhold,/fɔʁˈhɔl/,[sound:al_nb_no_relationship.mp3],Google Cloud TTS<br>Voice: nb-NO-Standard-G,AnkiLangs::NB
religion,religion,/rɛliˈjuːn/,[sound:al_nb_no_religion.mp3],Google Cloud TTS<br>Voice: nb-NO-Standard-G,AnkiLangs::NB
rice,ris,/riːs/,[sound:al_nb_no_rice.mp3],Google Cloud TTS<br>Voice: nb-NO-Standard-G,AnkiLangs::NB
rich,rik,/riːk/,[sound:al_nb_no_rich.mp3],Google Cloud TTS<br>Voice: nb-NO-Standard-G,AnkiLangs::NB
right [direction],høyre,/ˈhøyrə/,[sound:al_nb_no_right.mp3],Google Cloud TTS<br>Voice: nb-NO-Standard-G,AnkiLangs::NB
sad,trist,/trɪst/,[sound:al_nb_no_sad.mp3],Google Cloud TTS<br>Voice: nb-NO-Standard-F,AnkiLangs::NB
salt,salt,/sɑlt/,[sound:al_nb_no_salt.mp3],Google Cloud TTS<br>Voice: nb-NO-Standard-F,AnkiLangs::NB
Saturday,lørdag,/ˈløːɖɑː/,[sound:al_nb_no_saturday.mp3],Google Cloud TTS<br>Voice: nb-NO-Standard-F,AnkiLangs::NB
science,vitenskap,/ˈviːtənskɑːp/,[sound:al_nb_no_science.mp3],Google Cloud TTS<br>Voice: nb-NO-Standard-F,AnkiLangs::NB
second (2nd),andre,/ˈɑndrə/,[sound:al_nb_no_second_2nd.mp3],Google Cloud TTS<br>Voice: nb-NO-Standard-G,AnkiLangs::NB
September,september,/sɛpˈtɛmbəʁ/,[sound:al_nb_no_september.mp3],Google Cloud TTS<br>Voice: nb-NO-Standard-F,AnkiLangs::NB
seven (7),sju,/ʃʉː/,[sound:al_nb_no_seven_7.mp3],Google Cloud TTS<br>Voice: nb-NO-Standard-F,AnkiLangs::NB
seventeen (17),sytten,/ˈsʏtːən/,[sound:al_nb_no_seventeen_17.mp3],Google Cloud TTS<br>Voice: nb-NO-Standard-F,AnkiLangs::NB
seventy (70),sytti,/ˈsʏtːi/,[sound:al_nb_no_seventy_70.mp3],Google Cloud TTS<br>Voice: nb-NO-Standard-F,AnkiLangs::NB
seventy-one (71),syttién,/ˌsʏtːiˈeːn/,[sound:al_nb_no_seventy_one_71.mp3],Google Cloud TTS<br>Voice: nb-NO-Standard-F,AnkiLangs::NB
seventy-two (72),syttito,/ˌsʏtːiˈtuː/,[sound:al_nb_no_seventy_two_72.mp3],Google Cloud TTS<br>Voice: nb-NO-Standard-F,AnkiLangs::NB
sex [gender],kjønn,/çønː/,[sound:al_nb_no_sex_gender.mp3],Google Cloud TTS<br>Voice: nb-NO-Standard-F,AnkiLangs::NB
sex [the act],sex,/sɛks/,[sound:al_nb_no_sex_the_act.mp3],Google Cloud TTS<br>Voice: nb-NO-Standard-F,AnkiLangs::NB
shallow,grunn,/grʉnː/,[sound:al_nb_no_shallow.mp3],Google Cloud TTS<br>Voice: nb-NO-Standard-F,AnkiLangs::NB
she,hun,/hʉn/,[sound:al_nb_no_she.mp3],Google Cloud TTS<br>Voice: nb-NO-Standard-G,AnkiLangs::NB
"short [opposite of ""long""]",kort,/kɔʈː/,[sound:al_nb_no_short_opposite_of_long.mp3],Google Cloud TTS<br>Voice: nb-NO-Standard-F,AnkiLangs::NB
"short [opposite of ""tall""]",lav,/lɑːv/,[sound:al_nb_no_short_opposite_of_tall.mp3],Google Cloud TTS<br>Voice: nb-NO-Standard-F,AnkiLangs::NB
sick,syk,/syːk/,[sound:al_nb_no_sick.mp3],Google Cloud TTS<br>Voice: nb-NO-Standard-G,AnkiLangs::NB
silver,sølv,/sølv/,[sound:al_nb_no_silver.mp3],Google Cloud TTS<br>Voice: nb-NO-Standard-G,AnkiLangs::NB
six (6),seks,/sɛks/,[sound:al_nb_no_six_6.mp3],Google Cloud TTS<br>Voice: nb-NO-Standard-F,AnkiLangs::NB
sixteen (16),seksten,/ˈsæistən/,[sound:al_nb_no_sixteen_16.mp3],Google Cloud TTS<br>Voice: nb-NO-Standard-F,AnkiLangs::NB
sixty (60),seksti,/ˈsɛksti/,[sound:al_nb_no_sixty_60.mp3],Google Cloud TTS<br>Voice: nb-NO-Standard-G,AnkiLangs::NB
sixty-one (61),sekstién,/ˌsɛkstiˈeːn/,[sound:al_nb_no_sixty_one_61.mp3],Google Cloud TTS<br>Voice: nb-NO-Standard-F,AnkiLangs::NB
sixty-two (62),sekstito,/ˌsɛkstiˈtuː/,[sound:al_nb_no_sixty_two_62.mp3],Google Cloud TTS<br>Voice: nb-NO-Standard-G,AnkiLangs::NB
slow,langsom,/ˈlɑŋːsɔm/,[sound:al_nb_no_slow.mp3],Google Cloud TTS<br>Voice: nb-NO-Standard-G,AnkiLangs::NB
small / little,liten,/ˈliːtən/,[sound:al_nb_no_small_little.mp3],Google Cloud TTS<br>Voice: nb-NO-Standard-F,AnkiLangs::NB
soft,myk,/myːk/,[sound:al_nb_no_soft.mp3],Google Cloud TTS<br>Voice: nb-NO-Standard-F,AnkiLangs::NB
soil/earth [ground],jord,/juːɖ/,[sound:al_nb_no_soil_earth_ground.mp3],Google Cloud TTS<br>Voice: nb-NO-Standard-F,AnkiLangs::NB
space (outer space),verdensrommet,/ˈvæːɖənsˌrɔmːət/,[sound:al_nb_no_space_outer_space.mp3],Google Cloud TTS<br>Voice: nb-NO-Standard-G,AnkiLangs::NB
sport,sport,/spɔʈː/,[sound:al_nb_no_sport.mp3],Google Cloud TTS<br>Voice: nb-NO-Standard-G,AnkiLangs::NB
stone,stein,/stæin/,[sound:al_nb_no_stone.mp3],Google Cloud TTS<br>Voice: nb-NO-Standard-G,AnkiLangs::NB
straight,rett,/rɛtː/,[sound:al_nb_no_straight.mp3],Google Cloud TTS<br>Voice: nb-NO-Standard-G,AnkiLangs::NB
strong,sterk,/stærk/,[sound:al_nb_no_strong.mp3],Google Cloud TTS<br>Voice: nb-NO-Standard-G,AnkiLangs::NB
sugar,sukker,/ˈsʉkːəʁ/,[sound:al_nb_no_sugar.mp3],Google Cloud TTS<br>Voice: nb-NO-Standard-F,AnkiLangs::NB
Sunday,søndag,/ˈsønːdɑː/,[sound:al_nb_no_sunday.mp3],Google Cloud TTS<br>Voice: nb-NO-Standard-F,AnkiLangs::NB
sweat,svette,/ˈsvɛtːə/,[sound:al_nb_no_sweat.mp3],Google Cloud TTS<br>Voice: nb-NO-Standard-F,AnkiLangs::NB
tall,høy,/høy/,[sound:al_nb_no_tall.mp3],Google Cloud TTS<br>Voice: nb-NO-Standard-G,AnkiLangs::NB
tea,te,/teː/,[sound:al_nb_no_tea.mp3],Google Cloud TTS<br>Voice: nb-NO-Standard-G,AnkiLangs::NB
technology,teknologi,/tɛknʊlʊˈɡiː/,[sound:al_nb_no_technology.mp3],Google Cloud TTS<br>Voice: nb-NO-Standard-F,AnkiLangs::NB
temperature,temperatur,/tɛmpərɑˈtʉːʁ/,[sound:al_nb_no_temperature.mp3],Google Cloud TTS<br>Voice: nb-NO-Standard-F,AnkiLangs::NB
ten (10),ti,/tiː/,[sound:al_nb_no_ten_10.mp3],Google Cloud TTS<br>Voice: nb-NO-Standard-F,AnkiLangs::NB
"ten thousand (10,000)",ti tusen,/tiː ˈtʉːsən/,[sound:al_nb_no_ten_thousand_10_000.mp3],Google Cloud TTS<br>Voice: nb-NO-Standard-F,AnkiLangs::NB
the (train) ticket,billetten,/bɪˈlɛtːən/,[sound:al_nb_no_the_train_ticket.mp3],Google Cloud TTS<br>Voice: nb-NO-Standard-G,AnkiLangs::NB
the actor,skuespilleren,/ˈskʉːəspɪlːərən/,[sound:al_nb_no_the_actor.mp3],Google Cloud TTS<br>Voice: nb-NO-Standard-F,AnkiLangs::NB
the adjective,adjektivet,/ɑdjɛkˈtiːvət/,[sound:al_nb_no_the_adjective.mp3],Google Cloud TTS<br>Voice: nb-NO-Standard-G,AnkiLangs::NB
the adult,den voksne,/dɛn ˈvɔksnə/,[sound:al_nb_no_the_adult.mp3],Google Cloud TTS<br>Voice: nb-NO-Standard-F,AnkiLangs::NB
the afternoon,ettermiddagen,/ˈɛtːəʁˌmɪdːɑːɡən/,[sound:al_nb_no_the_afternoon.mp3],Google Cloud TTS<br>Voice: nb-NO-Standard-G,AnkiLangs::NB
the air,luften,/ˈlʉftən/,[sound:al_nb_no_the_air.mp3],Google Cloud TTS<br>Voice: nb-NO-Standard-G,AnkiLangs::NB
the airport,flyplassen,/ˈflyːˌplɑsːən/,[sound:al_nb_no_the_airport.mp3],Google Cloud TTS<br>Voice: nb-NO-Standard-F,AnkiLangs::NB
the animal,dyret,/ˈdyːrət/,[sound:al_nb_no_the_animal.mp3],Google Cloud TTS<br>Voice: nb-NO-Standard-F,AnkiLangs::NB
the apartment,leiligheten,/ˈlæiliˌheːtən/,[sound:al_nb_no_the_apartment.mp3],Google Cloud TTS<br>Voice: nb-NO-Standard-G,AnkiLangs::NB
the apple,eplet,/ˈɛplət/,[sound:al_nb_no_the_apple.mp3],Google Cloud TTS<br>Voice: nb-NO-Standard-F,AnkiLangs::NB
the arm,armen,/ˈɑrmən/,[sound:al_nb_no_the_arm.mp3],Google Cloud TTS<br>Voice: nb-NO-Standard-F,AnkiLangs::NB
the army,hæren,/ˈhæːrən/,[sound:al_nb_no_the_army.mp3],Google Cloud TTS<br>Voice: nb-NO-Standard-F,AnkiLangs::NB
the artist,kunstneren,/ˈkʉnstˌnæːrən/,[sound:al_nb_no_the_artist.mp3],Google Cloud TTS<br>Voice: nb-NO-Standard-F,AnkiLangs::NB
the attack,angrepet,/ˈɑŋːˌɡreːpət/,[sound:al_nb_no_the_attack.mp3],Google Cloud TTS<br>Voice: nb-NO-Standard-F,AnkiLangs::NB
the author,forfatteren,/fɔrˈfɑtːərən/,[sound:al_nb_no_the_author.mp3],Google Cloud TTS<br>Voice: nb-NO-Standard-F,AnkiLangs::NB
the baby,babyen,/ˈbeːbʏən/,[sound:al_nb_no_the_baby.mp3],Google Cloud TTS<br>Voice: nb-NO-Standard-G,AnkiLangs::NB
the back [anatomy],ryggen,/ˈrʏɡːən/,[sound:al_nb_no_the_back_anatomy.mp3],Google Cloud TTS<br>Voice: nb-NO-Standard-G,AnkiLangs::NB
the back [location],baksiden,/ˈbɑkˌsiːdən/,[sound:al_nb_no_the_back_location.mp3],Google Cloud TTS<br>Voice: nb-NO-Standard-G,AnkiLangs::NB
the bag,vesken,/ˈvɛskən/,[sound:al_nb_no_the_bag.mp3],Google Cloud TTS<br>Voice: nb-NO-Standard-F,AnkiLangs::NB
the ball,ballen,/ˈbɑlːən/,[sound:al_nb_no_the_ball.mp3],Google Cloud TTS<br>Voice: nb-NO-Standard-G,AnkiLangs::NB
the banana,bananen,/bɑˈnɑːnən/,[sound:al_nb_no_the_banana.mp3],Google Cloud TTS<br>Voice: nb-NO-Standard-F,AnkiLangs::NB
the band [music],bandet,/ˈbɑndət/,[sound:al_nb_no_the_band_music.mp3],Google Cloud TTS<br>Voice: nb-NO-Standard-F,AnkiLangs::NB
the bank,banken,/ˈbɑŋkən/,[sound:al_nb_no_the_bank.mp3],Google Cloud TTS<br>Voice: nb-NO-Standard-G,AnkiLangs::NB
the bar,baren,/ˈbɑːrən/,[sound:al_nb_no_the_bar.mp3],Google Cloud TTS<br>Voice: nb-NO-Standard-F,AnkiLangs::NB
the bathroom,badet,/ˈbɑːdət/,[sound:al_nb_no_the_bathroom.mp3],Google Cloud TTS<br>Voice: nb-NO-Standard-G,AnkiLangs::NB
the beach,stranden,/ˈstrɑndən/,[sound:al_nb_no_the_beach.mp3],Google Cloud TTS<br>Voice: nb-NO-Standard-G,AnkiLangs::NB
the beard,skjegget,/ˈʃɛɡːət/,[sound:al_nb_no_the_beard.mp3],Google Cloud TTS<br>Voice: nb-NO-Standard-G,AnkiLangs::NB
the bed,sengen,/ˈsɛŋːən/,[sound:al_nb_no_the_bed.mp3],Google Cloud TTS<br>Voice: nb-NO-Standard-G,AnkiLangs::NB
the bedroom,soverommet,/ˈsuːvəˌrɔmːət/,[sound:al_nb_no_the_bedroom.mp3],Google Cloud TTS<br>Voice: nb-NO-Standard-G,AnkiLangs::NB
the beef,storfekjøttet,/ˈstuːʁfəˌçøtːət/,[sound:al_nb_no_the_beef.mp3],Google Cloud TTS<br>Voice: nb-NO-Standard-G,AnkiLangs::NB
the beverage,drikken,/ˈdrɪkːən/,[sound:al_nb_no_the_beverage.mp3],Google Cloud TTS<br>Voice: nb-NO-Standard-F,AnkiLangs::NB
the bicycle,sykkelen,/ˈsʏkːələn/,[sound:al_nb_no_the_bicycle.mp3],Google Cloud TTS<br>Voice: nb-NO-Standard-F,AnkiLangs::NB
the bill [bank note],sedlen,/ˈseːdlən/,[sound:al_nb_no_the_bill_bank_note.mp3],Google Cloud TTS<br>Voice: nb-NO-Standard-G,AnkiLangs::NB
the bird,fuglen,/ˈfʉɡlən/,[sound:al_nb_no_the_bird.mp3],Google Cloud TTS<br>Voice: nb-NO-Standard-F,AnkiLangs::NB
the boat,båten,/ˈbɔːtən/,[sound:al_nb_no_the_boat.mp3],Google Cloud TTS<br>Voice: nb-NO-Standard-F,AnkiLangs::NB
the body,kroppen,/ˈkrɔpːən/,[sound:al_nb_no_the_body.mp3],Google Cloud TTS<br>Voice: nb-NO-Standard-F,AnkiLangs::NB
the bone,beinet,/ˈbæinət/,[sound:al_nb_no_the_bone.mp3],Google Cloud TTS<br>Voice: nb-NO-Standard-G,AnkiLangs::NB
the book,boka,/ˈbuːkɑ/,[sound:al_nb_no_the_book.mp3],Google Cloud TTS<br>Voice: nb-NO-Standard-F,AnkiLangs::NB
the bottle,flasken,/ˈflɑskən/,[sound:al_nb_no_the_bottle.mp3],Google Cloud TTS<br>Voice: nb-NO-Standard-F,AnkiLangs::NB
the bottom,bunnen,/ˈbʉnːən/,[sound:al_nb_no_the_bottom.mp3],Google Cloud TTS<br>Voice: nb-NO-Standard-G,AnkiLangs::NB
the box,boksen,/ˈbɔksən/,[sound:al_nb_no_the_box.mp3],Google Cloud TTS<br>Voice: nb-NO-Standard-F,AnkiLangs::NB
the boy,gutten,/ˈɡʉtːən/,[sound:al_nb_no_the_boy.mp3],Google Cloud TTS<br>Voice: nb-NO-Standard-F,AnkiLangs::NB
the brain,hjernen,/ˈjæːɳən/,[sound:al_nb_no_the_brain.mp3],Google Cloud TTS<br>Voice: nb-NO-Standard-F,AnkiLangs::NB
the bread,brødet,/ˈbrøːdət/,[sound:al_nb_no_the_bread.mp3],Google Cloud TTS<br>Voice: nb-NO-Standard-F,AnkiLangs::NB
the bridge,broen,/ˈbruːən/,[sound:al_nb_no_the_bridge.mp3],Google Cloud TTS<br>Voice: nb-NO-Standard-F,AnkiLangs::NB
the brother,broren,/ˈbruːrən/,[sound:al_nb_no_the_brother.mp3],Google Cloud TTS<br>Voice: nb-NO-Standard-F,AnkiLangs::NB
the building,bygningen,/ˈbʏɡnɪŋən/,[sound:al_nb_no_the_building.mp3],Google Cloud TTS<br>Voice: nb-NO-Standard-F,AnkiLangs::NB
the bus,bussen,/ˈbʉsːən/,[sound:al_nb_no_the_bus.mp3],Google Cloud TTS<br>Voice: nb-NO-Standard-G,AnkiLangs::NB
the cake,kaken,/ˈkɑːkən/,[sound:al_nb_no_the_cake.mp3],Google Cloud TTS<br>Voice: nb-NO-Standard-F,AnkiLangs::NB
the camera,kameraet,/ˈkɑmərɑːət/,[sound:al_nb_no_the_camera.mp3],Google Cloud TTS<br>Voice: nb-NO-Standard-F,AnkiLangs::NB
the camp,leiren,/ˈlæirən/,[sound:al_nb_no_the_camp.mp3],Google Cloud TTS<br>Voice: nb-NO-Standard-F,AnkiLangs::NB
the car,bilen,/ˈbiːlən/,[sound:al_nb_no_the_car.mp3],Google Cloud TTS<br>Voice: nb-NO-Standard-F,AnkiLangs::NB
the card,kortet,/ˈkɔːʈət/,[sound:al_nb_no_the_card.mp3],Google Cloud TTS<br>Voice: nb-NO-Standard-G,AnkiLangs::NB
the cat,katten,/ˈkɑtːən/,[sound:al_nb_no_the_cat.mp3],Google Cloud TTS<br>Voice: nb-NO-Standard-G,AnkiLangs::NB
the ceiling,taket,/ˈtɑːkət/,[sound:al_nb_no_the_ceiling.mp3],Google Cloud TTS<br>Voice: nb-NO-Standard-G,AnkiLangs::NB
the cell phone,mobiltelefonen,/mʊˈbiːltɛləˌfuːnən/,[sound:al_nb_no_the_cell_phone.mp3],Google Cloud TTS<br>Voice: nb-NO-Standard-F,AnkiLangs::NB
the centimeter,centimeteren,/sɛntɪˈmeːtərən/,[sound:al_nb_no_the_centimeter.mp3],Google Cloud TTS<br>Voice: nb-NO-Standard-G,AnkiLangs::NB
the chair,stolen,/ˈstuːlən/,[sound:al_nb_no_the_chair.mp3],Google Cloud TTS<br>Voice: nb-NO-Standard-F,AnkiLangs::NB
the cheese,osten,/ˈuːstən/,[sound:al_nb_no_the_cheese.mp3],Google Cloud TTS<br>Voice: nb-NO-Standard-G,AnkiLangs::NB
the chicken,kyllingen,/ˈçʏlːɪŋən/,[sound:al_nb_no_the_chicken.mp3],Google Cloud TTS<br>Voice: nb-NO-Standard-G,AnkiLangs::NB
the child,barnet,/ˈbɑːɳət/,[sound:al_nb_no_the_child.mp3],Google Cloud TTS<br>Voice: nb-NO-Standard-F,AnkiLangs::NB
the church,kirken,/ˈçɪrkən/,[sound:al_nb_no_the_church.mp3],Google Cloud TTS<br>Voice: nb-NO-Standard-G,AnkiLangs::NB
the circle,sirkelen,/ˈsɪrkələn/,[sound:al_nb_no_the_circle.mp3],Google Cloud TTS<br>Voice: nb-NO-Standard-G,AnkiLangs::NB
the city,byen,/ˈbyːən/,[sound:al_nb_no_the_city.mp3],Google Cloud TTS<br>Voice: nb-NO-Standard-G,AnkiLangs::NB
the clock,klokken,/ˈklɔkːən/,[sound:al_nb_no_the_clock.mp3],Google Cloud TTS<br>Voice: nb-NO-Standard-F,AnkiLangs::NB
the clothing,klærne,/ˈklæːɳə/,[sound:al_nb_no_the_clothing.mp3],Google Cloud TTS<br>Voice: nb-NO-Standard-F,AnkiLangs::NB
the club,klubben,/ˈklʉbːən/,[sound:al_nb_no_the_club.mp3],Google Cloud TTS<br>Voice: nb-NO-Standard-G,AnkiLangs::NB
the coat,kåpen,/ˈkɔːpən/,[sound:al_nb_no_the_coat.mp3],Google Cloud TTS<br>Voice: nb-NO-Standard-F,AnkiLangs::NB
the color,fargen,/ˈfɑrɡən/,[sound:al_nb_no_the_color.mp3],Google Cloud TTS<br>Voice: nb-NO-Standard-F,AnkiLangs::NB
the computer,datamaskinen,/ˈdɑːtɑmɑˌʃiːnən/,[sound:al_nb_no_the_computer.mp3],Google Cloud TTS<br>Voice: nb-NO-Standard-F,AnkiLangs::NB
the consonant,konsonanten,/kɔnsʊˈnɑntən/,[sound:al_nb_no_the_consonant.mp3],Google Cloud TTS<br>Voice: nb-NO-Standard-G,AnkiLangs::NB
the contract,kontrakten,/kɔnˈtrɑktən/,[sound:al_nb_no_the_contract.mp3],Google Cloud TTS<br>Voice: nb-NO-Standard-F,AnkiLangs::NB
the corn,maisen,/ˈmɑisən/,[sound:al_nb_no_the_corn.mp3],Google Cloud TTS<br>Voice: nb-NO-Standard-G,AnkiLangs::NB
the corner,hjørnet,/ˈjøːɳət/,[sound:al_nb_no_the_corner.mp3],Google Cloud TTS<br>Voice: nb-NO-Standard-F,AnkiLangs::NB
"the country (USA, France, etc.)",landet,/ˈlɑndət/,[sound:al_nb_no_the_country_usa_france_etc.mp3],Google Cloud TTS<br>Voice: nb-NO-Standard-F,AnkiLangs::NB
the court,retten,/ˈrɛtːən/,[sound:al_nb_no_the_court.mp3],Google Cloud TTS<br>Voice: nb-NO-Standard-G,AnkiLangs::NB
the cow,kua,/ˈkʉːɑ/,[sound:al_nb_no_the_cow.mp3],Google Cloud TTS<br>Voice: nb-NO-Standard-G,AnkiLangs::NB
the crowd,mengden,/ˈmɛŋːdən/,[sound:al_nb_no_the_crowd.mp3],Google Cloud TTS<br>Voice: nb-NO-Standard-F,AnkiLangs::NB
the cup,koppen,/ˈkɔpːən/,[sound:al_nb_no_the_cup.mp3],Google Cloud TTS<br>Voice: nb-NO-Standard-G,AnkiLangs::NB
the date,datoen,/ˈdɑːtuən/,[sound:al_nb_no_the_date.mp3],Google Cloud TTS<br>Voice: nb-NO-Standard-G,AnkiLangs::NB
the daughter,datteren,/ˈdɑtːərən/,[sound:al_nb_no_the_daughter.mp3],Google Cloud TTS<br>Voice: nb-NO-Standard-F,AnkiLangs::NB
the day,dagen,/ˈdɑːɡən/,[sound:al_nb_no_the_day.mp3],Google Cloud TTS<br>Voice: nb-NO-Standard-G,AnkiLangs::NB
the direction,retningen,/ˈrɛtnɪŋən/,[sound:al_nb_no_the_direction.mp3],Google Cloud TTS<br>Voice: nb-NO-Standard-F,AnkiLangs::NB
the doctor,legen,/ˈleːɡən/,[sound:al_nb_no_the_doctor.mp3],Google Cloud TTS<br>Voice: nb-NO-Standard-F,AnkiLangs::NB
the dog,hunden,/ˈhʉndən/,[sound:al_nb_no_the_dog.mp3],Google Cloud TTS<br>Voice: nb-NO-Standard-G,AnkiLangs::NB
the dollar,dollaren,/ˈdɔlːɑrən/,[sound:al_nb_no_the_dollar.mp3],Google Cloud TTS<br>Voice: nb-NO-Standard-F,AnkiLangs::NB
the door,døra,/ˈdøːrɑ/,[sound:al_nb_no_the_door.mp3],Google Cloud TTS<br>Voice: nb-NO-Standard-F,AnkiLangs::NB
the dot,prikken,/ˈprɪkːən/,[sound:al_nb_no_the_dot.mp3],Google Cloud TTS<br>Voice: nb-NO-Standard-F,AnkiLangs::NB
the dream,drømmen,/ˈdrømːən/,[sound:al_nb_no_the_dream.mp3],Google Cloud TTS<br>Voice: nb-NO-Standard-G,AnkiLangs::NB
the dress,kjolen,/ˈçuːlən/,[sound:al_nb_no_the_dress.mp3],Google Cloud TTS<br>Voice: nb-NO-Standard-G,AnkiLangs::NB
the drug,stoffet,/ˈstɔfːət/,[sound:al_nb_no_the_drug.mp3],Google Cloud TTS<br>Voice: nb-NO-Standard-F,AnkiLangs::NB
the ear,øret,/ˈøːrət/,[sound:al_nb_no_the_ear.mp3],Google Cloud TTS<br>Voice: nb-NO-Standard-G,AnkiLangs::NB
the east,øst,/øst/,[sound:al_nb_no_the_east.mp3],Google Cloud TTS<br>Voice: nb-NO-Standard-F,AnkiLangs::NB
the edge,kanten,/ˈkɑntən/,[sound:al_nb_no_the_edge.mp3],Google Cloud TTS<br>Voice: nb-NO-Standard-G,AnkiLangs::NB
the egg,egget,/ˈɛɡːət/,[sound:al_nb_no_the_egg.mp3],Google Cloud TTS<br>Voice: nb-NO-Standard-G,AnkiLangs::NB
the election,valget,/ˈvɑlɡət/,[sound:al_nb_no_the_election.mp3],Google Cloud TTS<br>Voice: nb-NO-Standard-G,AnkiLangs::NB
the engine,motoren,/muːˈtuːrən/,[sound:al_nb_no_the_engine.mp3],Google Cloud TTS<br>Voice: nb-NO-Standard-F,AnkiLangs::NB
the evening,kvelden,/ˈkvɛldən/,[sound:al_nb_no_the_evening.mp3],Google Cloud TTS<br>Voice: nb-NO-Standard-F,AnkiLangs::NB
the eye,øyet,/ˈøyət/,[sound:al_nb_no_the_eye.mp3],Google Cloud TTS<br>Voice: nb-NO-Standard-G,AnkiLangs::NB
the face,ansiktet,/ˈɑnsɪktət/,[sound:al_nb_no_the_face.mp3],Google Cloud TTS<br>Voice: nb-NO-Standard-G,AnkiLangs::NB
the Fall,høsten,/ˈhøstən/,[sound:al_nb_no_the_fall.mp3],Google Cloud TTS<br>Voice: nb-NO-Standard-F,AnkiLangs::NB
the family,familien,/fɑˈmiːliən/,[sound:al_nb_no_the_family.mp3],Google Cloud TTS<br>Voice: nb-NO-Standard-F,AnkiLangs::NB
the fan [appliance],viften,/ˈvɪftən/,[sound:al_nb_no_the_fan_appliance.mp3],Google Cloud TTS<br>Voice: nb-NO-Standard-G,AnkiLangs::NB
the fan [person],fansen,/ˈfɑnsən/,[sound:al_nb_no_the_fan_person.mp3],Google Cloud TTS<br>Voice: nb-NO-Standard-F,AnkiLangs::NB
the farm,gården,/ˈɡɔːɖən/,[sound:al_nb_no_the_farm.mp3],Google Cloud TTS<br>Voice: nb-NO-Standard-G,AnkiLangs::NB
the father,faren,/ˈfɑːrən/,[sound:al_nb_no_the_father.mp3],Google Cloud TTS<br>Voice: nb-NO-Standard-F,AnkiLangs::NB
the finger,fingeren,/ˈfɪŋːərən/,[sound:al_nb_no_the_finger.mp3],Google Cloud TTS<br>Voice: nb-NO-Standard-G,AnkiLangs::NB
the fire,ilden,/ˈɪldən/,[sound:al_nb_no_the_fire.mp3],Google Cloud TTS<br>Voice: nb-NO-Standard-G,AnkiLangs::NB
the fish,fisken,/ˈfɪskən/,[sound:al_nb_no_the_fish.mp3],Google Cloud TTS<br>Voice: nb-NO-Standard-F,AnkiLangs::NB
the floor,gulvet,/ˈɡʉlvət/,[sound:al_nb_no_the_floor.mp3],Google Cloud TTS<br>Voice: nb-NO-Standard-F,AnkiLangs::NB
the flower,blomsten,/ˈblɔmstən/,[sound:al_nb_no_the_flower.mp3],Google Cloud TTS<br>Voice: nb-NO-Standard-F,AnkiLangs::NB
the foot,foten,/ˈfuːtən/,[sound:al_nb_no_the_foot.mp3],Google Cloud TTS<br>Voice: nb-NO-Standard-F,AnkiLangs::NB
the foot [measurement],foten,/ˈfuːtən/,[sound:al_nb_no_the_foot_measurement.mp3],Google Cloud TTS<br>Voice: nb-NO-Standard-F,AnkiLangs::NB
the forest,skogen,/ˈskuːɡən/,[sound:al_nb_no_the_forest.mp3],Google Cloud TTS<br>Voice: nb-NO-Standard-G,AnkiLangs::NB
the fork,gaffelen,/ˈɡɑfːələn/,[sound:al_nb_no_the_fork.mp3],Google Cloud TTS<br>Voice: nb-NO-Standard-F,AnkiLangs::NB
the friend,vennen,/ˈvɛnːən/,[sound:al_nb_no_the_friend.mp3],Google Cloud TTS<br>Voice: nb-NO-Standard-G,AnkiLangs::NB
the front,fronten,/ˈfrɔntən/,[sound:al_nb_no_the_front.mp3],Google Cloud TTS<br>Voice: nb-NO-Standard-F,AnkiLangs::NB
the game,spillet,/ˈspɪlːət/,[sound:al_nb_no_the_game.mp3],Google Cloud TTS<br>Voice: nb-NO-Standard-F,AnkiLangs::NB
the garden,hagen,/ˈhɑːɡən/,[sound:al_nb_no_the_garden.mp3],Google Cloud TTS<br>Voice: nb-NO-Standard-G,AnkiLangs::NB
the gasoline,bensinen,/bɛnˈsiːnən/,[sound:al_nb_no_the_gasoline.mp3],Google Cloud TTS<br>Voice: nb-NO-Standard-G,AnkiLangs::NB
the gift,gaven,/ˈɡɑːvən/,[sound:al_nb_no_the_gift.mp3],Google Cloud TTS<br>Voice: nb-NO-Standard-F,AnkiLangs::NB
the girl,jenta,/ˈjɛntɑ/,[sound:al_nb_no_the_girl.mp3],Google Cloud TTS<br>Voice: nb-NO-Standard-G,AnkiLangs::NB
the grandfather,bestefaren,/ˈbɛstəˌfɑːrən/,[sound:al_nb_no_the_grandfather.mp3],Google Cloud TTS<br>Voice: nb-NO-Standard-F,AnkiLangs::NB
the grandmother,bestemoren,/ˈbɛstəˌmuːrən/,[sound:al_nb_no_the_grandmother.mp3],Google Cloud TTS<br>Voice: nb-NO-Standard-F,AnkiLangs::NB
the grass,gresset,/ˈɡrɛsːət/,[sound:al_nb_no_the_grass.mp3],Google Cloud TTS<br>Voice: nb-NO-Standard-F,AnkiLangs::NB
the ground,bakken,/ˈbɑkːən/,[sound:al_nb_no_the_ground.mp3],Google Cloud TTS<br>Voice: nb-NO-Standard-G,AnkiLangs::NB
the gun,pistolen,/pɪsˈtuːlən/,[sound:al_nb_no_the_gun.mp3],Google Cloud TTS<br>Voice: nb-NO-Standard-G,AnkiLangs::NB
the hair,håret,/ˈhɔːrət/,[sound:al_nb_no_the_hair.mp3],Google Cloud TTS<br>Voice: nb-NO-Standard-F,AnkiLangs::NB
the half,halvparten,/ˈhɑlvˌpɑːʈən/,[sound:al_nb_no_the_half.mp3],Google Cloud TTS<br>Voice: nb-NO-Standard-F,AnkiLangs::NB
the hand,hånden,/ˈhɔndən/,[sound:al_nb_no_the_hand.mp3],Google Cloud TTS<br>Voice: nb-NO-Standard-F,AnkiLangs::NB
the hat,hatten,/ˈhɑtːən/,[sound:al_nb_no_the_hat.mp3],Google Cloud TTS<br>Voice: nb-NO-Standard-F,AnkiLangs::NB
the head,hodet,/ˈhuːdət/,[sound:al_nb_no_the_head.mp3],Google Cloud TTS<br>Voice: nb-NO-Standard-G,AnkiLangs::NB
the heart,hjertet,/ˈjæːʈət/,[sound:al_nb_no_the_heart.mp3],Google Cloud TTS<br>Voice: nb-NO-Standard-F,AnkiLangs::NB
the heat,varmen,/ˈvɑrmən/,[sound:al_nb_no_the_heat.mp3],Google Cloud TTS<br>Voice: nb-NO-Standard-F,AnkiLangs::NB
the hill,bakken,/ˈbɑkːən/,[sound:al_nb_no_the_hill.mp3],Google Cloud TTS<br>Voice: nb-NO-Standard-G,AnkiLangs::NB
the hole,hullet,/ˈhʉlːət/,[sound:al_nb_no_the_hole.mp3],Google Cloud TTS<br>Voice: nb-NO-Standard-G,AnkiLangs::NB
the horse,hesten,/ˈhɛstən/,[sound:al_nb_no_the_horse.mp3],Google Cloud TTS<br>Voice: nb-NO-Standard-F,AnkiLangs::NB
the hospital,sykehuset,/ˈsyːkəˌhʉːsət/,[sound:al_nb_no_the_hospital.mp3],Google Cloud TTS<br>Voice: nb-NO-Standard-G,AnkiLangs::NB
the hotel,hotellet,/hʊˈtɛlːət/,[sound:al_nb_no_the_hotel.mp3],Google Cloud TTS<br>Voice: nb-NO-Standard-F,AnkiLangs::NB
the hour,timen,/ˈtiːmən/,[sound:al_nb_no_the_hour.mp3],Google Cloud TTS<br>Voice: nb-NO-Standard-F,AnkiLangs::NB
the house,huset,/ˈhʉːsət/,[sound:al_nb_no_the_house.mp3],Google Cloud TTS<br>Voice: nb-NO-Standard-G,AnkiLangs::NB
the human,mennesket,/ˈmɛnːəʂkət/,[sound:al_nb_no_the_human.mp3],Google Cloud TTS<br>Voice: nb-NO-Standard-F,AnkiLangs::NB
the husband,mannen,/ˈmɑnːən/,[sound:al_nb_no_the_husband.mp3],Google Cloud TTS<br>Voice: nb-NO-Standard-G,AnkiLangs::NB
the ice,isen,/ˈiːsən/,[sound:al_nb_no_the_ice.mp3],Google Cloud TTS<br>Voice: nb-NO-Standard-F,AnkiLangs::NB
the image,bildet,/ˈbɪldət/,[sound:al_nb_no_the_image.mp3],Google Cloud TTS<br>Voice: nb-NO-Standard-F,AnkiLangs::NB
the inch,tommen,/ˈtɔmːən/,[sound:al_nb_no_the_inch.mp3],Google Cloud TTS<br>Voice: nb-NO-Standard-G,AnkiLangs::NB
the injury,skaden,/ˈskɑːdən/,[sound:al_nb_no_the_injury.mp3],Google Cloud TTS<br>Voice: nb-NO-Standard-G,AnkiLangs::NB
the inside,innsiden,/ˈɪnːˌsiːdən/,[sound:al_nb_no_the_inside.mp3],Google Cloud TTS<br>Voice: nb-NO-Standard-G,AnkiLangs::NB
the instrument,instrumentet,/ɪnstrʉˈmɛntət/,[sound:al_nb_no_the_instrument.mp3],Google Cloud TTS<br>Voice: nb-NO-Standard-F,AnkiLangs::NB
the island,øya,/ˈøyɑ/,[sound:al_nb_no_the_island.mp3],Google Cloud TTS<br>Voice: nb-NO-Standard-F,AnkiLangs::NB
the job,jobben,/ˈjɔbːən/,[sound:al_nb_no_the_job.mp3],Google Cloud TTS<br>Voice: nb-NO-Standard-F,AnkiLangs::NB
the key,nøkkelen,/ˈnøkːələn/,[sound:al_nb_no_the_key.mp3],Google Cloud TTS<br>Voice: nb-NO-Standard-F,AnkiLangs::NB
the kilogram,kiloen,/ˈçiːluən/,[sound:al_nb_no_the_kilogram.mp3],Google Cloud TTS<br>Voice: nb-NO-Standard-G,AnkiLangs::NB
the king,kongen,/ˈkɔŋːən/,[sound:al_nb_no_the_king.mp3],Google Cloud TTS<br>Voice: nb-NO-Standard-G,AnkiLangs::NB
the kitchen,kjøkkenet,/ˈçøkːənət/,[sound:al_nb_no_the_kitchen.mp3],Google Cloud TTS<br>Voice: nb-NO-Standard-G,AnkiLangs::NB
the knee,kneet,/ˈkneːət/,[sound:al_nb_no_the_knee.mp3],Google Cloud TTS<br>Voice: nb-NO-Standard-F,AnkiLangs::NB
the knife,kniven,/ˈkniːvən/,[sound:al_nb_no_the_knife.mp3],Google Cloud TTS<br>Voice: nb-NO-Standard-G,AnkiLangs::NB
the lake,innsjøen,/ˈɪnːˌʃøːən/,[sound:al_nb_no_the_lake.mp3],Google Cloud TTS<br>Voice: nb-NO-Standard-G,AnkiLangs::NB
the lamp,lampen,/ˈlɑmpən/,[sound:al_nb_no_the_lamp.mp3],Google Cloud TTS<br>Voice: nb-NO-Standard-G,AnkiLangs::NB
the laptop,laptopen,/ˈlɛptɔpən/,[sound:al_nb_no_the_laptop.mp3],Google Cloud TTS<br>Voice: nb-NO-Standard-G,AnkiLangs::NB
the lawyer,advokaten,/ɑdvʊˈkɑːtən/,[sound:al_nb_no_the_lawyer.mp3],Google Cloud TTS<br>Voice: nb-NO-Standard-F,AnkiLangs::NB
the leaf,bladet,/ˈblɑːdət/,[sound:al_nb_no_the_leaf.mp3],Google Cloud TTS<br>Voice: nb-NO-Standard-F,AnkiLangs::NB
the leg,beinet,/ˈbæinət/,[sound:al_nb_no_the_leg.mp3],Google Cloud TTS<br>Voice: nb-NO-Standard-G,AnkiLangs::NB
the lemon,sitronen,/sɪˈtruːnən/,[sound:al_nb_no_the_lemon.mp3],Google Cloud TTS<br>Voice: nb-NO-Standard-F,AnkiLangs::NB
the letter,brevet,/ˈbreːvət/,[sound:al_nb_no_the_letter.mp3],Google Cloud TTS<br>Voice: nb-NO-Standard-G,AnkiLangs::NB
the library,biblioteket,/bɪblɪʊˈteːkət/,[sound:al_nb_no_the_library.mp3],Google Cloud TTS<br>Voice: nb-NO-Standard-F,AnkiLangs::NB
the light,lyset,/ˈlyːsət/,[sound:al_nb_no_the_light.mp3],Google Cloud TTS<br>Voice: nb-NO-Standard-F,AnkiLangs::NB
the lip,lep pen,/ˈleːpən/,[sound:al_nb_no_the_lip.mp3],Google Cloud TTS<br>Voice: nb-NO-Standard-G,AnkiLangs::NB
the location,stedet,/ˈsteːdət/,[sound:al_nb_no_the_location.mp3],Google Cloud TTS<br>Voice: nb-NO-Standard-G,AnkiLangs::NB
the lock,låsen,/ˈlɔːsən/,[sound:al_nb_no_the_lock.mp3],Google Cloud TTS<br>Voice: nb-NO-Standard-G,AnkiLangs::NB
the magazine,magasinet,/mɑɡɑˈsiːnət/,[sound:al_nb_no_the_magazine.mp3],Google Cloud TTS<br>Voice: nb-NO-Standard-G,AnkiLangs::NB
the man,mannen,/ˈmɑnːən/,[sound:al_nb_no_the_man.mp3],Google Cloud TTS<br>Voice: nb-NO-Standard-F,AnkiLangs::NB
the manager,sjefen,/ˈʃeːfən/,[sound:al_nb_no_the_manager.mp3],Google Cloud TTS<br>Voice: nb-NO-Standard-G,AnkiLangs::NB
the map,kartet,/ˈkɑːʈət/,[sound:al_nb_no_the_map.mp3],Google Cloud TTS<br>Voice: nb-NO-Standard-F,AnkiLangs::NB
the market,markedet,/ˈmɑrkəˌdeːt/,[sound:al_nb_no_the_market.mp3],Google Cloud TTS<br>Voice: nb-NO-Standard-G,AnkiLangs::NB
the meter,meteren,/ˈmeːtərən/,[sound:al_nb_no_the_meter.mp3],Google Cloud TTS<br>Voice: nb-NO-Standard-F,AnkiLangs::NB
the minute,minuttet,/mɪˈnʉtːət/,[sound:al_nb_no_the_minute.mp3],Google Cloud TTS<br>Voice: nb-NO-Standard-G,AnkiLangs::NB
the month,måneden,/ˈmɔːnədən/,[sound:al_nb_no_the_month.mp3],Google Cloud TTS<br>Voice: nb-NO-Standard-F,AnkiLangs::NB
the moon,månen,/ˈmɔːnən/,[sound:al_nb_no_the_moon.mp3],Google Cloud TTS<br>Voice: nb-NO-Standard-F,AnkiLangs::NB
the morning,morgenen,/ˈmɔrːɡənən/,[sound:al_nb_no_the_morning.mp3],Google Cloud TTS<br>Voice: nb-NO-Standard-G,AnkiLangs::NB
the mother,moren,/ˈmuːrən/,[sound:al_nb_no_the_mother.mp3],Google Cloud TTS<br>Voice: nb-NO-Standard-G,AnkiLangs::NB
the mountain,fjellet,/ˈfjɛlːət/,[sound:al_nb_no_the_mountain.mp3],Google Cloud TTS<br>Voice: nb-NO-Standard-F,AnkiLangs::NB
the mouse,musen,/ˈmʉːsən/,[sound:al_nb_no_the_mouse.mp3],Google Cloud TTS<br>Voice: nb-NO-Standard-G,AnkiLangs::NB
the mouth,munnen,/ˈmʉnːən/,[sound:al_nb_no_the_mouth.mp3],Google Cloud TTS<br>Voice: nb-NO-Standard-G,AnkiLangs::NB
the movie,filmen,/ˈfɪlmən/,[sound:al_nb_no_the_movie.mp3],Google Cloud TTS<br>Voice: nb-NO-Standard-F,AnkiLangs::NB
the neck,nakken,/ˈnɑkːən/,[sound:al_nb_no_the_neck.mp3],Google Cloud TTS<br>Voice: nb-NO-Standard-G,AnkiLangs::NB
the needle,nålen,/ˈnɔːlən/,[sound:al_nb_no_the_needle.mp3],Google Cloud TTS<br>Voice: nb-NO-Standard-G,AnkiLangs::NB
the neighbor,naboen,/ˈnɑːbuən/,[sound:al_nb_no_the_neighbor.mp3],Google Cloud TTS<br>Voice: nb-NO-Standard-G,AnkiLangs::NB
the network,nettverket,/ˈnɛtːˌværkət/,[sound:al_nb_no_the_network.mp3],Google Cloud TTS<br>Voice: nb-NO-Standard-G,AnkiLangs::NB
the newspaper,avisen,/ɑˈviːsən/,[sound:al_nb_no_the_newspaper.mp3],Google Cloud TTS<br>Voice: nb-NO-Standard-G,AnkiLangs::NB
the night,natten,/ˈnɑtːən/,[sound:al_nb_no_the_night.mp3],Google Cloud TTS<br>Voice: nb-NO-Standard-G,AnkiLangs::NB
the north,nord,/nuːɖ/,[sound:al_nb_no_the_north.mp3],Google Cloud TTS<br>Voice: nb-NO-Standard-F,AnkiLangs::NB
the nose,nesen,/ˈneːsən/,[sound:al_nb_no_the_nose.mp3],Google Cloud TTS<br>Voice: nb-NO-Standard-F,AnkiLangs::NB
the note,notatet,/nʊˈtɑːtət/,[sound:al_nb_no_the_note.mp3],Google Cloud TTS<br>Voice: nb-NO-Standard-G,AnkiLangs::NB
the noun,substantivet,/sʉbstɑnˈtiːvət/,[sound:al_nb_no_the_noun.mp3],Google Cloud TTS<br>Voice: nb-NO-Standard-G,AnkiLangs::NB
the number,nummeret,/ˈnʉmːərət/,[sound:al_nb_no_the_number.mp3],Google Cloud TTS<br>Voice: nb-NO-Standard-F,AnkiLangs::NB
the ocean,havet,/ˈhɑːvət/,[sound:al_nb_no_the_ocean.mp3],Google Cloud TTS<br>Voice: nb-NO-Standard-G,AnkiLangs::NB
the office,kontoret,/kɔnˈtuːrət/,[sound:al_nb_no_the_office.mp3],Google Cloud TTS<br>Voice: nb-NO-Standard-G,AnkiLangs::NB
the orange,appelsinen,/ɑpɛlˈsiːnən/,[sound:al_nb_no_the_orange.mp3],Google Cloud TTS<br>Voice: nb-NO-Standard-F,AnkiLangs::NB
the outside,utsiden,/ˈʉːtˌsiːdən/,[sound:al_nb_no_the_outside.mp3],Google Cloud TTS<br>Voice: nb-NO-Standard-G,AnkiLangs::NB
the page,siden,/ˈsiːdən/,[sound:al_nb_no_the_page.mp3],Google Cloud TTS<br>Voice: nb-NO-Standard-G,AnkiLangs::NB
the paint,malingen,/ˈmɑːlɪŋən/,[sound:al_nb_no_the_paint.mp3],Google Cloud TTS<br>Voice: nb-NO-Standard-F,AnkiLangs::NB
the pants,buksen,/ˈbʉksən/,[sound:al_nb_no_the_pants.mp3],Google Cloud TTS<br>Voice: nb-NO-Standard-G,AnkiLangs::NB
the paper,papiret,/pɑˈpiːrət/,[sound:al_nb_no_the_paper.mp3],Google Cloud TTS<br>Voice: nb-NO-Standard-G,AnkiLangs::NB
the parent,forelderen,/fɔˈrɛldrən/,[sound:al_nb_no_the_parent.mp3],Google Cloud TTS<br>Voice: nb-NO-Standard-G,AnkiLangs::NB
the park,parken,/ˈpɑrkən/,[sound:al_nb_no_the_park.mp3],Google Cloud TTS<br>Voice: nb-NO-Standard-G,AnkiLangs::NB
the patient,pasienten,/pɑsiˈɛntən/,[sound:al_nb_no_the_patient.mp3],Google Cloud TTS<br>Voice: nb-NO-Standard-G,AnkiLangs::NB
the pattern,mønsteret,/ˈmønstərət/,[sound:al_nb_no_the_pattern.mp3],Google Cloud TTS<br>Voice: nb-NO-Standard-F,AnkiLangs::NB
the pen,pennen,/ˈpɛnːən/,[sound:al_nb_no_the_pen.mp3],Google Cloud TTS<br>Voice: nb-NO-Standard-G,AnkiLangs::NB
the pencil,blyanten,/ˈblyːɑntən/,[sound:al_nb_no_the_pencil.mp3],Google Cloud TTS<br>Voice: nb-NO-Standard-F,AnkiLangs::NB
the person,personen,/pæˈʂuːnən/,[sound:al_nb_no_the_person.mp3],Google Cloud TTS<br>Voice: nb-NO-Standard-F,AnkiLangs::NB
the photograph,fotografiet,/fʊtʊɡrɑˈfiːət/,[sound:al_nb_no_the_photograph.mp3],Google Cloud TTS<br>Voice: nb-NO-Standard-G,AnkiLangs::NB
the piece,stykket,/ˈstʏkːət/,[sound:al_nb_no_the_piece.mp3],Google Cloud TTS<br>Voice: nb-NO-Standard-G,AnkiLangs::NB
the pig,grisen,/ˈɡriːsən/,[sound:al_nb_no_the_pig.mp3],Google Cloud TTS<br>Voice: nb-NO-Standard-F,AnkiLangs::NB
the plane,flyet,/ˈflyːət/,[sound:al_nb_no_the_plane.mp3],Google Cloud TTS<br>Voice: nb-NO-Standard-F,AnkiLangs::NB
the plant,planten,/ˈplɑntən/,[sound:al_nb_no_the_plant.mp3],Google Cloud TTS<br>Voice: nb-NO-Standard-G,AnkiLangs::NB
the plate,tallerkenen,/tɑˈlɛrkənən/,[sound:al_nb_no_the_plate.mp3],Google Cloud TTS<br>Voice: nb-NO-Standard-F,AnkiLangs::NB
the player,spilleren,/ˈspɪlːərən/,[sound:al_nb_no_the_player.mp3],Google Cloud TTS<br>Voice: nb-NO-Standard-F,AnkiLangs::NB
the pocket,lommen,/ˈlɔmːən/,[sound:al_nb_no_the_pocket.mp3],Google Cloud TTS<br>Voice: nb-NO-Standard-F,AnkiLangs::NB
the police,politiet,/pʊlɪˈtiːət/,[sound:al_nb_no_the_police.mp3],Google Cloud TTS<br>Voice: nb-NO-Standard-F,AnkiLangs::NB
the pool,bassenget,/bɑˈsɛŋːət/,[sound:al_nb_no_the_pool.mp3],Google Cloud TTS<br>Voice: nb-NO-Standard-F,AnkiLangs::NB
the pork,svinekjøttet,/ˈsviːnəˌçøtːət/,[sound:al_nb_no_the_pork.mp3],Google Cloud TTS<br>Voice: nb-NO-Standard-F,AnkiLangs::NB
the pound,pundet,/ˈpʉndət/,[sound:al_nb_no_the_pound.mp3],Google Cloud TTS<br>Voice: nb-NO-Standard-G,AnkiLangs::NB
the president,presidenten,/prɛsɪˈdɛntən/,[sound:al_nb_no_the_president.mp3],Google Cloud TTS<br>Voice: nb-NO-Standard-F,AnkiLangs::NB
the price,prisen,/ˈpriːsən/,[sound:al_nb_no_the_price.mp3],Google Cloud TTS<br>Voice: nb-NO-Standard-G,AnkiLangs::NB
the priest,presten,/ˈprɛstən/,[sound:al_nb_no_the_priest.mp3],Google Cloud TTS<br>Voice: nb-NO-Standard-G,AnkiLangs::NB
the program,programmet,/prʊˈɡrɑmːət/,[sound:al_nb_no_the_program.mp3],Google Cloud TTS<br>Voice: nb-NO-Standard-F,AnkiLangs::NB
the queen,dronningen,/ˈdrɔnːɪŋən/,[sound:al_nb_no_the_queen.mp3],Google Cloud TTS<br>Voice: nb-NO-Standard-G,AnkiLangs::NB
the radio,radioen,/ˈrɑːdiʊən/,[sound:al_nb_no_the_radio.mp3],Google Cloud TTS<br>Voice: nb-NO-Standard-G,AnkiLangs::NB
the rain,regnet,/ˈrɛŋnət/,[sound:al_nb_no_the_rain.mp3],Google Cloud TTS<br>Voice: nb-NO-Standard-G,AnkiLangs::NB
the reporter,reporteren,/rɛˈpɔːʈərən/,[sound:al_nb_no_the_reporter.mp3],Google Cloud TTS<br>Voice: nb-NO-Standard-F,AnkiLangs::NB
the restaurant,restauranten,/rɛstʉˈrɑŋːən/,[sound:al_nb_no_the_restaurant.mp3],Google Cloud TTS<br>Voice: nb-NO-Standard-F,AnkiLangs::NB
the ring,ringen,/ˈrɪŋːən/,[sound:al_nb_no_the_ring.mp3],Google Cloud TTS<br>Voice: nb-NO-Standard-F,AnkiLangs::NB
the river,elva,/ˈɛlvɑ/,[sound:al_nb_no_the_river.mp3],Google Cloud TTS<br>Voice: nb-NO-Standard-F,AnkiLangs::NB
the roof,taket,/ˈtɑːkət/,[sound:al_nb_no_the_roof.mp3],Google Cloud TTS<br>Voice: nb-NO-Standard-G,AnkiLangs::NB
the room,rommet,/ˈrɔmːət/,[sound:al_nb_no_the_room.mp3],Google Cloud TTS<br>Voice: nb-NO-Standard-F,AnkiLangs::NB
the root,roten,/ˈruːtən/,[sound:al_nb_no_the_root.mp3],Google Cloud TTS<br>Voice: nb-NO-Standard-F,AnkiLangs::NB
the sand,sanden,/ˈsɑndən/,[sound:al_nb_no_the_sand.mp3],Google Cloud TTS<br>Voice: nb-NO-Standard-G,AnkiLangs::NB
the school,skolen,/ˈskuːlən/,[sound:al_nb_no_the_school.mp3],Google Cloud TTS<br>Voice: nb-NO-Standard-F,AnkiLangs::NB
the screen,skjermen,/ˈʃærmən/,[sound:al_nb_no_the_screen.mp3],Google Cloud TTS<br>Voice: nb-NO-Standard-F,AnkiLangs::NB
the sea,havet,/ˈhɑːvət/,[sound:al_nb_no_the_sea.mp3],Google Cloud TTS<br>Voice: nb-NO-Standard-F,AnkiLangs::NB
the season,sesongen,/sɛˈsɔŋːən/,[sound:al_nb_no_the_season.mp3],Google Cloud TTS<br>Voice: nb-NO-Standard-G,AnkiLangs::NB
the second,sekundet,/sɛˈkʉndət/,[sound:al_nb_no_the_second.mp3],Google Cloud TTS<br>Voice: nb-NO-Standard-F,AnkiLangs::NB
the secretary,sekretæren,/sɛkrɛˈtæːrən/,[sound:al_nb_no_the_secretary.mp3],Google Cloud TTS<br>Voice: nb-NO-Standard-G,AnkiLangs::NB
the seed,frøet,/ˈfrøːət/,[sound:al_nb_no_the_seed.mp3],Google Cloud TTS<br>Voice: nb-NO-Standard-G,AnkiLangs::NB
the ship,skipet,/ˈʃiːpət/,[sound:al_nb_no_the_ship.mp3],Google Cloud TTS<br>Voice: nb-NO-Standard-G,AnkiLangs::NB
the shirt,skjorten,/ˈʃɔːʈən/,[sound:al_nb_no_the_shirt.mp3],Google Cloud TTS<br>Voice: nb-NO-Standard-G,AnkiLangs::NB
the shoes,skoene,/ˈskuːənə/,[sound:al_nb_no_the_shoes.mp3],Google Cloud TTS<br>Voice: nb-NO-Standard-G,AnkiLangs::NB
the shoulder,skulderen,/ˈskʉldrən/,[sound:al_nb_no_the_shoulder.mp3],Google Cloud TTS<br>Voice: nb-NO-Standard-F,AnkiLangs::NB
the side,siden,/ˈsiːdən/,[sound:al_nb_no_the_side.mp3],Google Cloud TTS<br>Voice: nb-NO-Standard-G,AnkiLangs::NB
the sign,skiltet,/ˈʃɪltət/,[sound:al_nb_no_the_sign.mp3],Google Cloud TTS<br>Voice: nb-NO-Standard-G,AnkiLangs::NB
the sister,søsteren,/ˈsøstərən/,[sound:al_nb_no_the_sister.mp3],Google Cloud TTS<br>Voice: nb-NO-Standard-G,AnkiLangs::NB
the skin,huden,/ˈhʉːdən/,[sound:al_nb_no_the_skin.mp3],Google Cloud TTS<br>Voice: nb-NO-Standard-F,AnkiLangs::NB
the skirt,skjørtet,/ˈʃøːʈət/,[sound:al_nb_no_the_skirt.mp3],Google Cloud TTS<br>Voice: nb-NO-Standard-G,AnkiLangs::NB
the sky,himmelen,/ˈhɪmːələn/,[sound:al_nb_no_the_sky.mp3],Google Cloud TTS<br>Voice: nb-NO-Standard-G,AnkiLangs::NB
the snow,snøen,/ˈsnøːən/,[sound:al_nb_no_the_snow.mp3],Google Cloud TTS<br>Voice: nb-NO-Standard-F,AnkiLangs::NB
the soap,såpen,/ˈsɔːpən/,[sound:al_nb_no_the_soap.mp3],Google Cloud TTS<br>Voice: nb-NO-Standard-G,AnkiLangs::NB
the soldier,soldaten,/sɔlˈdɑːtən/,[sound:al_nb_no_the_soldier.mp3],Google Cloud TTS<br>Voice: nb-NO-Standard-G,AnkiLangs::NB
the son,sønnen,/ˈsønːən/,[sound:al_nb_no_the_son.mp3],Google Cloud TTS<br>Voice: nb-NO-Standard-F,AnkiLangs::NB
the song,sangen,/ˈsɑŋːən/,[sound:al_nb_no_the_song.mp3],Google Cloud TTS<br>Voice: nb-NO-Standard-G,AnkiLangs::NB
the sound,lyden,/ˈlyːdən/,[sound:al_nb_no_the_sound.mp3],Google Cloud TTS<br>Voice: nb-NO-Standard-F,AnkiLangs::NB
the soup,suppa,/ˈsʉpːɑ/,[sound:al_nb_no_the_soup.mp3],Google Cloud TTS<br>Voice: nb-NO-Standard-G,AnkiLangs::NB
the south,sør,/søːʁ/,[sound:al_nb_no_the_south.mp3],Google Cloud TTS<br>Voice: nb-NO-Standard-G,AnkiLangs::NB
the spoon,skjeen,/ˈʃeːən/,[sound:al_nb_no_the_spoon.mp3],Google Cloud TTS<br>Voice: nb-NO-Standard-G,AnkiLangs::NB
the Spring,våren,/ˈvɔːrən/,[sound:al_nb_no_the_spring.mp3],Google Cloud TTS<br>Voice: nb-NO-Standard-F,AnkiLangs::NB
the square,torget,/ˈtɔrɡət/,[sound:al_nb_no_the_square.mp3],Google Cloud TTS<br>Voice: nb-NO-Standard-F,AnkiLangs::NB
the stain,flekken,/ˈflɛkːən/,[sound:al_nb_no_the_stain.mp3],Google Cloud TTS<br>Voice: nb-NO-Standard-F,AnkiLangs::NB
the star,stjernen,/ˈʃæːɳən/,[sound:al_nb_no_the_star.mp3],Google Cloud TTS<br>Voice: nb-NO-Standard-F,AnkiLangs::NB
the store/shop,butikken,/bʉˈtɪkːən/,[sound:al_nb_no_the_store_shop.mp3],Google Cloud TTS<br>Voice: nb-NO-Standard-G,AnkiLangs::NB
the street/road,gata,/ˈɡɑːtɑ/,[sound:al_nb_no_the_street_road.mp3],Google Cloud TTS<br>Voice: nb-NO-Standard-F,AnkiLangs::NB
the student,studenten,/stʉˈdɛntən/,[sound:al_nb_no_the_student.mp3],Google Cloud TTS<br>Voice: nb-NO-Standard-F,AnkiLangs::NB
the suit,drakten,/ˈdrɑktən/,[sound:al_nb_no_the_suit.mp3],Google Cloud TTS<br>Voice: nb-NO-Standard-F,AnkiLangs::NB
the Summer,sommeren,/ˈsɔmːərən/,[sound:al_nb_no_the_summer.mp3],Google Cloud TTS<br>Voice: nb-NO-Standard-G,AnkiLangs::NB
the sun,sola,/ˈsuːlɑ/,[sound:al_nb_no_the_sun.mp3],Google Cloud TTS<br>Voice: nb-NO-Standard-G,AnkiLangs::NB
the T-shirt,T-skjorten,/ˈteːˌʃøːʈən/,[sound:al_nb_no_the_t_shirt.mp3],Google Cloud TTS<br>Voice: nb-NO-Standard-G,AnkiLangs::NB
the table,bordet,/ˈbuːɖət/,[sound:al_nb_no_the_table.mp3],Google Cloud TTS<br>Voice: nb-NO-Standard-G,AnkiLangs::NB
the teacher,læreren,/ˈlæːrərən/,[sound:al_nb_no_the_teacher.mp3],Google Cloud TTS<br>Voice: nb-NO-Standard-G,AnkiLangs::NB
the team,laget,/ˈlɑːɡət/,[sound:al_nb_no_the_team.mp3],Google Cloud TTS<br>Voice: nb-NO-Standard-F,AnkiLangs::NB
the tear,tåren,/ˈtɔːrən/,[sound:al_nb_no_the_tear.mp3],Google Cloud TTS<br>Voice: nb-NO-Standard-F,AnkiLangs::NB
the telephone,telefonen,/tɛləˈfuːnən/,[sound:al_nb_no_the_telephone.mp3],Google Cloud TTS<br>Voice: nb-NO-Standard-G,AnkiLangs::NB
the television,fjernsynet,/ˈfjæːɳˌsyːnət/,[sound:al_nb_no_the_television.mp3],Google Cloud TTS<br>Voice: nb-NO-Standard-G,AnkiLangs::NB
the theater,teateret,/teˈɑːtərət/,[sound:al_nb_no_the_theater.mp3],Google Cloud TTS<br>Voice: nb-NO-Standard-F,AnkiLangs::NB
the time,tiden,/ˈtiːdən/,[sound:al_nb_no_the_time.mp3],Google Cloud TTS<br>Voice: nb-NO-Standard-G,AnkiLangs::NB
the tire,dekket,/ˈdɛkːət/,[sound:al_nb_no_the_tire.mp3],Google Cloud TTS<br>Voice: nb-NO-Standard-G,AnkiLangs::NB
the toe,tåen,/ˈtɔːən/,[sound:al_nb_no_the_toe.mp3],Google Cloud TTS<br>Voice: nb-NO-Standard-F,AnkiLangs::NB
the tongue,tungen,/ˈtʉŋːən/,[sound:al_nb_no_the_tongue.mp3],Google Cloud TTS<br>Voice: nb-NO-Standard-G,AnkiLangs::NB
the tool,verktøyet,/ˈværkˌtøyət/,[sound:al_nb_no_the_tool.mp3],Google Cloud TTS<br>Voice: nb-NO-Standard-G,AnkiLangs::NB
the tooth,tannen,/ˈtɑnːən/,[sound:al_nb_no_the_tooth.mp3],Google Cloud TTS<br>Voice: nb-NO-Standard-G,AnkiLangs::NB
the top,toppen,/ˈtɔpːən/,[sound:al_nb_no_the_top.mp3],Google Cloud TTS<br>Voice: nb-NO-Standard-G,AnkiLangs::NB
the town,byen,/ˈbyːən/,[sound:al_nb_no_the_town.mp3],Google Cloud TTS<br>Voice: nb-NO-Standard-F,AnkiLangs::NB
the train,toget,/ˈtuːɡət/,[sound:al_nb_no_the_train.mp3],Google Cloud TTS<br>Voice: nb-NO-Standard-G,AnkiLangs::NB
the train station,jernbanestasjonen,/ˈjæːɳbɑːnəstaˌʃuːnən/,[sound:al_nb_no_the_train_station.mp3],Google Cloud TTS<br>Voice: nb-NO-Standard-F,AnkiLangs::NB
the tree,treet,/ˈtreːət/,[sound:al_nb_no_the_tree.mp3],Google Cloud TTS<br>Voice: nb-NO-Standard-G,AnkiLangs::NB
the truck,lastebilen,/ˈlɑstəˌbiːlən/,[sound:al_nb_no_the_truck.mp3],Google Cloud TTS<br>Voice: nb-NO-Standard-G,AnkiLangs::NB
the university,universitetet,/ʉnɪvæʂɪˈteːtət/,[sound:al_nb_no_the_university.mp3],Google Cloud TTS<br>Voice: nb-NO-Standard-G,AnkiLangs::NB
the valley,dalen,/ˈdɑːlən/,[sound:al_nb_no_the_valley.mp3],Google Cloud TTS<br>Voice: nb-NO-Standard-F,AnkiLangs::NB
the verb,verbet,/ˈværbət/,[sound:al_nb_no_the_verb.mp3],Google Cloud TTS<br>Voice: nb-NO-Standard-G,AnkiLangs::NB
the victim,offeret,/ˈɔfːərət/,[sound:al_nb_no_the_victim.mp3],Google Cloud TTS<br>Voice: nb-NO-Standard-G,AnkiLangs::NB
the voice,stemmen,/ˈstɛmːən/,[sound:al_nb_no_the_voice.mp3],Google Cloud TTS<br>Voice: nb-NO-Standard-G,AnkiLangs::NB
the vowel,vokalen,/vʊˈkɑːlən/,[sound:al_nb_no_the_vowel.mp3],Google Cloud TTS<br>Voice: nb-NO-Standard-F,AnkiLangs::NB
the waiter,kelneren,/çɛlˈneːrən/,[sound:al_nb_no_the_waiter.mp3],Google Cloud TTS<br>Voice: nb-NO-Standard-G,AnkiLangs::NB
the wall,veggen,/ˈvɛɡːən/,[sound:al_nb_no_the_wall.mp3],Google Cloud TTS<br>Voice: nb-NO-Standard-F,AnkiLangs::NB
the wave,bølgen,/ˈbølɡən/,[sound:al_nb_no_the_wave.mp3],Google Cloud TTS<br>Voice: nb-NO-Standard-F,AnkiLangs::NB
the week,uken,/ˈʉːkən/,[sound:al_nb_no_the_week.mp3],Google Cloud TTS<br>Voice: nb-NO-Standard-G,AnkiLangs::NB
the west,vest,/vɛst/,[sound:al_nb_no_the_west.mp3],Google Cloud TTS<br>Voice: nb-NO-Standard-F,AnkiLangs::NB
the wife,kona,/ˈkuːnɑ/,[sound:al_nb_no_the_wife.mp3],Google Cloud TTS<br>Voice: nb-NO-Standard-F,AnkiLangs::NB
the wind,vinden,/ˈvɪndən/,[sound:al_nb_no_the_wind.mp3],Google Cloud TTS<br>Voice: nb-NO-Standard-G,AnkiLangs::NB
the window,vinduet,/ˈvɪndʉət/,[sound:al_nb_no_the_window.mp3],Google Cloud TTS<br>Voice: nb-NO-Standard-F,AnkiLangs::NB
the wing,vingen,/ˈvɪŋːən/,[sound:al_nb_no_the_wing.mp3],Google Cloud TTS<br>Voice: nb-NO-Standard-G,AnkiLangs::NB
the Winter,vinteren,/ˈvɪntərən/,[sound:al_nb_no_the_winter.mp3],Google Cloud TTS<br>Voice: nb-NO-Standard-F,AnkiLangs::NB
the woman,kvinnen,/ˈkvɪnːən/,[sound:al_nb_no_the_woman.mp3],Google Cloud TTS<br>Voice: nb-NO-Standard-F,AnkiLangs::NB
the world,verden,/ˈvæːɖən/,[sound:al_nb_no_the_world.mp3],Google Cloud TTS<br>Voice: nb-NO-Standard-G,AnkiLangs::NB
the yard,gården,/ˈɡɔːɖən/,[sound:al_nb_no_the_yard.mp3],Google Cloud TTS<br>Voice: nb-NO-Standard-G,AnkiLangs::NB
the year,året,/ˈɔːrət/,[sound:al_nb_no_the_year.mp3],Google Cloud TTS<br>Voice: nb-NO-Standard-G,AnkiLangs::NB
they,de,/diː/,[sound:al_nb_no_they.mp3],Google Cloud TTS<br>Voice: nb-NO-Standard-F,AnkiLangs::NB
thick,tykk,/tʏkː/,[sound:al_nb_no_thick.mp3],Google Cloud TTS<br>Voice: nb-NO-Standard-G,AnkiLangs::NB
thin,tynn,/tʏnː/,[sound:al_nb_no_thin.mp3],Google Cloud TTS<br>Voice: nb-NO-Standard-G,AnkiLangs::NB
third (3rd),tredje,/ˈtrɛdjə/,[sound:al_nb_no_third_3rd.mp3],Google Cloud TTS<br>Voice: nb-NO-Standard-G,AnkiLangs::NB
thirteen (13),tretten,/ˈtrɛtːən/,[sound:al_nb_no_thirteen_13.mp3],Google Cloud TTS<br>Voice: nb-NO-Standard-G,AnkiLangs::NB
thirty (30),tretti,/ˈtrɛtːi/,[sound:al_nb_no_thirty_30.mp3],Google Cloud TTS<br>Voice: nb-NO-Standard-G,AnkiLangs::NB
thirty-one (31),trettién,/ˌtrɛtːiˈeːn/,[sound:al_nb_no_thirty_one_31.mp3],Google Cloud TTS<br>Voice: nb-NO-Standard-G,AnkiLangs::NB
thirty-two (32),trettito,/ˌtrɛtːiˈtuː/,[sound:al_nb_no_thirty_two_32.mp3],Google Cloud TTS<br>Voice: nb-NO-Standard-G,AnkiLangs::NB
three (3),tre,/treː/,[sound:al_nb_no_three_3.mp3],Google Cloud TTS<br>Voice: nb-NO-Standard-F,AnkiLangs::NB
Thursday,torsdag,/ˈtuːʂdɑː/,[sound:al_nb_no_thursday.mp3],Google Cloud TTS<br>Voice: nb-NO-Standard-G,AnkiLangs::NB
tight,stram,/strɑm/,[sound:al_nb_no_tight.mp3],Google Cloud TTS<br>Voice: nb-NO-Standard-F,AnkiLangs::NB
to beat,slå,/slɔː/,[sound:al_nb_no_to_beat.mp3],Google Cloud TTS<br>Voice: nb-NO-Standard-F,AnkiLangs::NB
to bend,bøye,/ˈbøyə/,[sound:al_nb_no_to_bend.mp3],Google Cloud TTS<br>Voice: nb-NO-Standard-G,AnkiLangs::NB
to break,bryte,/ˈbryːtə/,[sound:al_nb_no_to_break.mp3],Google Cloud TTS<br>Voice: nb-NO-Standard-F,AnkiLangs::NB
to build,bygge,/ˈbʏɡːə/,[sound:al_nb_no_to_build.mp3],Google Cloud TTS<br>Voice: nb-NO-Standard-F,AnkiLangs::NB
to burn,brenne,/ˈbrɛnːə/,[sound:al_nb_no_to_burn.mp3],Google Cloud TTS<br>Voice: nb-NO-Standard-F,AnkiLangs::NB
to buy,kjøpe,/ˈçøːpə/,[sound:al_nb_no_to_buy.mp3],Google Cloud TTS<br>Voice: nb-NO-Standard-F,AnkiLangs::NB
to call,ringe,/ˈrɪŋːə/,[sound:al_nb_no_to_call.mp3],Google Cloud TTS<br>Voice: nb-NO-Standard-F,AnkiLangs::NB
to carry,bære,/ˈbæːrə/,[sound:al_nb_no_to_carry.mp3],Google Cloud TTS<br>Voice: nb-NO-Standard-F,AnkiLangs::NB
to catch,fange,/ˈfɑŋːə/,[sound:al_nb_no_to_catch.mp3],Google Cloud TTS<br>Voice: nb-NO-Standard-F,AnkiLangs::NB
to clean,rengjøre,/ˈreːnˌjøːrə/,[sound:al_nb_no_to_clean.mp3],Google Cloud TTS<br>Voice: nb-NO-Standard-F,AnkiLangs::NB
to close,lukke,/ˈlʉkːə/,[sound:al_nb_no_to_close.mp3],Google Cloud TTS<br>Voice: nb-NO-Standard-F,AnkiLangs::NB
to cook,lage mat,/ˈlɑːɡə mɑːt/,[sound:al_nb_no_to_cook.mp3],Google Cloud TTS<br>Voice: nb-NO-Standard-F,AnkiLangs::NB
to count,telle,/ˈtɛlːə/,[sound:al_nb_no_to_count.mp3],Google Cloud TTS<br>Voice: nb-NO-Standard-G,AnkiLangs::NB
to cry,gråte,/ˈɡrɔːtə/,[sound:al_nb_no_to_cry.mp3],Google Cloud TTS<br>Voice: nb-NO-Standard-F,AnkiLangs::NB
to cut,kutte,/ˈkʉtːə/,[sound:al_nb_no_to_cut.mp3],Google Cloud TTS<br>Voice: nb-NO-Standard-F,AnkiLangs::NB
to dance,danse,/ˈdɑnsə/,[sound:al_nb_no_to_dance.mp3],Google Cloud TTS<br>Voice: nb-NO-Standard-G,AnkiLangs::NB
to die,dø,/døː/,[sound:al_nb_no_to_die.mp3],Google Cloud TTS<br>Voice: nb-NO-Standard-G,AnkiLangs::NB
to dig,grave,/ˈɡrɑːvə/,[sound:al_nb_no_to_dig.mp3],Google Cloud TTS<br>Voice: nb-NO-Standard-G,AnkiLangs::NB
to draw,tegne,/ˈtæiɡnə/,[sound:al_nb_no_to_draw.mp3],Google Cloud TTS<br>Voice: nb-NO-Standard-F,AnkiLangs::NB
to drink,drikke,/ˈdrɪkːə/,[sound:al_nb_no_to_drink.mp3],Google Cloud TTS<br>Voice: nb-NO-Standard-F,AnkiLangs::NB
to drive,kjøre,/ˈçøːrə/,[sound:al_nb_no_to_drive.mp3],Google Cloud TTS<br>Voice: nb-NO-Standard-F,AnkiLangs::NB
to eat,spise,/ˈspiːsə/,[sound:al_nb_no_to_eat.mp3],Google Cloud TTS<br>Voice: nb-NO-Standard-G,AnkiLangs::NB
to explode,eksplodere,/ɛkspluˈdeːrə/,[sound:al_nb_no_to_explode.mp3],Google Cloud TTS<br>Voice: nb-NO-Standard-F,AnkiLangs::NB
to fall,falle,/ˈfɑlːə/,[sound:al_nb_no_to_fall.mp3],Google Cloud TTS<br>Voice: nb-NO-Standard-F,AnkiLangs::NB
to feed,mate,/ˈmɑːtə/,[sound:al_nb_no_to_feed.mp3],Google Cloud TTS<br>Voice: nb-NO-Standard-G,AnkiLangs::NB
to fight,slåss,/slɔs/,[sound:al_nb_no_to_fight.mp3],Google Cloud TTS<br>Voice: nb-NO-Standard-G,AnkiLangs::NB
to find,finne,/ˈfɪnːə/,[sound:al_nb_no_to_find.mp3],Google Cloud TTS<br>Voice: nb-NO-Standard-G,AnkiLangs::NB
to fly,fly,/flyː/,[sound:al_nb_no_to_fly.mp3],Google Cloud TTS<br>Voice: nb-NO-Standard-F,AnkiLangs::NB
to follow,følge,/ˈfølɡə/,[sound:al_nb_no_to_follow.mp3],Google Cloud TTS<br>Voice: nb-NO-Standard-F,AnkiLangs::NB
to go,gå,/ɡɔː/,[sound:al_nb_no_to_go.mp3],Google Cloud TTS<br>Voice: nb-NO-Standard-F,AnkiLangs::NB
to grow,vokse,/ˈvɔksə/,[sound:al_nb_no_to_grow.mp3],Google Cloud TTS<br>Voice: nb-NO-Standard-F,AnkiLangs::NB
to hang,henge,/ˈhɛŋːə/,[sound:al_nb_no_to_hang.mp3],Google Cloud TTS<br>Voice: nb-NO-Standard-G,AnkiLangs::NB
to hear,høre,/ˈhøːrə/,[sound:al_nb_no_to_hear.mp3],Google Cloud TTS<br>Voice: nb-NO-Standard-F,AnkiLangs::NB
to jump,hoppe,/ˈhɔpːə/,[sound:al_nb_no_to_jump.mp3],Google Cloud TTS<br>Voice: nb-NO-Standard-F,AnkiLangs::NB
to kill,drepe,/ˈdreːpə/,[sound:al_nb_no_to_kill.mp3],Google Cloud TTS<br>Voice: nb-NO-Standard-G,AnkiLangs::NB
to kiss,kysse,/ˈçʏsːə/,[sound:al_nb_no_to_kiss.mp3],Google Cloud TTS<br>Voice: nb-NO-Standard-G,AnkiLangs::NB
to laugh,le,/leː/,[sound:al_nb_no_to_laugh.mp3],Google Cloud TTS<br>Voice: nb-NO-Standard-G,AnkiLangs::NB
to learn,lære,/ˈlæːrə/,[sound:al_nb_no_to_learn.mp3],Google Cloud TTS<br>Voice: nb-NO-Standard-F,AnkiLangs::NB
to lie down,ligge,/ˈlɪɡːə/,[sound:al_nb_no_to_lie_down.mp3],Google Cloud TTS<br>Voice: nb-NO-Standard-G,AnkiLangs::NB
to lift,løfte,/ˈløftə/,[sound:al_nb_no_to_lift.mp3],Google Cloud TTS<br>Voice: nb-NO-Standard-F,AnkiLangs::NB
to listen,lytte,/ˈlʏtːə/,[sound:al_nb_no_to_listen.mp3],Google Cloud TTS<br>Voice: nb-NO-Standard-G,AnkiLangs::NB
to lose,tape,/ˈtɑːpə/,[sound:al_nb_no_to_lose.mp3],Google Cloud TTS<br>Voice: nb-NO-Standard-G,AnkiLangs::NB
to love,elske,/ˈɛlskə/,[sound:al_nb_no_to_love.mp3],Google Cloud TTS<br>Voice: nb-NO-Standard-F,AnkiLangs::NB
to marry,gifte seg,/ˈjɪftə sæi/,[sound:al_nb_no_to_marry.mp3],Google Cloud TTS<br>Voice: nb-NO-Standard-G,AnkiLangs::NB
to melt,smelte,/ˈsmɛltə/,[sound:al_nb_no_to_melt.mp3],Google Cloud TTS<br>Voice: nb-NO-Standard-G,AnkiLangs::NB
to mix / to stir,blande,/ˈblɑndə/,[sound:al_nb_no_to_mix_to_stir.mp3],Google Cloud TTS<br>Voice: nb-NO-Standard-G,AnkiLangs::NB
to open,åpne,/ˈɔːpnə/,[sound:al_nb_no_to_open.mp3],Google Cloud TTS<br>Voice: nb-NO-Standard-F,AnkiLangs::NB
to pass by,passere,/pɑˈseːrə/,[sound:al_nb_no_to_pass_by.mp3],Google Cloud TTS<br>Voice: nb-NO-Standard-G,AnkiLangs::NB
to pay,betale,/bəˈtɑːlə/,[sound:al_nb_no_to_pay.mp3],Google Cloud TTS<br>Voice: nb-NO-Standard-F,AnkiLangs::NB
to play,leke,/ˈleːkə/,[sound:al_nb_no_to_play.mp3],Google Cloud TTS<br>Voice: nb-NO-Standard-G,AnkiLangs::NB
to pray,be,/beː/,[sound:al_nb_no_to_pray.mp3],Google Cloud TTS<br>Voice: nb-NO-Standard-G,AnkiLangs::NB
to pull,dra,/drɑː/,[sound:al_nb_no_to_pull.mp3],Google Cloud TTS<br>Voice: nb-NO-Standard-G,AnkiLangs::NB
to push,skyve,/ˈʃyːvə/,[sound:al_nb_no_to_push.mp3],Google Cloud TTS<br>Voice: nb-NO-Standard-G,AnkiLangs::NB
to run,løpe,/ˈløːpə/,[sound:al_nb_no_to_run.mp3],Google Cloud TTS<br>Voice: nb-NO-Standard-G,AnkiLangs::NB
to see,se,/seː/,[sound:al_nb_no_to_see.mp3],Google Cloud TTS<br>Voice: nb-NO-Standard-G,AnkiLangs::NB
to sell,selge,/ˈsɛlɡə/,[sound:al_nb_no_to_sell.mp3],Google Cloud TTS<br>Voice: nb-NO-Standard-F,AnkiLangs::NB
to shake,riste,/ˈrɪstə/,[sound:al_nb_no_to_shake.mp3],Google Cloud TTS<br>Voice: nb-NO-Standard-F,AnkiLangs::NB
to shoot (a gun),skyte,/ˈʃyːtə/,[sound:al_nb_no_to_shoot_a_gun.mp3],Google Cloud TTS<br>Voice: nb-NO-Standard-G,AnkiLangs::NB
to sign,signere,/sɪŋˈɲeːrə/,[sound:al_nb_no_to_sign.mp3],Google Cloud TTS<br>Voice: nb-NO-Standard-G,AnkiLangs::NB
to sing,synge,/ˈsʏŋːə/,[sound:al_nb_no_to_sing.mp3],Google Cloud TTS<br>Voice: nb-NO-Standard-F,AnkiLangs::NB
to sit,sitte,/ˈsɪtːə/,[sound:al_nb_no_to_sit.mp3],Google Cloud TTS<br>Voice: nb-NO-Standard-G,AnkiLangs::NB
to sleep,sove,/ˈsuːvə/,[sound:al_nb_no_to_sleep.mp3],Google Cloud TTS<br>Voice: nb-NO-Standard-G,AnkiLangs::NB
to smell,lukte,/ˈlʉktə/,[sound:al_nb_no_to_smell.mp3],Google Cloud TTS<br>Voice: nb-NO-Standard-G,AnkiLangs::NB
to smile,smile,/ˈsmiːlə/,[sound:al_nb_no_to_smile.mp3],Google Cloud TTS<br>Voice: nb-NO-Standard-F,AnkiLangs::NB
to speak / to say,snakke,/ˈsnɑkːə/,[sound:al_nb_no_to_speak_to_say.mp3],Google Cloud TTS<br>Voice: nb-NO-Standard-G,AnkiLangs::NB
to stand,stå,/stɔː/,[sound:al_nb_no_to_stand.mp3],Google Cloud TTS<br>Voice: nb-NO-Standard-G,AnkiLangs::NB
to stop,stoppe,/ˈstɔpːə/,[sound:al_nb_no_to_stop.mp3],Google Cloud TTS<br>Voice: nb-NO-Standard-F,AnkiLangs::NB
to swim,svømme,/ˈsvømːə/,[sound:al_nb_no_to_swim.mp3],Google Cloud TTS<br>Voice: nb-NO-Standard-G,AnkiLangs::NB
to taste,smake,/ˈsmɑːkə/,[sound:al_nb_no_to_taste.mp3],Google Cloud TTS<br>Voice: nb-NO-Standard-F,AnkiLangs::NB
to teach,lære bort,/ˈlæːrə bɔːʈ/,[sound:al_nb_no_to_teach.mp3],Google Cloud TTS<br>Voice: nb-NO-Standard-G,AnkiLangs::NB
to think,tenke,/ˈtɛŋkə/,[sound:al_nb_no_to_think.mp3],Google Cloud TTS<br>Voice: nb-NO-Standard-G,AnkiLangs::NB
to throw,kaste,/ˈkɑstə/,[sound:al_nb_no_to_throw.mp3],Google Cloud TTS<br>Voice: nb-NO-Standard-G,AnkiLangs::NB
to touch,berøre,/bəˈrøːrə/,[sound:al_nb_no_to_touch.mp3],Google Cloud TTS<br>Voice: nb-NO-Standard-G,AnkiLangs::NB
to turn,snu,/snʉː/,[sound:al_nb_no_to_turn.mp3],Google Cloud TTS<br>Voice: nb-NO-Standard-G,AnkiLangs::NB
to wake up,våkne,/ˈvɔːknə/,[sound:al_nb_no_to_wake_up.mp3],Google Cloud TTS<br>Voice: nb-NO-Standard-F,AnkiLangs::NB
to walk,gå,/ɡɔː/,[sound:al_nb_no_to_walk.mp3],Google Cloud TTS<br>Voice: nb-NO-Standard-F,AnkiLangs::NB
to wash,vaske,/ˈvɑskə/,[sound:al_nb_no_to_wash.mp3],Google Cloud TTS<br>Voice: nb-NO-Standard-F,AnkiLangs::NB
to watch,se på,/seː pɔː/,[sound:al_nb_no_to_watch.mp3],Google Cloud TTS<br>Voice: nb-NO-Standard-F,AnkiLangs::NB
to wear,ha på seg,/hɑː pɔː sæi/,[sound:al_nb_no_to_wear.mp3],Google Cloud TTS<br>Voice: nb-NO-Standard-G,AnkiLangs::NB
to win,vinne,/ˈvɪnːə/,[sound:al_nb_no_to_win.mp3],Google Cloud TTS<br>Voice: nb-NO-Standard-G,AnkiLangs::NB
to work,jobbe,/ˈjɔbːə/,[sound:al_nb_no_to_work.mp3],Google Cloud TTS<br>Voice: nb-NO-Standard-F,AnkiLangs::NB
to write,skrive,/ˈskriːvə/,[sound:al_nb_no_to_write.mp3],Google Cloud TTS<br>Voice: nb-NO-Standard-G,AnkiLangs::NB
transportation,transport,/trɑnˈspɔːʈ/,[sound:al_nb_no_transportation.mp3],Google Cloud TTS<br>Voice: nb-NO-Standard-G,AnkiLangs::NB
Tuesday,tirsdag,/ˈtiːʂdɑː/,[sound:al_nb_no_tuesday.mp3],Google Cloud TTS<br>Voice: nb-NO-Standard-G,AnkiLangs::NB
twelve (12),tolv,/tɔlv/,[sound:al_nb_no_twelve_12.mp3],Google Cloud TTS<br>Voice: nb-NO-Standard-F,AnkiLangs::NB
twenty (20),tjue,/ˈçʉːə/,[sound:al_nb_no_twenty_20.mp3],Google Cloud TTS<br>Voice: nb-NO-Standard-F,AnkiLangs::NB
twenty-one (21),tjueén,/ˌçʉːəˈeːn/,[sound:al_nb_no_twenty_one_21.mp3],Google Cloud TTS<br>Voice: nb-NO-Standard-G,AnkiLangs::NB
twenty-two (22),tjueto,/ˌçʉːəˈtuː/,[sound:al_nb_no_twenty_two_22.mp3],Google Cloud TTS<br>Voice: nb-NO-Standard-F,AnkiLangs::NB
two (2),to,/tuː/,[sound:al_nb_no_two_2.mp3],Google Cloud TTS<br>Voice: nb-NO-Standard-G,AnkiLangs::NB
ugly,stygg,/stʏɡː/,[sound:al_nb_no_ugly.mp3],Google Cloud TTS<br>Voice: nb-NO-Standard-F,AnkiLangs::NB
up,opp,/ɔpː/,[sound:al_nb_no_up.mp3],Google Cloud TTS<br>Voice: nb-NO-Standard-G,AnkiLangs::NB
war,krig,/kriːɡ/,[sound:al_nb_no_war.mp3],Google Cloud TTS<br>Voice: nb-NO-Standard-G,AnkiLangs::NB
warm,varm,/vɑrm/,[sound:al_nb_no_warm.mp3],Google Cloud TTS<br>Voice: nb-NO-Standard-G,AnkiLangs::NB
water,vann,/vɑnː/,[sound:al_nb_no_water.mp3],Google Cloud TTS<br>Voice: nb-NO-Standard-G,AnkiLangs::NB
we,vi,/viː/,[sound:al_nb_no_we.mp3],Google Cloud TTS<br>Voice: nb-NO-Standard-G,AnkiLangs::NB
weak,svak,/svɑːk/,[sound:al_nb_no_weak.mp3],Google Cloud TTS<br>Voice: nb-NO-Standard-G,AnkiLangs::NB
wedding,bryllup,/ˈbrʏlːʉp/,[sound:al_nb_no_wedding.mp3],Google Cloud TTS<br>Voice: nb-NO-Standard-G,AnkiLangs::NB
Wednesday,onsdag,/ˈuːnsdɑː/,[sound:al_nb_no_wednesday.mp3],Google Cloud TTS<br>Voice: nb-NO-Standard-G,AnkiLangs::NB
weight,vekt,/vɛkt/,[sound:al_nb_no_weight.mp3],Google Cloud TTS<br>Voice: nb-NO-Standard-G,AnkiLangs::NB
wet,våt,/vɔːt/,[sound:al_nb_no_wet.mp3],Google Cloud TTS<br>Voice: nb-NO-Standard-G,AnkiLangs::NB
white,hvit,/viːt/,[sound:al_nb_no_white.mp3],Google Cloud TTS<br>Voice: nb-NO-Standard-G,AnkiLangs::NB
wide,bred,/breː/,[sound:al_nb_no_wide.mp3],Google Cloud TTS<br>Voice: nb-NO-Standard-F,AnkiLangs::NB
wine,vin,/viːn/,[sound:al_nb_no_wine.mp3],Google Cloud TTS<br>Voice: nb-NO-Standard-F,AnkiLangs::NB
wood,tre,/treː/,[sound:al_nb_no_wood.mp3],Google Cloud TTS<br>Voice: nb-NO-Standard-F,AnkiLangs::NB
yellow,gul,/ɡʉːl/,[sound:al_nb_no_yellow.mp3],Google Cloud TTS<br>Voice: nb-NO-Standard-G,AnkiLangs::NB
yes,ja,/jɑː/,[sound:al_nb_no_yes.mp3],Google Cloud TTS<br>Voice: nb-NO-Standard-F,AnkiLangs::NB
"you [plural, y'all]",dere,/ˈdeːrə/,[sound:al_nb_no_you_plural_y_all.mp3],Google Cloud TTS<br>Voice: nb-NO-Standard-F,AnkiLangs::NB
you [singular],du,/dʉː/,[sound:al_nb_no_you_singular.mp3],Google Cloud TTS<br>Voice: nb-NO-Standard-F,AnkiLangs::NB
young,ung,/ʉŋː/,[sound:al_nb_no_young.mp3],Google Cloud TTS<br>Voice: nb-NO-Standard-F,AnkiLangs::NB
