key,text:fr,ipa:fr,audio:fr,audio source:fr,tags:fr
alive,vivant,/vivɑ̃/,[sound:al_fr_fr_alive.mp3],Google Cloud TTS<br>Voice: fr-FR-Studio-A,AnkiLangs::FR
April,avril,/avʁil/,[sound:al_fr_fr_april.mp3],Google Cloud TTS<br>Voice: fr-FR-Studio-A,AnkiLangs::FR
art,l'art,/laʁ/,[sound:al_fr_fr_art.mp3],Google Cloud TTS<br>Voice: fr-FR-Studio-D,AnkiLangs::FR
August,août,/u/,[sound:al_fr_fr_august.mp3],Google Cloud TTS<br>Voice: fr-FR-Studio-A,AnkiLangs::FR
bad,mauvais,/movɛ/,[sound:al_fr_fr_bad.mp3],Google Cloud TTS<br>Voice: fr-FR-Studio-A,AnkiLangs::FR
beautiful,beau,/bo/,[sound:al_fr_fr_beautiful.mp3],Google Cloud TTS<br>Voice: fr-FR-Studio-A,AnkiLangs::FR
beer,la bière,/la bjɛʁ/,[sound:al_fr_fr_beer.mp3],Google Cloud TTS<br>Voice: fr-FR-Studio-A,AnkiLangs::FR
big / large,grand,/ɡʁɑ̃/,[sound:al_fr_fr_big_large.mp3],Google Cloud TTS<br>Voice: fr-FR-Studio-A,AnkiLangs::FR
black,noir,/nwaʁ/,[sound:al_fr_fr_black.mp3],Google Cloud TTS<br>Voice: fr-FR-Studio-A,AnkiLangs::FR
blind,aveugle,/avœɡl/,[sound:al_fr_fr_blind.mp3],Google Cloud TTS<br>Voice: fr-FR-Studio-D,AnkiLangs::FR
blood,le sang,/lə sɑ̃/,[sound:al_fr_fr_blood.mp3],Google Cloud TTS<br>Voice: fr-FR-Studio-A,AnkiLangs::FR
blue,bleu,/blø/,[sound:al_fr_fr_blue.mp3],Google Cloud TTS<br>Voice: fr-FR-Studio-D,AnkiLangs::FR
breakfast,le petit-déjeuner,/lə pəti deʒœne/,[sound:al_fr_fr_breakfast.mp3],Google Cloud TTS<br>Voice: fr-FR-Studio-A,AnkiLangs::FR
brown,marron,/maʁɔ̃/,[sound:al_fr_fr_brown.mp3],Google Cloud TTS<br>Voice: fr-FR-Studio-A,AnkiLangs::FR
cheap,pas cher,/pa ʃɛʁ/,[sound:al_fr_fr_cheap.mp3],Google Cloud TTS<br>Voice: fr-FR-Studio-A,AnkiLangs::FR
clay,l'argile,/laʁʒil/,[sound:al_fr_fr_clay.mp3],Google Cloud TTS<br>Voice: fr-FR-Studio-A,AnkiLangs::FR
clean,propre,/pʁɔpʁ/,[sound:al_fr_fr_clean.mp3],Google Cloud TTS<br>Voice: fr-FR-Studio-A,AnkiLangs::FR
coffee,le café,/lə kafe/,[sound:al_fr_fr_coffee.mp3],Google Cloud TTS<br>Voice: fr-FR-Studio-A,AnkiLangs::FR
cold,froid,/fʁwa/,[sound:al_fr_fr_cold.mp3],Google Cloud TTS<br>Voice: fr-FR-Studio-A,AnkiLangs::FR
cool,frais,/fʁɛ/,[sound:al_fr_fr_cool.mp3],Google Cloud TTS<br>Voice: fr-FR-Studio-D,AnkiLangs::FR
copper,le cuivre,/lə kɥivʁ/,[sound:al_fr_fr_copper.mp3],Google Cloud TTS<br>Voice: fr-FR-Studio-A,AnkiLangs::FR
curved,courbé,/kuʁbe/,[sound:al_fr_fr_curved.mp3],Google Cloud TTS<br>Voice: fr-FR-Studio-D,AnkiLangs::FR
dark,sombre,/sɔ̃bʁ/,[sound:al_fr_fr_dark.mp3],Google Cloud TTS<br>Voice: fr-FR-Studio-D,AnkiLangs::FR
dark blue,bleu foncé,/blø fɔ̃se/,[sound:al_fr_fr_dark_blue.mp3],Google Cloud TTS<br>Voice: fr-FR-Studio-A,AnkiLangs::FR
dead,mort,/mɔʁ/,[sound:al_fr_fr_dead.mp3],Google Cloud TTS<br>Voice: fr-FR-Studio-A,AnkiLangs::FR
deaf,sourd,/suʁ/,[sound:al_fr_fr_deaf.mp3],Google Cloud TTS<br>Voice: fr-FR-Studio-A,AnkiLangs::FR
death,la mort,/la mɔʁ/,[sound:al_fr_fr_death.mp3],Google Cloud TTS<br>Voice: fr-FR-Studio-D,AnkiLangs::FR
December,décembre,/desɑ̃bʁ/,[sound:al_fr_fr_december.mp3],Google Cloud TTS<br>Voice: fr-FR-Studio-D,AnkiLangs::FR
deep,profond,/pʁɔfɔ̃/,[sound:al_fr_fr_deep.mp3],Google Cloud TTS<br>Voice: fr-FR-Studio-D,AnkiLangs::FR
diamond,le diamant,/lə djamɑ̃/,[sound:al_fr_fr_diamond.mp3],Google Cloud TTS<br>Voice: fr-FR-Studio-A,AnkiLangs::FR
dinner,le dîner,/lə dine/,[sound:al_fr_fr_dinner.mp3],Google Cloud TTS<br>Voice: fr-FR-Studio-A,AnkiLangs::FR
dirty,sale,/sal/,[sound:al_fr_fr_dirty.mp3],Google Cloud TTS<br>Voice: fr-FR-Studio-D,AnkiLangs::FR
disease,la maladie,/la maladi/,[sound:al_fr_fr_disease.mp3],Google Cloud TTS<br>Voice: fr-FR-Studio-A,AnkiLangs::FR
down,en bas,/ɑ̃ ba/,[sound:al_fr_fr_down.mp3],Google Cloud TTS<br>Voice: fr-FR-Studio-A,AnkiLangs::FR
dry,sec,/sɛk/,[sound:al_fr_fr_dry.mp3],Google Cloud TTS<br>Voice: fr-FR-Studio-A,AnkiLangs::FR
dust,la poussière,/la pusjɛʁ/,[sound:al_fr_fr_dust.mp3],Google Cloud TTS<br>Voice: fr-FR-Studio-A,AnkiLangs::FR
Earth,la Terre,/la tɛʁ/,[sound:al_fr_fr_earth.mp3],Google Cloud TTS<br>Voice: fr-FR-Studio-A,AnkiLangs::FR
eight (8),huit,/ɥit/,[sound:al_fr_fr_eight_8.mp3],Google Cloud TTS<br>Voice: fr-FR-Studio-D,AnkiLangs::FR
eighteen (18),dix-huit,/dizɥit/,[sound:al_fr_fr_eighteen_18.mp3],Google Cloud TTS<br>Voice: fr-FR-Studio-A,AnkiLangs::FR
eighty (80),quatre-vingts,/katʁəvɛ̃/,[sound:al_fr_fr_eighty_80.mp3],Google Cloud TTS<br>Voice: fr-FR-Studio-A,AnkiLangs::FR
eighty-one (81),quatre-vingt-un,/katʁəvɛ̃œ̃/,[sound:al_fr_fr_eighty_one_81.mp3],Google Cloud TTS<br>Voice: fr-FR-Studio-A,AnkiLangs::FR
eighty-two (82),quatre-vingt-deux,/katʁəvɛ̃dø/,[sound:al_fr_fr_eighty_two_82.mp3],Google Cloud TTS<br>Voice: fr-FR-Studio-A,AnkiLangs::FR
eleven (11),onze,/ɔ̃z/,[sound:al_fr_fr_eleven_11.mp3],Google Cloud TTS<br>Voice: fr-FR-Studio-A,AnkiLangs::FR
energy,l'énergie,/leneʁʒi/,[sound:al_fr_fr_energy.mp3],Google Cloud TTS<br>Voice: fr-FR-Studio-D,AnkiLangs::FR
exercise,l'exercice,/lɛɡzɛʁsis/,[sound:al_fr_fr_exercise.mp3],Google Cloud TTS<br>Voice: fr-FR-Studio-A,AnkiLangs::FR
expensive,cher,/ʃɛʁ/,[sound:al_fr_fr_expensive.mp3],Google Cloud TTS<br>Voice: fr-FR-Studio-A,AnkiLangs::FR
famous,célèbre,/selɛbʁ/,[sound:al_fr_fr_famous.mp3],Google Cloud TTS<br>Voice: fr-FR-Studio-A,AnkiLangs::FR
fast,rapide,/ʁapid/,[sound:al_fr_fr_fast.mp3],Google Cloud TTS<br>Voice: fr-FR-Studio-A,AnkiLangs::FR
February,février,/fevʁije/,[sound:al_fr_fr_february.mp3],Google Cloud TTS<br>Voice: fr-FR-Studio-A,AnkiLangs::FR
female,féminin,/feminɛ̃/,[sound:al_fr_fr_female.mp3],Google Cloud TTS<br>Voice: fr-FR-Studio-A,AnkiLangs::FR
fifteen (15),quinze,/kɛ̃z/,[sound:al_fr_fr_fifteen_15.mp3],Google Cloud TTS<br>Voice: fr-FR-Studio-A,AnkiLangs::FR
fifth (5th),cinquième,/sɛ̃kjɛm/,[sound:al_fr_fr_fifth_5th.mp3],Google Cloud TTS<br>Voice: fr-FR-Studio-D,AnkiLangs::FR
fifty (50),cinquante,/sɛ̃kɑ̃t/,[sound:al_fr_fr_fifty_50.mp3],Google Cloud TTS<br>Voice: fr-FR-Studio-A,AnkiLangs::FR
fifty-one (51),cinquante et un,/sɛ̃kɑ̃t e œ̃/,[sound:al_fr_fr_fifty_one_51.mp3],Google Cloud TTS<br>Voice: fr-FR-Studio-D,AnkiLangs::FR
fifty-two (52),cinquante-deux,/sɛ̃kɑ̃tdø/,[sound:al_fr_fr_fifty_two_52.mp3],Google Cloud TTS<br>Voice: fr-FR-Studio-D,AnkiLangs::FR
first (1st),premier,/pʁəmje/,[sound:al_fr_fr_first_1st.mp3],Google Cloud TTS<br>Voice: fr-FR-Studio-A,AnkiLangs::FR
five (5),cinq,/sɛ̃k/,[sound:al_fr_fr_five_5.mp3],Google Cloud TTS<br>Voice: fr-FR-Studio-A,AnkiLangs::FR
flat,plat,/pla/,[sound:al_fr_fr_flat.mp3],Google Cloud TTS<br>Voice: fr-FR-Studio-D,AnkiLangs::FR
food,la nourriture,/la nuʁityʁ/,[sound:al_fr_fr_food.mp3],Google Cloud TTS<br>Voice: fr-FR-Studio-D,AnkiLangs::FR
forty (40),quarante,/kaʁɑ̃t/,[sound:al_fr_fr_forty_40.mp3],Google Cloud TTS<br>Voice: fr-FR-Studio-D,AnkiLangs::FR
forty-one (41),quarante et un,/kaʁɑ̃t e œ̃/,[sound:al_fr_fr_forty_one_41.mp3],Google Cloud TTS<br>Voice: fr-FR-Studio-A,AnkiLangs::FR
forty-two (42),quarante-deux,/kaʁɑ̃tdø/,[sound:al_fr_fr_forty_two_42.mp3],Google Cloud TTS<br>Voice: fr-FR-Studio-A,AnkiLangs::FR
four (4),quatre,/katʁ/,[sound:al_fr_fr_four_4.mp3],Google Cloud TTS<br>Voice: fr-FR-Studio-D,AnkiLangs::FR
fourteen (14),quatorze,/katɔʁz/,[sound:al_fr_fr_fourteen_14.mp3],Google Cloud TTS<br>Voice: fr-FR-Studio-A,AnkiLangs::FR
fourth (4th),quatrième,/katʁijɛm/,[sound:al_fr_fr_fourth_4th.mp3],Google Cloud TTS<br>Voice: fr-FR-Studio-A,AnkiLangs::FR
Friday,vendredi,/vɑ̃dʁədi/,[sound:al_fr_fr_friday.mp3],Google Cloud TTS<br>Voice: fr-FR-Studio-D,AnkiLangs::FR
glass [material],le verre,/lə vɛʁ/,[sound:al_fr_fr_glass.mp3],Google Cloud TTS<br>Voice: fr-FR-Studio-A,AnkiLangs::FR
God,Dieu,/djø/,[sound:al_fr_fr_god.mp3],Google Cloud TTS<br>Voice: fr-FR-Studio-D,AnkiLangs::FR
gold,l'or,/lɔʁ/,[sound:al_fr_fr_gold.mp3],Google Cloud TTS<br>Voice: fr-FR-Studio-D,AnkiLangs::FR
good,bon,/bɔ̃/,[sound:al_fr_fr_good.mp3],Google Cloud TTS<br>Voice: fr-FR-Studio-D,AnkiLangs::FR
gray,gris,/ɡʁi/,[sound:al_fr_fr_gray.mp3],Google Cloud TTS<br>Voice: fr-FR-Studio-A,AnkiLangs::FR
green,vert,/vɛʁ/,[sound:al_fr_fr_green.mp3],Google Cloud TTS<br>Voice: fr-FR-Studio-A,AnkiLangs::FR
happy,heureux,/øʁø/,[sound:al_fr_fr_happy.mp3],Google Cloud TTS<br>Voice: fr-FR-Studio-A,AnkiLangs::FR
hard,dur,/dyʁ/,[sound:al_fr_fr_hard.mp3],Google Cloud TTS<br>Voice: fr-FR-Studio-D,AnkiLangs::FR
he,il,/il/,[sound:al_fr_fr_he.mp3],Google Cloud TTS<br>Voice: fr-FR-Studio-A,AnkiLangs::FR
healthy,sain,/sɛ̃/,[sound:al_fr_fr_healthy.mp3],Google Cloud TTS<br>Voice: fr-FR-Studio-D,AnkiLangs::FR
heaven,le paradis,/lə paʁadi/,[sound:al_fr_fr_heaven.mp3],Google Cloud TTS<br>Voice: fr-FR-Studio-A,AnkiLangs::FR
heavy,lourd,/luʁ/,[sound:al_fr_fr_heavy.mp3],Google Cloud TTS<br>Voice: fr-FR-Studio-D,AnkiLangs::FR
hell,l'enfer,/lɑ̃fɛʁ/,[sound:al_fr_fr_hell.mp3],Google Cloud TTS<br>Voice: fr-FR-Studio-D,AnkiLangs::FR
high,haut,/o/,[sound:al_fr_fr_high.mp3],Google Cloud TTS<br>Voice: fr-FR-Studio-A,AnkiLangs::FR
hot,chaud,/ʃo/,[sound:al_fr_fr_hot.mp3],Google Cloud TTS<br>Voice: fr-FR-Studio-A,AnkiLangs::FR
I,je,/ʒə/,[sound:al_fr_fr_i.mp3],Google Cloud TTS<br>Voice: fr-FR-Studio-A,AnkiLangs::FR
it,il,/il/,[sound:al_fr_fr_it.mp3],Google Cloud TTS<br>Voice: fr-FR-Studio-A,AnkiLangs::FR
January,janvier,/ʒɑ̃vje/,[sound:al_fr_fr_january.mp3],Google Cloud TTS<br>Voice: fr-FR-Studio-D,AnkiLangs::FR
juice,le jus,/lə ʒy/,[sound:al_fr_fr_juice.mp3],Google Cloud TTS<br>Voice: fr-FR-Studio-A,AnkiLangs::FR
July,juillet,/ʒɥijɛ/,[sound:al_fr_fr_july.mp3],Google Cloud TTS<br>Voice: fr-FR-Studio-A,AnkiLangs::FR
June,juin,/ʒɥɛ̃/,[sound:al_fr_fr_june.mp3],Google Cloud TTS<br>Voice: fr-FR-Studio-A,AnkiLangs::FR
left,gauche,/ɡoʃ/,[sound:al_fr_fr_left.mp3],Google Cloud TTS<br>Voice: fr-FR-Studio-D,AnkiLangs::FR
"light [opposite of ""dark""]",clair,/klɛʁ/,[sound:al_fr_fr_light_opposite_of_dark.mp3],Google Cloud TTS<br>Voice: fr-FR-Studio-D,AnkiLangs::FR
"light [opposite of ""heavy""]",léger,/leʒe/,[sound:al_fr_fr_light_opposite_of_heavy.mp3],Google Cloud TTS<br>Voice: fr-FR-Studio-D,AnkiLangs::FR
light blue,bleu clair,/blø klɛʁ/,[sound:al_fr_fr_light_blue.mp3],Google Cloud TTS<br>Voice: fr-FR-Studio-A,AnkiLangs::FR
long,long,/lɔ̃/,[sound:al_fr_fr_long.mp3],Google Cloud TTS<br>Voice: fr-FR-Studio-D,AnkiLangs::FR
loose,lâche,/lɑʃ/,[sound:al_fr_fr_loose.mp3],Google Cloud TTS<br>Voice: fr-FR-Studio-A,AnkiLangs::FR
loud,fort,/fɔʁ/,[sound:al_fr_fr_loud.mp3],Google Cloud TTS<br>Voice: fr-FR-Studio-D,AnkiLangs::FR
low,bas,/ba/,[sound:al_fr_fr_low.mp3],Google Cloud TTS<br>Voice: fr-FR-Studio-D,AnkiLangs::FR
lunch,le déjeuner,/lə deʒœne/,[sound:al_fr_fr_lunch.mp3],Google Cloud TTS<br>Voice: fr-FR-Studio-A,AnkiLangs::FR
male,masculin,/maskulɛ̃/,[sound:al_fr_fr_male.mp3],Google Cloud TTS<br>Voice: fr-FR-Studio-D,AnkiLangs::FR
March,mars,/maʁs/,[sound:al_fr_fr_march.mp3],Google Cloud TTS<br>Voice: fr-FR-Studio-A,AnkiLangs::FR
marriage,le mariage,/lə maʁjaʒ/,[sound:al_fr_fr_marriage.mp3],Google Cloud TTS<br>Voice: fr-FR-Studio-A,AnkiLangs::FR
material,le matériau,/lə mateʁjo/,[sound:al_fr_fr_material.mp3],Google Cloud TTS<br>Voice: fr-FR-Studio-A,AnkiLangs::FR
May,mai,/mɛ/,[sound:al_fr_fr_may.mp3],Google Cloud TTS<br>Voice: fr-FR-Studio-A,AnkiLangs::FR
mean,méchant,/meʃɑ̃/,[sound:al_fr_fr_mean.mp3],Google Cloud TTS<br>Voice: fr-FR-Studio-D,AnkiLangs::FR
medicine,le médicament,/lə medikamɑ̃/,[sound:al_fr_fr_medicine.mp3],Google Cloud TTS<br>Voice: fr-FR-Studio-D,AnkiLangs::FR
metal,le métal,/lə metal/,[sound:al_fr_fr_metal.mp3],Google Cloud TTS<br>Voice: fr-FR-Studio-D,AnkiLangs::FR
milk,le lait,/lə lɛ/,[sound:al_fr_fr_milk.mp3],Google Cloud TTS<br>Voice: fr-FR-Studio-A,AnkiLangs::FR
Monday,lundi,/lœ̃di/,[sound:al_fr_fr_monday.mp3],Google Cloud TTS<br>Voice: fr-FR-Studio-D,AnkiLangs::FR
money,l'argent,/laʁʒɑ̃/,[sound:al_fr_fr_money.mp3],Google Cloud TTS<br>Voice: fr-FR-Studio-A,AnkiLangs::FR
murder,le meurtre,/lə mœʁtʁ/,[sound:al_fr_fr_murder.mp3],Google Cloud TTS<br>Voice: fr-FR-Studio-A,AnkiLangs::FR
music,la musique,/la myzik/,[sound:al_fr_fr_music.mp3],Google Cloud TTS<br>Voice: fr-FR-Studio-A,AnkiLangs::FR
narrow,étroit,/etʁwa/,[sound:al_fr_fr_narrow.mp3],Google Cloud TTS<br>Voice: fr-FR-Studio-D,AnkiLangs::FR
nature,la nature,/la natyʁ/,[sound:al_fr_fr_nature.mp3],Google Cloud TTS<br>Voice: fr-FR-Studio-D,AnkiLangs::FR
new,nouveau,/nuvo/,[sound:al_fr_fr_new.mp3],Google Cloud TTS<br>Voice: fr-FR-Studio-D,AnkiLangs::FR
nice,gentil,/ʒɑ̃ti/,[sound:al_fr_fr_nice.mp3],Google Cloud TTS<br>Voice: fr-FR-Studio-A,AnkiLangs::FR
nine (9),neuf,/nœf/,[sound:al_fr_fr_nine_9.mp3],Google Cloud TTS<br>Voice: fr-FR-Studio-A,AnkiLangs::FR
nineteen (19),dix-neuf,/diznœf/,[sound:al_fr_fr_nineteen_19.mp3],Google Cloud TTS<br>Voice: fr-FR-Studio-D,AnkiLangs::FR
ninety (90),quatre-vingt-dix,/katʁəvɛ̃dis/,[sound:al_fr_fr_ninety_90.mp3],Google Cloud TTS<br>Voice: fr-FR-Studio-A,AnkiLangs::FR
ninety-one (91),quatre-vingt-onze,/katʁəvɛ̃ɔ̃z/,[sound:al_fr_fr_ninety_one_91.mp3],Google Cloud TTS<br>Voice: fr-FR-Studio-D,AnkiLangs::FR
ninety-two (92),quatre-vingt-douze,/katʁəvɛ̃duz/,[sound:al_fr_fr_ninety_two_92.mp3],Google Cloud TTS<br>Voice: fr-FR-Studio-D,AnkiLangs::FR
no,non,/nɔ̃/,[sound:al_fr_fr_no.mp3],Google Cloud TTS<br>Voice: fr-FR-Studio-D,AnkiLangs::FR
November,novembre,/nɔvɑ̃bʁ/,[sound:al_fr_fr_november.mp3],Google Cloud TTS<br>Voice: fr-FR-Studio-A,AnkiLangs::FR
nuclear,nucléaire,/nykleɛʁ/,[sound:al_fr_fr_nuclear.mp3],Google Cloud TTS<br>Voice: fr-FR-Studio-D,AnkiLangs::FR
October,octobre,/ɔktɔbʁ/,[sound:al_fr_fr_october.mp3],Google Cloud TTS<br>Voice: fr-FR-Studio-A,AnkiLangs::FR
oil,l'huile,/lɥil/,[sound:al_fr_fr_oil.mp3],Google Cloud TTS<br>Voice: fr-FR-Studio-A,AnkiLangs::FR
"old [opposite of ""new""]",vieux,/vjø/,[sound:al_fr_fr_old_opposite_of_new.mp3],Google Cloud TTS<br>Voice: fr-FR-Studio-D,AnkiLangs::FR
"old [opposite of ""young""]",vieux,/vjø/,[sound:al_fr_fr_old_opposite_of_young.mp3],Google Cloud TTS<br>Voice: fr-FR-Studio-D,AnkiLangs::FR
one (1),un,/œ̃/,[sound:al_fr_fr_one_1.mp3],Google Cloud TTS<br>Voice: fr-FR-Studio-D,AnkiLangs::FR
"one billion (1,000,000,000)",un milliard,/œ̃ miljaʁ/,[sound:al_fr_fr_one_billion_1_000_000_000.mp3],Google Cloud TTS<br>Voice: fr-FR-Studio-D,AnkiLangs::FR
one hundred (100),cent,/sɑ̃/,[sound:al_fr_fr_one_hundred_100.mp3],Google Cloud TTS<br>Voice: fr-FR-Studio-A,AnkiLangs::FR
one hundred eleven (111),cent onze,/sɑ̃ ɔ̃z/,[sound:al_fr_fr_one_hundred_eleven_111.mp3],Google Cloud TTS<br>Voice: fr-FR-Studio-A,AnkiLangs::FR
one hundred one (101),cent un,/sɑ̃ œ̃/,[sound:al_fr_fr_one_hundred_one_101.mp3],Google Cloud TTS<br>Voice: fr-FR-Studio-D,AnkiLangs::FR
one hundred ten (110),cent dix,/sɑ̃ dis/,[sound:al_fr_fr_one_hundred_ten_110.mp3],Google Cloud TTS<br>Voice: fr-FR-Studio-A,AnkiLangs::FR
"one hundred thousand (100,000)",cent mille,/sɑ̃ mil/,[sound:al_fr_fr_one_hundred_thousand_100_000.mp3],Google Cloud TTS<br>Voice: fr-FR-Studio-A,AnkiLangs::FR
one hundred two (102),cent deux,/sɑ̃ dø/,[sound:al_fr_fr_one_hundred_two_102.mp3],Google Cloud TTS<br>Voice: fr-FR-Studio-A,AnkiLangs::FR
"one million (1,000,000)",un million,/œ̃ miljɔ̃/,[sound:al_fr_fr_one_million_1_000_000.mp3],Google Cloud TTS<br>Voice: fr-FR-Studio-A,AnkiLangs::FR
one thousand (1000),mille,/mil/,[sound:al_fr_fr_one_thousand_1000.mp3],Google Cloud TTS<br>Voice: fr-FR-Studio-A,AnkiLangs::FR
one thousand one (1001),mille un,/mil œ̃/,[sound:al_fr_fr_one_thousand_one_1001.mp3],Google Cloud TTS<br>Voice: fr-FR-Studio-D,AnkiLangs::FR
orange,orange,/ɔʁɑ̃ʒ/,[sound:al_fr_fr_orange.mp3],Google Cloud TTS<br>Voice: fr-FR-Studio-D,AnkiLangs::FR
pain,la douleur,/la dulœʁ/,[sound:al_fr_fr_pain.mp3],Google Cloud TTS<br>Voice: fr-FR-Studio-A,AnkiLangs::FR
peace,la paix,/la pɛ/,[sound:al_fr_fr_peace.mp3],Google Cloud TTS<br>Voice: fr-FR-Studio-D,AnkiLangs::FR
pink,rose,/ʁoz/,[sound:al_fr_fr_pink.mp3],Google Cloud TTS<br>Voice: fr-FR-Studio-A,AnkiLangs::FR
plastic,le plastique,/lə plastik/,[sound:al_fr_fr_plastic.mp3],Google Cloud TTS<br>Voice: fr-FR-Studio-D,AnkiLangs::FR
poison,le poison,/lə pwazɔ̃/,[sound:al_fr_fr_poison.mp3],Google Cloud TTS<br>Voice: fr-FR-Studio-D,AnkiLangs::FR
poor,pauvre,/povʁ/,[sound:al_fr_fr_poor.mp3],Google Cloud TTS<br>Voice: fr-FR-Studio-D,AnkiLangs::FR
prison,la prison,/la pʁizɔ̃/,[sound:al_fr_fr_prison.mp3],Google Cloud TTS<br>Voice: fr-FR-Studio-A,AnkiLangs::FR
quiet,calme,/kalm/,[sound:al_fr_fr_quiet.mp3],Google Cloud TTS<br>Voice: fr-FR-Studio-A,AnkiLangs::FR
race [human group],la race,/la ʁas/,[sound:al_fr_fr_race_ethnicity.mp3],Google Cloud TTS<br>Voice: fr-FR-Studio-D,AnkiLangs::FR
race [sport],la course,/la kuʁs/,[sound:al_fr_fr_race_sport.mp3],Google Cloud TTS<br>Voice: fr-FR-Studio-D,AnkiLangs::FR
red,rouge,/ʁuʒ/,[sound:al_fr_fr_red.mp3],Google Cloud TTS<br>Voice: fr-FR-Studio-A,AnkiLangs::FR
relationship,la relation,/la ʁəlasjɔ̃/,[sound:al_fr_fr_relationship.mp3],Google Cloud TTS<br>Voice: fr-FR-Studio-A,AnkiLangs::FR
religion,la religion,/la ʁəliʒjɔ̃/,[sound:al_fr_fr_religion.mp3],Google Cloud TTS<br>Voice: fr-FR-Studio-D,AnkiLangs::FR
rice,le riz,/lə ʁi/,[sound:al_fr_fr_rice.mp3],Google Cloud TTS<br>Voice: fr-FR-Studio-D,AnkiLangs::FR
rich,riche,/ʁiʃ/,[sound:al_fr_fr_rich.mp3],Google Cloud TTS<br>Voice: fr-FR-Studio-A,AnkiLangs::FR
right [direction],droite,/dʁwat/,[sound:al_fr_fr_right.mp3],Google Cloud TTS<br>Voice: fr-FR-Studio-D,AnkiLangs::FR
sad,triste,/tʁist/,[sound:al_fr_fr_sad.mp3],Google Cloud TTS<br>Voice: fr-FR-Studio-A,AnkiLangs::FR
salt,le sel,/lə sɛl/,[sound:al_fr_fr_salt.mp3],Google Cloud TTS<br>Voice: fr-FR-Studio-D,AnkiLangs::FR
Saturday,samedi,/samdi/,[sound:al_fr_fr_saturday.mp3],Google Cloud TTS<br>Voice: fr-FR-Studio-A,AnkiLangs::FR
science,la science,/la sjɑ̃s/,[sound:al_fr_fr_science.mp3],Google Cloud TTS<br>Voice: fr-FR-Studio-A,AnkiLangs::FR
second (2nd),deuxième,/døzjɛm/,[sound:al_fr_fr_second_2nd.mp3],Google Cloud TTS<br>Voice: fr-FR-Studio-D,AnkiLangs::FR
September,septembre,/sɛptɑ̃bʁ/,[sound:al_fr_fr_september.mp3],Google Cloud TTS<br>Voice: fr-FR-Studio-A,AnkiLangs::FR
seven (7),sept,/sɛt/,[sound:al_fr_fr_seven_7.mp3],Google Cloud TTS<br>Voice: fr-FR-Studio-A,AnkiLangs::FR
seventeen (17),dix-sept,/dissɛt/,[sound:al_fr_fr_seventeen_17.mp3],Google Cloud TTS<br>Voice: fr-FR-Studio-D,AnkiLangs::FR
seventy (70),soixante-dix,/swasɑ̃tdis/,[sound:al_fr_fr_seventy_70.mp3],Google Cloud TTS<br>Voice: fr-FR-Studio-A,AnkiLangs::FR
seventy-one (71),soixante et onze,/swasɑ̃t e ɔ̃z/,[sound:al_fr_fr_seventy_one_71.mp3],Google Cloud TTS<br>Voice: fr-FR-Studio-A,AnkiLangs::FR
seventy-two (72),soixante-douze,/swasɑ̃tduz/,[sound:al_fr_fr_seventy_two_72.mp3],Google Cloud TTS<br>Voice: fr-FR-Studio-D,AnkiLangs::FR
sex [gender],le sexe,/lə sɛks/,[sound:al_fr_fr_sex_gender.mp3],Google Cloud TTS<br>Voice: fr-FR-Studio-D,AnkiLangs::FR
sex [the act],le sexe,/lə sɛks/,[sound:al_fr_fr_sex_the_act.mp3],Google Cloud TTS<br>Voice: fr-FR-Studio-A,AnkiLangs::FR
shallow,peu profond,/pø pʁɔfɔ̃/,[sound:al_fr_fr_shallow.mp3],Google Cloud TTS<br>Voice: fr-FR-Studio-A,AnkiLangs::FR
she,elle,/ɛl/,[sound:al_fr_fr_she.mp3],Google Cloud TTS<br>Voice: fr-FR-Studio-D,AnkiLangs::FR
"short [opposite of ""long""]",court,/kuʁ/,[sound:al_fr_fr_short_opposite_of_long.mp3],Google Cloud TTS<br>Voice: fr-FR-Studio-D,AnkiLangs::FR
"short [opposite of ""tall""]",petit,/pəti/,[sound:al_fr_fr_short_opposite_of_tall.mp3],Google Cloud TTS<br>Voice: fr-FR-Studio-A,AnkiLangs::FR
sick,malade,/malad/,[sound:al_fr_fr_sick.mp3],Google Cloud TTS<br>Voice: fr-FR-Studio-A,AnkiLangs::FR
silver,l'argent,/laʁʒɑ̃/,[sound:al_fr_fr_silver.mp3],Google Cloud TTS<br>Voice: fr-FR-Studio-A,AnkiLangs::FR
six (6),six,/sis/,[sound:al_fr_fr_six_6.mp3],Google Cloud TTS<br>Voice: fr-FR-Studio-A,AnkiLangs::FR
sixteen (16),seize,/sɛz/,[sound:al_fr_fr_sixteen_16.mp3],Google Cloud TTS<br>Voice: fr-FR-Studio-A,AnkiLangs::FR
sixty (60),soixante,/swasɑ̃t/,[sound:al_fr_fr_sixty_60.mp3],Google Cloud TTS<br>Voice: fr-FR-Studio-D,AnkiLangs::FR
sixty-one (61),soixante et un,/swasɑ̃t e œ̃/,[sound:al_fr_fr_sixty_one_61.mp3],Google Cloud TTS<br>Voice: fr-FR-Studio-A,AnkiLangs::FR
sixty-two (62),soixante-deux,/swasɑ̃tdø/,[sound:al_fr_fr_sixty_two_62.mp3],Google Cloud TTS<br>Voice: fr-FR-Studio-A,AnkiLangs::FR
slow,lent,/lɑ̃/,[sound:al_fr_fr_slow.mp3],Google Cloud TTS<br>Voice: fr-FR-Studio-A,AnkiLangs::FR
small / little,petit,/pəti/,[sound:al_fr_fr_small_little.mp3],Google Cloud TTS<br>Voice: fr-FR-Studio-D,AnkiLangs::FR
soft,doux,/du/,[sound:al_fr_fr_soft.mp3],Google Cloud TTS<br>Voice: fr-FR-Studio-A,AnkiLangs::FR
soil/earth [ground],la terre,/la tɛʁ/,[sound:al_fr_fr_soil_earth_ground.mp3],Google Cloud TTS<br>Voice: fr-FR-Studio-D,AnkiLangs::FR
space (outer space),l'espace,/l‿ɛs.pas/,[sound:al_fr_fr_space_outer_space.mp3],Google Cloud TTS<br>Voice: fr-FR-Studio-D,AnkiLangs::FR
sport,le sport,/lə spɔʁ/,[sound:al_fr_fr_sport.mp3],Google Cloud TTS<br>Voice: fr-FR-Studio-D,AnkiLangs::FR
stone,la pierre,/la pjɛʁ/,[sound:al_fr_fr_stone.mp3],Google Cloud TTS<br>Voice: fr-FR-Studio-A,AnkiLangs::FR
straight,droit,/dʁwa/,[sound:al_fr_fr_straight.mp3],Google Cloud TTS<br>Voice: fr-FR-Studio-A,AnkiLangs::FR
strong,fort,/fɔʁ/,[sound:al_fr_fr_strong.mp3],Google Cloud TTS<br>Voice: fr-FR-Studio-D,AnkiLangs::FR
sugar,le sucre,/lə sykʁ/,[sound:al_fr_fr_sugar.mp3],Google Cloud TTS<br>Voice: fr-FR-Studio-D,AnkiLangs::FR
Sunday,dimanche,/dimɑ̃ʃ/,[sound:al_fr_fr_sunday.mp3],Google Cloud TTS<br>Voice: fr-FR-Studio-D,AnkiLangs::FR
sweat,la sueur,/la sɥœʁ/,[sound:al_fr_fr_sweat.mp3],Google Cloud TTS<br>Voice: fr-FR-Studio-D,AnkiLangs::FR
tall,grand,/ɡʁɑ̃/,[sound:al_fr_fr_tall.mp3],Google Cloud TTS<br>Voice: fr-FR-Studio-D,AnkiLangs::FR
tea,le thé,/lə te/,[sound:al_fr_fr_tea.mp3],Google Cloud TTS<br>Voice: fr-FR-Studio-A,AnkiLangs::FR
technology,la technologie,/la tɛknɔlɔʒi/,[sound:al_fr_fr_technology.mp3],Google Cloud TTS<br>Voice: fr-FR-Studio-A,AnkiLangs::FR
temperature,la température,/la tɑ̃peʁatyʁ/,[sound:al_fr_fr_temperature.mp3],Google Cloud TTS<br>Voice: fr-FR-Studio-A,AnkiLangs::FR
ten (10),dix,/dis/,[sound:al_fr_fr_ten_10.mp3],Google Cloud TTS<br>Voice: fr-FR-Studio-A,AnkiLangs::FR
"ten thousand (10,000)",dix mille,/di mil/,[sound:al_fr_fr_ten_thousand_10_000.mp3],Google Cloud TTS<br>Voice: fr-FR-Studio-D,AnkiLangs::FR
the (train) ticket,le billet (de train),/lə bi.je (də tʁɛ̃)/,[sound:al_fr_fr_the_train_ticket.mp3],Google Cloud TTS<br>Voice: fr-FR-Studio-A,AnkiLangs::FR
the actor,l'acteur,/laktœʁ/,[sound:al_fr_fr_the_actor.mp3],Google Cloud TTS<br>Voice: fr-FR-Studio-A,AnkiLangs::FR
the adjective,l'adjectif,/ladʒɛktif/,[sound:al_fr_fr_the_adjective.mp3],Google Cloud TTS<br>Voice: fr-FR-Studio-A,AnkiLangs::FR
the adult,l'adulte,/la.dylt/,[sound:al_fr_fr_the_adult.mp3],Google Cloud TTS<br>Voice: fr-FR-Studio-D,AnkiLangs::FR
the afternoon,l'après-midi,/lapʁɛmidi/,[sound:al_fr_fr_the_afternoon.mp3],Google Cloud TTS<br>Voice: fr-FR-Studio-A,AnkiLangs::FR
the air,l'air,/lɛʁ/,[sound:al_fr_fr_the_air.mp3],Google Cloud TTS<br>Voice: fr-FR-Studio-A,AnkiLangs::FR
the airport,l'aéroport,/la.e.ʁɔ.pɔʁ/,[sound:al_fr_fr_the_airport.mp3],Google Cloud TTS<br>Voice: fr-FR-Studio-D,AnkiLangs::FR
the animal,l'animal,/la.ni.mal/,[sound:al_fr_fr_the_animal.mp3],Google Cloud TTS<br>Voice: fr-FR-Studio-A,AnkiLangs::FR
the apartment,l'appartement,/la.paʁ.tə.mɑ̃/,[sound:al_fr_fr_the_apartment.mp3],Google Cloud TTS<br>Voice: fr-FR-Studio-A,AnkiLangs::FR
the apple,la pomme,/la pɔm/,[sound:al_fr_fr_the_apple.mp3],Google Cloud TTS<br>Voice: fr-FR-Studio-A,AnkiLangs::FR
the arm,le bras,/lə bʁa/,[sound:al_fr_fr_the_arm.mp3],Google Cloud TTS<br>Voice: fr-FR-Studio-A,AnkiLangs::FR
the army,l'armée,/laʁme/,[sound:al_fr_fr_the_army.mp3],Google Cloud TTS<br>Voice: fr-FR-Studio-A,AnkiLangs::FR
the artist,l'artiste,/laʁtist/,[sound:al_fr_fr_the_artist.mp3],Google Cloud TTS<br>Voice: fr-FR-Studio-A,AnkiLangs::FR
the attack,l'attaque,/latak/,[sound:al_fr_fr_the_attack.mp3],Google Cloud TTS<br>Voice: fr-FR-Studio-A,AnkiLangs::FR
the author,l'auteur,/lotœʁ/,[sound:al_fr_fr_the_author.mp3],Google Cloud TTS<br>Voice: fr-FR-Studio-D,AnkiLangs::FR
the baby,le bébé,/lə bebe/,[sound:al_fr_fr_the_baby.mp3],Google Cloud TTS<br>Voice: fr-FR-Studio-D,AnkiLangs::FR
the back [anatomy],le dos,/lə do/,[sound:al_fr_fr_the_back_anatomy.mp3],Google Cloud TTS<br>Voice: fr-FR-Studio-A,AnkiLangs::FR
the back [location],l'arrière,/laʁjɛʁ/,[sound:al_fr_fr_the_back_location.mp3],Google Cloud TTS<br>Voice: fr-FR-Studio-A,AnkiLangs::FR
the bag,le sac,/lə sak/,[sound:al_fr_fr_the_bag.mp3],Google Cloud TTS<br>Voice: fr-FR-Studio-D,AnkiLangs::FR
the ball,la balle,/la bal/,[sound:al_fr_fr_the_ball.mp3],Google Cloud TTS<br>Voice: fr-FR-Studio-D,AnkiLangs::FR
the banana,la banane,/la banan/,[sound:al_fr_fr_the_banana.mp3],Google Cloud TTS<br>Voice: fr-FR-Studio-A,AnkiLangs::FR
the band [music],le groupe,/lə ɡʁup/,[sound:al_fr_fr_the_band_music.mp3],Google Cloud TTS<br>Voice: fr-FR-Studio-A,AnkiLangs::FR
the bank,la banque,/la bɑ̃k/,[sound:al_fr_fr_the_bank.mp3],Google Cloud TTS<br>Voice: fr-FR-Studio-D,AnkiLangs::FR
the bar,le bar,/lə baʁ/,[sound:al_fr_fr_the_bar.mp3],Google Cloud TTS<br>Voice: fr-FR-Studio-D,AnkiLangs::FR
the bathroom,la salle de bain,/la sal də bɛ̃/,[sound:al_fr_fr_the_bathroom.mp3],Google Cloud TTS<br>Voice: fr-FR-Studio-D,AnkiLangs::FR
the beach,la plage,/la plaʒ/,[sound:al_fr_fr_the_beach.mp3],Google Cloud TTS<br>Voice: fr-FR-Studio-A,AnkiLangs::FR
the beard,la barbe,/la baʁb/,[sound:al_fr_fr_the_beard.mp3],Google Cloud TTS<br>Voice: fr-FR-Studio-D,AnkiLangs::FR
the bed,le lit,/lə li/,[sound:al_fr_fr_the_bed.mp3],Google Cloud TTS<br>Voice: fr-FR-Studio-D,AnkiLangs::FR
the bedroom,la chambre,/la ʃɑ̃bʁ/,[sound:al_fr_fr_the_bedroom.mp3],Google Cloud TTS<br>Voice: fr-FR-Studio-A,AnkiLangs::FR
the beef,le bœuf,/lə bœf/,[sound:al_fr_fr_the_beef.mp3],Google Cloud TTS<br>Voice: fr-FR-Studio-A,AnkiLangs::FR
the beverage,la boisson,/la bwasɔ̃/,[sound:al_fr_fr_the_beverage.mp3],Google Cloud TTS<br>Voice: fr-FR-Studio-A,AnkiLangs::FR
the bicycle,le vélo,/lə ve.lo/,[sound:al_fr_fr_the_bicycle.mp3],Google Cloud TTS<br>Voice: fr-FR-Studio-A,AnkiLangs::FR
the bill [bank note],le billet,/lə bijɛ/,[sound:al_fr_fr_the_bill_bank_note.mp3],Google Cloud TTS<br>Voice: fr-FR-Studio-D,AnkiLangs::FR
the bird,l'oiseau,/lwa.zo/,[sound:al_fr_fr_the_bird.mp3],Google Cloud TTS<br>Voice: fr-FR-Studio-A,AnkiLangs::FR
the boat,le bateau,/lə ba.to/,[sound:al_fr_fr_the_boat.mp3],Google Cloud TTS<br>Voice: fr-FR-Studio-D,AnkiLangs::FR
the body,le corps,/lə kɔʁ/,[sound:al_fr_fr_the_body.mp3],Google Cloud TTS<br>Voice: fr-FR-Studio-D,AnkiLangs::FR
the bone,l'os,/lɔs/,[sound:al_fr_fr_the_bone.mp3],Google Cloud TTS<br>Voice: fr-FR-Studio-D,AnkiLangs::FR
the book,le livre,/lə livʁ/,[sound:al_fr_fr_the_book.mp3],Google Cloud TTS<br>Voice: fr-FR-Studio-D,AnkiLangs::FR
the bottle,la bouteille,/la butɛj/,[sound:al_fr_fr_the_bottle.mp3],Google Cloud TTS<br>Voice: fr-FR-Studio-D,AnkiLangs::FR
the bottom,le bas,/lə ba/,[sound:al_fr_fr_the_bottom.mp3],Google Cloud TTS<br>Voice: fr-FR-Studio-A,AnkiLangs::FR
the box,la boîte,/la bwat/,[sound:al_fr_fr_the_box.mp3],Google Cloud TTS<br>Voice: fr-FR-Studio-A,AnkiLangs::FR
the boy,le garçon,/lə ɡaʁ.sɔ̃/,[sound:al_fr_fr_the_boy.mp3],Google Cloud TTS<br>Voice: fr-FR-Studio-A,AnkiLangs::FR
the brain,le cerveau,/lə sɛʁvo/,[sound:al_fr_fr_the_brain.mp3],Google Cloud TTS<br>Voice: fr-FR-Studio-A,AnkiLangs::FR
the bread,le pain,/lə pɛ̃/,[sound:al_fr_fr_the_bread.mp3],Google Cloud TTS<br>Voice: fr-FR-Studio-D,AnkiLangs::FR
the bridge,le pont,/lə pɔ̃/,[sound:al_fr_fr_the_bridge.mp3],Google Cloud TTS<br>Voice: fr-FR-Studio-A,AnkiLangs::FR
the brother,le frère,/lə fʁɛʁ/,[sound:al_fr_fr_the_brother.mp3],Google Cloud TTS<br>Voice: fr-FR-Studio-A,AnkiLangs::FR
the building,le bâtiment,/lə ba.ti.mɑ̃/,[sound:al_fr_fr_the_building.mp3],Google Cloud TTS<br>Voice: fr-FR-Studio-D,AnkiLangs::FR
the bus,le bus,/lə bys/,[sound:al_fr_fr_the_bus.mp3],Google Cloud TTS<br>Voice: fr-FR-Studio-A,AnkiLangs::FR
the cake,le gâteau,/lə ɡɑto/,[sound:al_fr_fr_the_cake.mp3],Google Cloud TTS<br>Voice: fr-FR-Studio-D,AnkiLangs::FR
the camera,l'appareil photo,/lapaʁɛj fɔto/,[sound:al_fr_fr_the_camera.mp3],Google Cloud TTS<br>Voice: fr-FR-Studio-A,AnkiLangs::FR
the camp,le campement,/lə kɑ̃.mɑ̃/,[sound:al_fr_fr_the_camp.mp3],Google Cloud TTS<br>Voice: fr-FR-Studio-A,AnkiLangs::FR
the car,la voiture,/la vwa.tyʁ/,[sound:al_fr_fr_the_car.mp3],Google Cloud TTS<br>Voice: fr-FR-Studio-A,AnkiLangs::FR
the card,la carte,/la kaʁt/,[sound:al_fr_fr_the_card.mp3],Google Cloud TTS<br>Voice: fr-FR-Studio-A,AnkiLangs::FR
the cat,le chat,/lə ʃa/,[sound:al_fr_fr_the_cat.mp3],Google Cloud TTS<br>Voice: fr-FR-Studio-D,AnkiLangs::FR
the ceiling,le plafond,/lə plafɔ̃/,[sound:al_fr_fr_the_ceiling.mp3],Google Cloud TTS<br>Voice: fr-FR-Studio-A,AnkiLangs::FR
the cell phone,le portable,/lə pɔʁtabl/,[sound:al_fr_fr_the_cell_phone.mp3],Google Cloud TTS<br>Voice: fr-FR-Studio-A,AnkiLangs::FR
the centimeter,le centimètre,/lə sɑ̃timɛtʁ/,[sound:al_fr_fr_the_centimeter.mp3],Google Cloud TTS<br>Voice: fr-FR-Studio-D,AnkiLangs::FR
the chair,la chaise,/la ʃɛz/,[sound:al_fr_fr_the_chair.mp3],Google Cloud TTS<br>Voice: fr-FR-Studio-A,AnkiLangs::FR
the cheese,le fromage,/lə fʁɔmaʒ/,[sound:al_fr_fr_the_cheese.mp3],Google Cloud TTS<br>Voice: fr-FR-Studio-D,AnkiLangs::FR
the chicken,le poulet,/lə pulɛ/,[sound:al_fr_fr_the_chicken.mp3],Google Cloud TTS<br>Voice: fr-FR-Studio-A,AnkiLangs::FR
the child,l'enfant,/l‿ɑ̃.fɑ̃/,[sound:al_fr_fr_the_child.mp3],Google Cloud TTS<br>Voice: fr-FR-Studio-D,AnkiLangs::FR
the church,l'église,/le.ɡliz/,[sound:al_fr_fr_the_church.mp3],Google Cloud TTS<br>Voice: fr-FR-Studio-A,AnkiLangs::FR
the circle,le cercle,/lə sɛʁkl/,[sound:al_fr_fr_the_circle.mp3],Google Cloud TTS<br>Voice: fr-FR-Studio-D,AnkiLangs::FR
the city,la ville,/la vil/,[sound:al_fr_fr_the_city.mp3],Google Cloud TTS<br>Voice: fr-FR-Studio-D,AnkiLangs::FR
the clock,l'horloge,/lɔʁlɔʒ/,[sound:al_fr_fr_the_clock.mp3],Google Cloud TTS<br>Voice: fr-FR-Studio-D,AnkiLangs::FR
the clothing,les vêtements,/le vɛt.mɑ̃/,[sound:al_fr_fr_the_clothing.mp3],Google Cloud TTS<br>Voice: fr-FR-Studio-A,AnkiLangs::FR
the club,le club,/lə klœb/,[sound:al_fr_fr_the_club.mp3],Google Cloud TTS<br>Voice: fr-FR-Studio-A,AnkiLangs::FR
the coat,le manteau,/lə mɑ̃.to/,[sound:al_fr_fr_the_coat.mp3],Google Cloud TTS<br>Voice: fr-FR-Studio-D,AnkiLangs::FR
the color,la couleur,/la ku.lœʁ/,[sound:al_fr_fr_the_color.mp3],Google Cloud TTS<br>Voice: fr-FR-Studio-A,AnkiLangs::FR
the computer,l'ordinateur,/lɔʁdinatœʁ/,[sound:al_fr_fr_the_computer.mp3],Google Cloud TTS<br>Voice: fr-FR-Studio-A,AnkiLangs::FR
the consonant,la consonne,/la kɔ̃sɔn/,[sound:al_fr_fr_the_consonant.mp3],Google Cloud TTS<br>Voice: fr-FR-Studio-A,AnkiLangs::FR
the contract,le contrat,/lə kɔ̃tʁa/,[sound:al_fr_fr_the_contract.mp3],Google Cloud TTS<br>Voice: fr-FR-Studio-D,AnkiLangs::FR
the corn,le maïs,/lə mais/,[sound:al_fr_fr_the_corn.mp3],Google Cloud TTS<br>Voice: fr-FR-Studio-A,AnkiLangs::FR
the corner,le coin,/lə kwɛ̃/,[sound:al_fr_fr_the_corner.mp3],Google Cloud TTS<br>Voice: fr-FR-Studio-A,AnkiLangs::FR
"the country (USA, France, etc.)",le pays,/lə pe.i/,[sound:al_fr_fr_the_country_usa_france_etc.mp3],Google Cloud TTS<br>Voice: fr-FR-Studio-A,AnkiLangs::FR
the court,le tribunal,/lə tʁi.by.nal/,[sound:al_fr_fr_the_court.mp3],Google Cloud TTS<br>Voice: fr-FR-Studio-D,AnkiLangs::FR
the cow,la vache,/la vaʃ/,[sound:al_fr_fr_the_cow.mp3],Google Cloud TTS<br>Voice: fr-FR-Studio-A,AnkiLangs::FR
the crowd,la foule,/la ful/,[sound:al_fr_fr_the_crowd.mp3],Google Cloud TTS<br>Voice: fr-FR-Studio-A,AnkiLangs::FR
the cup,la tasse,/la tas/,[sound:al_fr_fr_the_cup.mp3],Google Cloud TTS<br>Voice: fr-FR-Studio-A,AnkiLangs::FR
the date,la date,/la dat/,[sound:al_fr_fr_the_date.mp3],Google Cloud TTS<br>Voice: fr-FR-Studio-D,AnkiLangs::FR
the daughter,la fille,/la fij/,[sound:al_fr_fr_the_daughter.mp3],Google Cloud TTS<br>Voice: fr-FR-Studio-A,AnkiLangs::FR
the day,le jour,/lə ʒuʁ/,[sound:al_fr_fr_the_day.mp3],Google Cloud TTS<br>Voice: fr-FR-Studio-A,AnkiLangs::FR
the direction,la direction,/la diʁɛksjɔ̃/,[sound:al_fr_fr_the_direction.mp3],Google Cloud TTS<br>Voice: fr-FR-Studio-A,AnkiLangs::FR
the doctor,le médecin,/lə medsɛ̃/,[sound:al_fr_fr_the_doctor.mp3],Google Cloud TTS<br>Voice: fr-FR-Studio-A,AnkiLangs::FR
the dog,le chien,/lə ʃjɛ̃/,[sound:al_fr_fr_the_dog.mp3],Google Cloud TTS<br>Voice: fr-FR-Studio-A,AnkiLangs::FR
the dollar,le dollar,/lə dɔlaʁ/,[sound:al_fr_fr_the_dollar.mp3],Google Cloud TTS<br>Voice: fr-FR-Studio-A,AnkiLangs::FR
the door,la porte,/la pɔʁt/,[sound:al_fr_fr_the_door.mp3],Google Cloud TTS<br>Voice: fr-FR-Studio-A,AnkiLangs::FR
the dot,le point,/lə pwɛ̃/,[sound:al_fr_fr_the_dot.mp3],Google Cloud TTS<br>Voice: fr-FR-Studio-D,AnkiLangs::FR
the dream,le rêve,/lə ʁɛv/,[sound:al_fr_fr_the_dream.mp3],Google Cloud TTS<br>Voice: fr-FR-Studio-A,AnkiLangs::FR
the dress,la robe,/la ʁɔb/,[sound:al_fr_fr_the_dress.mp3],Google Cloud TTS<br>Voice: fr-FR-Studio-D,AnkiLangs::FR
the drug,la drogue,/la dʁɔɡ/,[sound:al_fr_fr_the_drug.mp3],Google Cloud TTS<br>Voice: fr-FR-Studio-A,AnkiLangs::FR
the ear,l'oreille,/lɔʁɛj/,[sound:al_fr_fr_the_ear.mp3],Google Cloud TTS<br>Voice: fr-FR-Studio-A,AnkiLangs::FR
the east,l'est,/lɛst/,[sound:al_fr_fr_the_east.mp3],Google Cloud TTS<br>Voice: fr-FR-Studio-A,AnkiLangs::FR
the edge,le bord,/lə bɔʁ/,[sound:al_fr_fr_the_edge.mp3],Google Cloud TTS<br>Voice: fr-FR-Studio-A,AnkiLangs::FR
the egg,l'œuf,/lœf/,[sound:al_fr_fr_the_egg.mp3],Google Cloud TTS<br>Voice: fr-FR-Studio-A,AnkiLangs::FR
the election,l'élection,/lelɛksjɔ̃/,[sound:al_fr_fr_the_election.mp3],Google Cloud TTS<br>Voice: fr-FR-Studio-A,AnkiLangs::FR
the engine,le moteur,/lə mɔ.tœʁ/,[sound:al_fr_fr_the_engine.mp3],Google Cloud TTS<br>Voice: fr-FR-Studio-A,AnkiLangs::FR
the evening,le soir,/lə swaʁ/,[sound:al_fr_fr_the_evening.mp3],Google Cloud TTS<br>Voice: fr-FR-Studio-D,AnkiLangs::FR
the eye,l'œil,/lœj/,[sound:al_fr_fr_the_eye.mp3],Google Cloud TTS<br>Voice: fr-FR-Studio-A,AnkiLangs::FR
the face,le visage,/lə vizaʒ/,[sound:al_fr_fr_the_face.mp3],Google Cloud TTS<br>Voice: fr-FR-Studio-D,AnkiLangs::FR
the Fall,l'automne,/lotɔn/,[sound:al_fr_fr_the_fall.mp3],Google Cloud TTS<br>Voice: fr-FR-Studio-D,AnkiLangs::FR
the family,la famille,/la faˈmij/,[sound:al_fr_fr_the_family.mp3],Google Cloud TTS<br>Voice: fr-FR-Studio-D,AnkiLangs::FR
the fan [appliance],le ventilateur,/lə vɑ̃tilatœʁ/,[sound:al_fr_fr_the_fan_appliance.mp3],Google Cloud TTS<br>Voice: fr-FR-Studio-A,AnkiLangs::FR
the fan [person],le fan,/lə fan/,[sound:al_fr_fr_the_fan_person.mp3],Google Cloud TTS<br>Voice: fr-FR-Studio-D,AnkiLangs::FR
the farm,la ferme,/la fɛʁm/,[sound:al_fr_fr_the_farm.mp3],Google Cloud TTS<br>Voice: fr-FR-Studio-D,AnkiLangs::FR
the father,le père,/lə pɛʁ/,[sound:al_fr_fr_the_father.mp3],Google Cloud TTS<br>Voice: fr-FR-Studio-D,AnkiLangs::FR
the finger,le doigt,/lə dwa/,[sound:al_fr_fr_the_finger.mp3],Google Cloud TTS<br>Voice: fr-FR-Studio-A,AnkiLangs::FR
the fire,le feu,/lə fø/,[sound:al_fr_fr_the_fire.mp3],Google Cloud TTS<br>Voice: fr-FR-Studio-D,AnkiLangs::FR
the fish,le poisson,/lə pwa.sɔ̃/,[sound:al_fr_fr_the_fish.mp3],Google Cloud TTS<br>Voice: fr-FR-Studio-A,AnkiLangs::FR
the floor,le sol,/lə sɔl/,[sound:al_fr_fr_the_floor.mp3],Google Cloud TTS<br>Voice: fr-FR-Studio-D,AnkiLangs::FR
the flower,la fleur,/la flœʁ/,[sound:al_fr_fr_the_flower.mp3],Google Cloud TTS<br>Voice: fr-FR-Studio-D,AnkiLangs::FR
the foot,le pied,/lə pje/,[sound:al_fr_fr_the_foot.mp3],Google Cloud TTS<br>Voice: fr-FR-Studio-A,AnkiLangs::FR
the foot [measurement],le pied,/lə pje/,[sound:al_fr_fr_the_foot_measurement.mp3],Google Cloud TTS<br>Voice: fr-FR-Studio-A,AnkiLangs::FR
the forest,la forêt,/la fɔʁɛ/,[sound:al_fr_fr_the_forest.mp3],Google Cloud TTS<br>Voice: fr-FR-Studio-D,AnkiLangs::FR
the fork,la fourchette,/la fuʁʃɛt/,[sound:al_fr_fr_the_fork.mp3],Google Cloud TTS<br>Voice: fr-FR-Studio-A,AnkiLangs::FR
the friend,l'ami,/la.mi/,[sound:al_fr_fr_the_friend.mp3],Google Cloud TTS<br>Voice: fr-FR-Studio-A,AnkiLangs::FR
the front,l'avant,/lavɑ̃/,[sound:al_fr_fr_the_front.mp3],Google Cloud TTS<br>Voice: fr-FR-Studio-A,AnkiLangs::FR
the game,le jeu,/lə ʒø/,[sound:al_fr_fr_the_game.mp3],Google Cloud TTS<br>Voice: fr-FR-Studio-D,AnkiLangs::FR
the garden,le jardin,/lə ʒaʁdɛ̃/,[sound:al_fr_fr_the_garden.mp3],Google Cloud TTS<br>Voice: fr-FR-Studio-A,AnkiLangs::FR
the gasoline,l'essence,/le.sɑ̃s/,[sound:al_fr_fr_the_gasoline.mp3],Google Cloud TTS<br>Voice: fr-FR-Studio-D,AnkiLangs::FR
the gift,le cadeau,/lə kado/,[sound:al_fr_fr_the_gift.mp3],Google Cloud TTS<br>Voice: fr-FR-Studio-D,AnkiLangs::FR
the girl,la fille,/la fij/,[sound:al_fr_fr_the_daughter.mp3],Google Cloud TTS<br>Voice: fr-FR-Studio-A,AnkiLangs::FR
the grandfather,le grand-père,/lə ɡʁɑ̃.pɛʁ/,[sound:al_fr_fr_the_grandfather.mp3],Google Cloud TTS<br>Voice: fr-FR-Studio-D,AnkiLangs::FR
the grandmother,la grand-mère,/la ɡʁɑ̃.mɛʁ/,[sound:al_fr_fr_the_grandmother.mp3],Google Cloud TTS<br>Voice: fr-FR-Studio-A,AnkiLangs::FR
the grass,l'herbe,/lɛʁb/,[sound:al_fr_fr_the_grass.mp3],Google Cloud TTS<br>Voice: fr-FR-Studio-D,AnkiLangs::FR
the ground,le sol,/lə sɔl/,[sound:al_fr_fr_the_ground.mp3],Google Cloud TTS<br>Voice: fr-FR-Studio-D,AnkiLangs::FR
the gun,le pistolet,/lə pistɔlɛ/,[sound:al_fr_fr_the_gun.mp3],Google Cloud TTS<br>Voice: fr-FR-Studio-D,AnkiLangs::FR
the hair,les cheveux,/le ʃəvø/,[sound:al_fr_fr_the_hair.mp3],Google Cloud TTS<br>Voice: fr-FR-Studio-A,AnkiLangs::FR
the half,la moitié,/la mwatje/,[sound:al_fr_fr_the_half.mp3],Google Cloud TTS<br>Voice: fr-FR-Studio-D,AnkiLangs::FR
the hand,la main,/la mɛ̃/,[sound:al_fr_fr_the_hand.mp3],Google Cloud TTS<br>Voice: fr-FR-Studio-A,AnkiLangs::FR
the hat,le chapeau,/lə ʃa.po/,[sound:al_fr_fr_the_hat.mp3],Google Cloud TTS<br>Voice: fr-FR-Studio-D,AnkiLangs::FR
the head,la tête,/la tɛt/,[sound:al_fr_fr_the_head.mp3],Google Cloud TTS<br>Voice: fr-FR-Studio-D,AnkiLangs::FR
the heart,le cœur,/lə kœʁ/,[sound:al_fr_fr_the_heart.mp3],Google Cloud TTS<br>Voice: fr-FR-Studio-A,AnkiLangs::FR
the heat,la chaleur,/la ʃalœʁ/,[sound:al_fr_fr_the_heat.mp3],Google Cloud TTS<br>Voice: fr-FR-Studio-D,AnkiLangs::FR
the hill,la colline,/la kɔlin/,[sound:al_fr_fr_the_hill.mp3],Google Cloud TTS<br>Voice: fr-FR-Studio-D,AnkiLangs::FR
the hole,le trou,/lə tʁu/,[sound:al_fr_fr_the_hole.mp3],Google Cloud TTS<br>Voice: fr-FR-Studio-A,AnkiLangs::FR
the horse,le cheval,/lə ʃə.val/,[sound:al_fr_fr_the_horse.mp3],Google Cloud TTS<br>Voice: fr-FR-Studio-D,AnkiLangs::FR
the hospital,l'hôpital,/lo.pi.tal/,[sound:al_fr_fr_the_hospital.mp3],Google Cloud TTS<br>Voice: fr-FR-Studio-D,AnkiLangs::FR
the hotel,l'hôtel,/lo.tɛl/,[sound:al_fr_fr_the_hotel.mp3],Google Cloud TTS<br>Voice: fr-FR-Studio-D,AnkiLangs::FR
the hour,l'heure,/lœʁ/,[sound:al_fr_fr_the_hour.mp3],Google Cloud TTS<br>Voice: fr-FR-Studio-A,AnkiLangs::FR
the house,la maison,/la mɛ.zɔ̃/,[sound:al_fr_fr_the_house.mp3],Google Cloud TTS<br>Voice: fr-FR-Studio-D,AnkiLangs::FR
the human,l'humain,/ly.mɛ̃/,[sound:al_fr_fr_the_human.mp3],Google Cloud TTS<br>Voice: fr-FR-Studio-D,AnkiLangs::FR
the husband,le mari,/lə maʁi/,[sound:al_fr_fr_the_husband.mp3],Google Cloud TTS<br>Voice: fr-FR-Studio-A,AnkiLangs::FR
the ice,la glace,/la ɡlas/,[sound:al_fr_fr_the_ice.mp3],Google Cloud TTS<br>Voice: fr-FR-Studio-A,AnkiLangs::FR
the image,l'image,/limaʒ/,[sound:al_fr_fr_the_image.mp3],Google Cloud TTS<br>Voice: fr-FR-Studio-A,AnkiLangs::FR
the inch,le pouce,/lə pus/,[sound:al_fr_fr_the_inch.mp3],Google Cloud TTS<br>Voice: fr-FR-Studio-D,AnkiLangs::FR
the injury,la blessure,/la blɛsyʁ/,[sound:al_fr_fr_the_injury.mp3],Google Cloud TTS<br>Voice: fr-FR-Studio-A,AnkiLangs::FR
the inside,l'intérieur,/lɛ̃teʁjœʁ/,[sound:al_fr_fr_the_inside.mp3],Google Cloud TTS<br>Voice: fr-FR-Studio-A,AnkiLangs::FR
the instrument,l'instrument,/lɛ̃stʁymɑ̃/,[sound:al_fr_fr_the_instrument.mp3],Google Cloud TTS<br>Voice: fr-FR-Studio-A,AnkiLangs::FR
the island,l'île,/lil/,[sound:al_fr_fr_the_island.mp3],Google Cloud TTS<br>Voice: fr-FR-Studio-D,AnkiLangs::FR
the job,l'emploi,/lɑ̃plwa/,[sound:al_fr_fr_the_job.mp3],Google Cloud TTS<br>Voice: fr-FR-Studio-D,AnkiLangs::FR
the key,la clé,/la kle/,[sound:al_fr_fr_the_key.mp3],Google Cloud TTS<br>Voice: fr-FR-Studio-D,AnkiLangs::FR
the kilogram,le kilogramme,/lə kilɔɡʁam/,[sound:al_fr_fr_the_kilogram.mp3],Google Cloud TTS<br>Voice: fr-FR-Studio-D,AnkiLangs::FR
the king,le roi,/lə ʁwa/,[sound:al_fr_fr_the_king.mp3],Google Cloud TTS<br>Voice: fr-FR-Studio-D,AnkiLangs::FR
the kitchen,la cuisine,/la kɥizin/,[sound:al_fr_fr_the_kitchen.mp3],Google Cloud TTS<br>Voice: fr-FR-Studio-A,AnkiLangs::FR
the knee,le genou,/lə ʒənu/,[sound:al_fr_fr_the_knee.mp3],Google Cloud TTS<br>Voice: fr-FR-Studio-D,AnkiLangs::FR
the knife,le couteau,/lə kuto/,[sound:al_fr_fr_the_knife.mp3],Google Cloud TTS<br>Voice: fr-FR-Studio-D,AnkiLangs::FR
the lake,le lac,/lə lak/,[sound:al_fr_fr_the_lake.mp3],Google Cloud TTS<br>Voice: fr-FR-Studio-A,AnkiLangs::FR
the lamp,la lampe,/la lɑ̃p/,[sound:al_fr_fr_the_lamp.mp3],Google Cloud TTS<br>Voice: fr-FR-Studio-D,AnkiLangs::FR
the laptop,l'ordinateur portable,/lɔʁdinatœʁ pɔʁtabl/,[sound:al_fr_fr_the_laptop.mp3],Google Cloud TTS<br>Voice: fr-FR-Studio-A,AnkiLangs::FR
the lawyer,l'avocat,/lavɔka/,[sound:al_fr_fr_the_lawyer.mp3],Google Cloud TTS<br>Voice: fr-FR-Studio-A,AnkiLangs::FR
the leaf,la feuille,/la fœj/,[sound:al_fr_fr_the_leaf.mp3],Google Cloud TTS<br>Voice: fr-FR-Studio-A,AnkiLangs::FR
the leg,la jambe,/la ʒɑ̃b/,[sound:al_fr_fr_the_leg.mp3],Google Cloud TTS<br>Voice: fr-FR-Studio-A,AnkiLangs::FR
the lemon,le citron,/lə sitʁɔ̃/,[sound:al_fr_fr_the_lemon.mp3],Google Cloud TTS<br>Voice: fr-FR-Studio-D,AnkiLangs::FR
the letter,la lettre,/la lɛtʁ/,[sound:al_fr_fr_the_letter.mp3],Google Cloud TTS<br>Voice: fr-FR-Studio-D,AnkiLangs::FR
the library,la bibliothèque,/la bi.bli.ɔ.tɛk/,[sound:al_fr_fr_the_library.mp3],Google Cloud TTS<br>Voice: fr-FR-Studio-A,AnkiLangs::FR
the light,la lumière,/la lymjɛʁ/,[sound:al_fr_fr_the_light.mp3],Google Cloud TTS<br>Voice: fr-FR-Studio-D,AnkiLangs::FR
the lip,la lèvre,/la lɛvʁ/,[sound:al_fr_fr_the_lip.mp3],Google Cloud TTS<br>Voice: fr-FR-Studio-A,AnkiLangs::FR
the location,l'emplacement,/lɑ̃.plas.mɑ̃/,[sound:al_fr_fr_the_location.mp3],Google Cloud TTS<br>Voice: fr-FR-Studio-A,AnkiLangs::FR
the lock,la serrure,/la sɛʁyʁ/,[sound:al_fr_fr_the_lock.mp3],Google Cloud TTS<br>Voice: fr-FR-Studio-D,AnkiLangs::FR
the magazine,le magazine,/lə maɡazin/,[sound:al_fr_fr_the_magazine.mp3],Google Cloud TTS<br>Voice: fr-FR-Studio-A,AnkiLangs::FR
the man,l'homme,/l‿ɔm/,[sound:al_fr_fr_the_man.mp3],Google Cloud TTS<br>Voice: fr-FR-Studio-D,AnkiLangs::FR
the manager,le directeur,/lə diʁɛktœʁ/,[sound:al_fr_fr_the_manager.mp3],Google Cloud TTS<br>Voice: fr-FR-Studio-A,AnkiLangs::FR
the map,la carte,/la kaʁt/,[sound:al_fr_fr_the_map.mp3],Google Cloud TTS<br>Voice: fr-FR-Studio-A,AnkiLangs::FR
the market,le marché,/lə maʁ.ʃe/,[sound:al_fr_fr_the_market.mp3],Google Cloud TTS<br>Voice: fr-FR-Studio-A,AnkiLangs::FR
the meter,le mètre,/lə mɛtʁ/,[sound:al_fr_fr_the_meter.mp3],Google Cloud TTS<br>Voice: fr-FR-Studio-D,AnkiLangs::FR
the minute,la minute,/la minyt/,[sound:al_fr_fr_the_minute.mp3],Google Cloud TTS<br>Voice: fr-FR-Studio-D,AnkiLangs::FR
the month,le mois,/lə mwa/,[sound:al_fr_fr_the_month.mp3],Google Cloud TTS<br>Voice: fr-FR-Studio-D,AnkiLangs::FR
the moon,la lune,/la lyn/,[sound:al_fr_fr_the_moon.mp3],Google Cloud TTS<br>Voice: fr-FR-Studio-A,AnkiLangs::FR
the morning,le matin,/lə matɛ̃/,[sound:al_fr_fr_the_morning.mp3],Google Cloud TTS<br>Voice: fr-FR-Studio-A,AnkiLangs::FR
the mother,la mère,/la mɛʁ/,[sound:al_fr_fr_the_mother.mp3],Google Cloud TTS<br>Voice: fr-FR-Studio-A,AnkiLangs::FR
the mountain,la montagne,/la mɔ̃taɲ/,[sound:al_fr_fr_the_mountain.mp3],Google Cloud TTS<br>Voice: fr-FR-Studio-D,AnkiLangs::FR
the mouse,la souris,/la su.ʁi/,[sound:al_fr_fr_the_mouse.mp3],Google Cloud TTS<br>Voice: fr-FR-Studio-A,AnkiLangs::FR
the mouth,la bouche,/la buʃ/,[sound:al_fr_fr_the_mouth.mp3],Google Cloud TTS<br>Voice: fr-FR-Studio-A,AnkiLangs::FR
the movie,le film,/lə film/,[sound:al_fr_fr_the_movie.mp3],Google Cloud TTS<br>Voice: fr-FR-Studio-D,AnkiLangs::FR
the neck,le cou,/lə ku/,[sound:al_fr_fr_the_neck.mp3],Google Cloud TTS<br>Voice: fr-FR-Studio-D,AnkiLangs::FR
the needle,l'aiguille,/leɡɥij/,[sound:al_fr_fr_the_needle.mp3],Google Cloud TTS<br>Voice: fr-FR-Studio-D,AnkiLangs::FR
the neighbor,le voisin,/lə vwazɛ̃/,[sound:al_fr_fr_the_neighbor.mp3],Google Cloud TTS<br>Voice: fr-FR-Studio-D,AnkiLangs::FR
the network,le réseau,/lə ʁezo/,[sound:al_fr_fr_the_network.mp3],Google Cloud TTS<br>Voice: fr-FR-Studio-A,AnkiLangs::FR
the newspaper,le journal,/lə ʒuʁnal/,[sound:al_fr_fr_the_newspaper.mp3],Google Cloud TTS<br>Voice: fr-FR-Studio-D,AnkiLangs::FR
the night,la nuit,/la nɥi/,[sound:al_fr_fr_the_night.mp3],Google Cloud TTS<br>Voice: fr-FR-Studio-A,AnkiLangs::FR
the north,le nord,/lə nɔʁ/,[sound:al_fr_fr_the_north.mp3],Google Cloud TTS<br>Voice: fr-FR-Studio-A,AnkiLangs::FR
the nose,le nez,/lə ne/,[sound:al_fr_fr_the_nose.mp3],Google Cloud TTS<br>Voice: fr-FR-Studio-D,AnkiLangs::FR
the note,la note,/la nɔt/,[sound:al_fr_fr_the_note.mp3],Google Cloud TTS<br>Voice: fr-FR-Studio-D,AnkiLangs::FR
the noun,le nom,/lə nɔ̃/,[sound:al_fr_fr_the_noun.mp3],Google Cloud TTS<br>Voice: fr-FR-Studio-D,AnkiLangs::FR
the number,le nombre,/lə nɔ̃bʁ/,[sound:al_fr_fr_the_number.mp3],Google Cloud TTS<br>Voice: fr-FR-Studio-D,AnkiLangs::FR
the ocean,l'océan,/lɔseɑ̃/,[sound:al_fr_fr_the_ocean.mp3],Google Cloud TTS<br>Voice: fr-FR-Studio-A,AnkiLangs::FR
the office,le bureau,/lə by.ʁo/,[sound:al_fr_fr_the_office.mp3],Google Cloud TTS<br>Voice: fr-FR-Studio-A,AnkiLangs::FR
the orange,l'orange,/lɔʁɑ̃ʒ/,[sound:al_fr_fr_the_orange.mp3],Google Cloud TTS<br>Voice: fr-FR-Studio-A,AnkiLangs::FR
the outside,l'extérieur,/lɛksteʁjœʁ/,[sound:al_fr_fr_the_outside.mp3],Google Cloud TTS<br>Voice: fr-FR-Studio-D,AnkiLangs::FR
the page,la page,/la paʒ/,[sound:al_fr_fr_the_page.mp3],Google Cloud TTS<br>Voice: fr-FR-Studio-A,AnkiLangs::FR
the paint,la peinture,/la pɛ̃tyʁ/,[sound:al_fr_fr_the_paint.mp3],Google Cloud TTS<br>Voice: fr-FR-Studio-A,AnkiLangs::FR
the pants,le pantalon,/lə pɑ̃.ta.lɔ̃/,[sound:al_fr_fr_the_pants.mp3],Google Cloud TTS<br>Voice: fr-FR-Studio-A,AnkiLangs::FR
the paper,le papier,/lə papje/,[sound:al_fr_fr_the_paper.mp3],Google Cloud TTS<br>Voice: fr-FR-Studio-A,AnkiLangs::FR
the parent,le parent,/lə paʁɑ̃/,[sound:al_fr_fr_the_parent.mp3],Google Cloud TTS<br>Voice: fr-FR-Studio-A,AnkiLangs::FR
the park,le parc,/lə paʁk/,[sound:al_fr_fr_the_park.mp3],Google Cloud TTS<br>Voice: fr-FR-Studio-D,AnkiLangs::FR
the patient,le patient,/lə pasjɑ̃/,[sound:al_fr_fr_the_patient.mp3],Google Cloud TTS<br>Voice: fr-FR-Studio-A,AnkiLangs::FR
the pattern,le motif,/lə mɔtif/,[sound:al_fr_fr_the_pattern.mp3],Google Cloud TTS<br>Voice: fr-FR-Studio-A,AnkiLangs::FR
the pen,le stylo,/lə stilo/,[sound:al_fr_fr_the_pen.mp3],Google Cloud TTS<br>Voice: fr-FR-Studio-D,AnkiLangs::FR
the pencil,le crayon,/lə kʁɛjɔ̃/,[sound:al_fr_fr_the_pencil.mp3],Google Cloud TTS<br>Voice: fr-FR-Studio-A,AnkiLangs::FR
the person,la personne,/la pɛʁ.sɔn/,[sound:al_fr_fr_the_person.mp3],Google Cloud TTS<br>Voice: fr-FR-Studio-D,AnkiLangs::FR
the photograph,la photographie,/la fɔtɔɡʁafi/,[sound:al_fr_fr_the_photograph.mp3],Google Cloud TTS<br>Voice: fr-FR-Studio-D,AnkiLangs::FR
the piece,le morceau,/lə mɔʁso/,[sound:al_fr_fr_the_piece.mp3],Google Cloud TTS<br>Voice: fr-FR-Studio-D,AnkiLangs::FR
the pig,le cochon,/lə kɔ.ʃɔ̃/,[sound:al_fr_fr_the_pig.mp3],Google Cloud TTS<br>Voice: fr-FR-Studio-A,AnkiLangs::FR
the plane,l'avion,/la.vjɔ̃/,[sound:al_fr_fr_the_plane.mp3],Google Cloud TTS<br>Voice: fr-FR-Studio-A,AnkiLangs::FR
the plant,la plante,/la plɑ̃t/,[sound:al_fr_fr_the_plant.mp3],Google Cloud TTS<br>Voice: fr-FR-Studio-D,AnkiLangs::FR
the plate,l'assiette,/lasjɛt/,[sound:al_fr_fr_the_plate.mp3],Google Cloud TTS<br>Voice: fr-FR-Studio-D,AnkiLangs::FR
the player,le joueur,/lə ʒwaʁ/,[sound:al_fr_fr_the_player.mp3],Google Cloud TTS<br>Voice: fr-FR-Studio-A,AnkiLangs::FR
the pocket,la poche,/la pɔʃ/,[sound:al_fr_fr_the_pocket.mp3],Google Cloud TTS<br>Voice: fr-FR-Studio-D,AnkiLangs::FR
the police,la police,/la pɔlis/,[sound:al_fr_fr_the_police.mp3],Google Cloud TTS<br>Voice: fr-FR-Studio-A,AnkiLangs::FR
the pool,la piscine,/la pisin/,[sound:al_fr_fr_the_pool.mp3],Google Cloud TTS<br>Voice: fr-FR-Studio-A,AnkiLangs::FR
the pork,le porc,/lə pɔʁ/,[sound:al_fr_fr_the_pork.mp3],Google Cloud TTS<br>Voice: fr-FR-Studio-D,AnkiLangs::FR
the pound,la livre,/la livʁ/,[sound:al_fr_fr_the_pound.mp3],Google Cloud TTS<br>Voice: fr-FR-Studio-D,AnkiLangs::FR
the president,le président,/lə pʁe.ziˈdɑ̃/,[sound:al_fr_fr_the_president.mp3],Google Cloud TTS<br>Voice: fr-FR-Studio-A,AnkiLangs::FR
the price,le prix,/lə pʁi/,[sound:al_fr_fr_the_price.mp3],Google Cloud TTS<br>Voice: fr-FR-Studio-A,AnkiLangs::FR
the priest,le prêtre,/lə pʁɛtʁ/,[sound:al_fr_fr_the_priest.mp3],Google Cloud TTS<br>Voice: fr-FR-Studio-D,AnkiLangs::FR
the program,le programme,/lə pʁɔɡʁam/,[sound:al_fr_fr_the_program.mp3],Google Cloud TTS<br>Voice: fr-FR-Studio-D,AnkiLangs::FR
the queen,la reine,/la ʁɛn/,[sound:al_fr_fr_the_queen.mp3],Google Cloud TTS<br>Voice: fr-FR-Studio-A,AnkiLangs::FR
the radio,la radio,/la ʁadjo/,[sound:al_fr_fr_the_radio.mp3],Google Cloud TTS<br>Voice: fr-FR-Studio-A,AnkiLangs::FR
the rain,la pluie,/la plɥi/,[sound:al_fr_fr_the_rain.mp3],Google Cloud TTS<br>Voice: fr-FR-Studio-D,AnkiLangs::FR
the reporter,le journaliste,/lə ʒuʁnalist/,[sound:al_fr_fr_the_reporter.mp3],Google Cloud TTS<br>Voice: fr-FR-Studio-A,AnkiLangs::FR
the restaurant,le restaurant,/lə ʁɛs.to.ʁɑ̃/,[sound:al_fr_fr_the_restaurant.mp3],Google Cloud TTS<br>Voice: fr-FR-Studio-A,AnkiLangs::FR
the ring,la bague,/la baɡ/,[sound:al_fr_fr_the_ring.mp3],Google Cloud TTS<br>Voice: fr-FR-Studio-D,AnkiLangs::FR
the river,la rivière,/la ʁivjɛʁ/,[sound:al_fr_fr_the_river.mp3],Google Cloud TTS<br>Voice: fr-FR-Studio-A,AnkiLangs::FR
the roof,le toit,/lə twa/,[sound:al_fr_fr_the_roof.mp3],Google Cloud TTS<br>Voice: fr-FR-Studio-A,AnkiLangs::FR
the room,la pièce,/la pjɛs/,[sound:al_fr_fr_the_room.mp3],Google Cloud TTS<br>Voice: fr-FR-Studio-D,AnkiLangs::FR
the root,la racine,/la ʁasin/,[sound:al_fr_fr_the_root.mp3],Google Cloud TTS<br>Voice: fr-FR-Studio-D,AnkiLangs::FR
the sand,le sable,/lə sabl/,[sound:al_fr_fr_the_sand.mp3],Google Cloud TTS<br>Voice: fr-FR-Studio-A,AnkiLangs::FR
the school,l'école,/le.kɔl/,[sound:al_fr_fr_the_school.mp3],Google Cloud TTS<br>Voice: fr-FR-Studio-D,AnkiLangs::FR
the screen,l'écran,/lekʁɑ̃/,[sound:al_fr_fr_the_screen.mp3],Google Cloud TTS<br>Voice: fr-FR-Studio-A,AnkiLangs::FR
the sea,la mer,/la mɛʁ/,[sound:al_fr_fr_the_sea.mp3],Google Cloud TTS<br>Voice: fr-FR-Studio-D,AnkiLangs::FR
the season,la saison,/la sɛzɔ̃/,[sound:al_fr_fr_the_season.mp3],Google Cloud TTS<br>Voice: fr-FR-Studio-A,AnkiLangs::FR
the second,la seconde,/la səɡɔ̃d/,[sound:al_fr_fr_the_second.mp3],Google Cloud TTS<br>Voice: fr-FR-Studio-A,AnkiLangs::FR
the secretary,la secrétaire,/la səkʁetɛʁ/,[sound:al_fr_fr_the_secretary.mp3],Google Cloud TTS<br>Voice: fr-FR-Studio-D,AnkiLangs::FR
the seed,la graine,/la ɡʁɛn/,[sound:al_fr_fr_the_seed.mp3],Google Cloud TTS<br>Voice: fr-FR-Studio-D,AnkiLangs::FR
the ship,le navire,/lə na.viʁ/,[sound:al_fr_fr_the_ship.mp3],Google Cloud TTS<br>Voice: fr-FR-Studio-A,AnkiLangs::FR
the shirt,la chemise,/la ʃə.miz/,[sound:al_fr_fr_the_shirt.mp3],Google Cloud TTS<br>Voice: fr-FR-Studio-A,AnkiLangs::FR
the shoes,les chaussures,/le ʃo.syʁ/,[sound:al_fr_fr_the_shoes.mp3],Google Cloud TTS<br>Voice: fr-FR-Studio-A,AnkiLangs::FR
the shoulder,l'épaule,/lepol/,[sound:al_fr_fr_the_shoulder.mp3],Google Cloud TTS<br>Voice: fr-FR-Studio-A,AnkiLangs::FR
the side,le côté,/lə kote/,[sound:al_fr_fr_the_side.mp3],Google Cloud TTS<br>Voice: fr-FR-Studio-A,AnkiLangs::FR
the sign,le signe,/lə siɲ/,[sound:al_fr_fr_the_sign.mp3],Google Cloud TTS<br>Voice: fr-FR-Studio-D,AnkiLangs::FR
the sister,la sœur,/la sœʁ/,[sound:al_fr_fr_the_sister.mp3],Google Cloud TTS<br>Voice: fr-FR-Studio-D,AnkiLangs::FR
the skin,la peau,/la po/,[sound:al_fr_fr_the_skin.mp3],Google Cloud TTS<br>Voice: fr-FR-Studio-D,AnkiLangs::FR
the skirt,la jupe,/la ʒyp/,[sound:al_fr_fr_the_skirt.mp3],Google Cloud TTS<br>Voice: fr-FR-Studio-D,AnkiLangs::FR
the sky,le ciel,/lə sjɛl/,[sound:al_fr_fr_the_sky.mp3],Google Cloud TTS<br>Voice: fr-FR-Studio-A,AnkiLangs::FR
the snow,la neige,/la nɛʒ/,[sound:al_fr_fr_the_snow.mp3],Google Cloud TTS<br>Voice: fr-FR-Studio-A,AnkiLangs::FR
the soap,le savon,/lə savɔ̃/,[sound:al_fr_fr_the_soap.mp3],Google Cloud TTS<br>Voice: fr-FR-Studio-A,AnkiLangs::FR
the soldier,le soldat,/lə sɔlda/,[sound:al_fr_fr_the_soldier.mp3],Google Cloud TTS<br>Voice: fr-FR-Studio-A,AnkiLangs::FR
the son,le fils,/lə fis/,[sound:al_fr_fr_the_son.mp3],Google Cloud TTS<br>Voice: fr-FR-Studio-A,AnkiLangs::FR
the song,la chanson,/la ʃɑ̃sɔ̃/,[sound:al_fr_fr_the_song.mp3],Google Cloud TTS<br>Voice: fr-FR-Studio-A,AnkiLangs::FR
the sound,le son,/lə sɔ̃/,[sound:al_fr_fr_the_sound.mp3],Google Cloud TTS<br>Voice: fr-FR-Studio-D,AnkiLangs::FR
the soup,la soupe,/la sup/,[sound:al_fr_fr_the_soup.mp3],Google Cloud TTS<br>Voice: fr-FR-Studio-A,AnkiLangs::FR
the south,le sud,/lə syd/,[sound:al_fr_fr_the_south.mp3],Google Cloud TTS<br>Voice: fr-FR-Studio-A,AnkiLangs::FR
the spoon,la cuillère,/la kɥijɛʁ/,[sound:al_fr_fr_the_spoon.mp3],Google Cloud TTS<br>Voice: fr-FR-Studio-A,AnkiLangs::FR
the Spring,le printemps,/lə pʁɛ̃tɑ̃/,[sound:al_fr_fr_the_spring.mp3],Google Cloud TTS<br>Voice: fr-FR-Studio-D,AnkiLangs::FR
the square,le carré,/lə kaʁe/,[sound:al_fr_fr_the_square.mp3],Google Cloud TTS<br>Voice: fr-FR-Studio-A,AnkiLangs::FR
the stain,la tache,/la taʃ/,[sound:al_fr_fr_the_stain.mp3],Google Cloud TTS<br>Voice: fr-FR-Studio-D,AnkiLangs::FR
the star,l'étoile,/letwal/,[sound:al_fr_fr_the_star.mp3],Google Cloud TTS<br>Voice: fr-FR-Studio-D,AnkiLangs::FR
the store/shop,le magasin,/lə ma.ɡa.zɛ̃/,[sound:al_fr_fr_the_store_shop.mp3],Google Cloud TTS<br>Voice: fr-FR-Studio-A,AnkiLangs::FR
the street/road,la rue,/la ʁy/,[sound:al_fr_fr_the_street_road.mp3],Google Cloud TTS<br>Voice: fr-FR-Studio-A,AnkiLangs::FR
the student,l'étudiant,/letydjɑ̃/,[sound:al_fr_fr_the_student.mp3],Google Cloud TTS<br>Voice: fr-FR-Studio-D,AnkiLangs::FR
the suit,le costume,/lə kɔs.tym/,[sound:al_fr_fr_the_suit.mp3],Google Cloud TTS<br>Voice: fr-FR-Studio-A,AnkiLangs::FR
the Summer,l'été,/lete/,[sound:al_fr_fr_the_summer.mp3],Google Cloud TTS<br>Voice: fr-FR-Studio-A,AnkiLangs::FR
the sun,le soleil,/lə sɔlɛj/,[sound:al_fr_fr_the_sun.mp3],Google Cloud TTS<br>Voice: fr-FR-Studio-A,AnkiLangs::FR
the T-shirt,le T-shirt,/lə ti.ʃœʁt/,[sound:al_fr_fr_the_t_shirt.mp3],Google Cloud TTS<br>Voice: fr-FR-Studio-A,AnkiLangs::FR
the table,la table,/la tabl/,[sound:al_fr_fr_the_table.mp3],Google Cloud TTS<br>Voice: fr-FR-Studio-D,AnkiLangs::FR
the teacher,le professeur,/lə pʁɔfɛsœʁ/,[sound:al_fr_fr_the_teacher.mp3],Google Cloud TTS<br>Voice: fr-FR-Studio-D,AnkiLangs::FR
the team,l'équipe,/lekip/,[sound:al_fr_fr_the_team.mp3],Google Cloud TTS<br>Voice: fr-FR-Studio-D,AnkiLangs::FR
the tear,la larme,/la laʁm/,[sound:al_fr_fr_the_tear.mp3],Google Cloud TTS<br>Voice: fr-FR-Studio-D,AnkiLangs::FR
the telephone,le téléphone,/lə telefɔn/,[sound:al_fr_fr_the_telephone.mp3],Google Cloud TTS<br>Voice: fr-FR-Studio-D,AnkiLangs::FR
the television,la télévision,/la televizjɔ̃/,[sound:al_fr_fr_the_television.mp3],Google Cloud TTS<br>Voice: fr-FR-Studio-A,AnkiLangs::FR
the theater,le théâtre,/lə te.ɑtʁ/,[sound:al_fr_fr_the_theater.mp3],Google Cloud TTS<br>Voice: fr-FR-Studio-A,AnkiLangs::FR
the time,le temps,/lə tɑ̃/,[sound:al_fr_fr_the_time.mp3],Google Cloud TTS<br>Voice: fr-FR-Studio-A,AnkiLangs::FR
the tire,le pneu,/lə pnø/,[sound:al_fr_fr_the_tire.mp3],Google Cloud TTS<br>Voice: fr-FR-Studio-D,AnkiLangs::FR
the toe,l'orteil,/lɔʁtɛj/,[sound:al_fr_fr_the_toe.mp3],Google Cloud TTS<br>Voice: fr-FR-Studio-A,AnkiLangs::FR
the tongue,la langue,/la lɑ̃ɡ/,[sound:al_fr_fr_the_tongue.mp3],Google Cloud TTS<br>Voice: fr-FR-Studio-A,AnkiLangs::FR
the tool,l'outil,/luti/,[sound:al_fr_fr_the_tool.mp3],Google Cloud TTS<br>Voice: fr-FR-Studio-D,AnkiLangs::FR
the tooth,la dent,/la dɑ̃/,[sound:al_fr_fr_the_tooth.mp3],Google Cloud TTS<br>Voice: fr-FR-Studio-A,AnkiLangs::FR
the top,le sommet,/lə sɔmɛ/,[sound:al_fr_fr_the_top.mp3],Google Cloud TTS<br>Voice: fr-FR-Studio-A,AnkiLangs::FR
the town,la petite ville,/la pə.tit vil/,[sound:al_fr_fr_the_town.mp3],Google Cloud TTS<br>Voice: fr-FR-Studio-A,AnkiLangs::FR
the train,le train,/lə tʁɛ̃/,[sound:al_fr_fr_the_train.mp3],Google Cloud TTS<br>Voice: fr-FR-Studio-A,AnkiLangs::FR
the train station,la gare,/la ɡaʁ/,[sound:al_fr_fr_the_train_station.mp3],Google Cloud TTS<br>Voice: fr-FR-Studio-A,AnkiLangs::FR
the tree,l'arbre,/laʁbʁ/,[sound:al_fr_fr_the_tree.mp3],Google Cloud TTS<br>Voice: fr-FR-Studio-A,AnkiLangs::FR
the truck,le camion,/lə ka.mjɔ̃/,[sound:al_fr_fr_the_truck.mp3],Google Cloud TTS<br>Voice: fr-FR-Studio-A,AnkiLangs::FR
the university,l'université,/ly.ni.vɛʁ.si.te/,[sound:al_fr_fr_the_university.mp3],Google Cloud TTS<br>Voice: fr-FR-Studio-D,AnkiLangs::FR
the valley,la vallée,/la vale/,[sound:al_fr_fr_the_valley.mp3],Google Cloud TTS<br>Voice: fr-FR-Studio-A,AnkiLangs::FR
the verb,le verbe,/lə vɛʁb/,[sound:al_fr_fr_the_verb.mp3],Google Cloud TTS<br>Voice: fr-FR-Studio-A,AnkiLangs::FR
the victim,la victime,/la vik.tim/,[sound:al_fr_fr_the_victim.mp3],Google Cloud TTS<br>Voice: fr-FR-Studio-D,AnkiLangs::FR
the voice,la voix,/la vwa/,[sound:al_fr_fr_the_voice.mp3],Google Cloud TTS<br>Voice: fr-FR-Studio-A,AnkiLangs::FR
the vowel,la voyelle,/la vwajɛl/,[sound:al_fr_fr_the_vowel.mp3],Google Cloud TTS<br>Voice: fr-FR-Studio-A,AnkiLangs::FR
the waiter,le serveur,/lə sɛʁvœʁ/,[sound:al_fr_fr_the_waiter.mp3],Google Cloud TTS<br>Voice: fr-FR-Studio-A,AnkiLangs::FR
the wall,le mur,/lə myʁ/,[sound:al_fr_fr_the_wall.mp3],Google Cloud TTS<br>Voice: fr-FR-Studio-A,AnkiLangs::FR
the wave,la vague,/la vaɡ/,[sound:al_fr_fr_the_wave.mp3],Google Cloud TTS<br>Voice: fr-FR-Studio-D,AnkiLangs::FR
the week,la semaine,/la səmɛn/,[sound:al_fr_fr_the_week.mp3],Google Cloud TTS<br>Voice: fr-FR-Studio-A,AnkiLangs::FR
the west,l'ouest,/lwɛst/,[sound:al_fr_fr_the_west.mp3],Google Cloud TTS<br>Voice: fr-FR-Studio-A,AnkiLangs::FR
the wife,la femme,/la fam/,[sound:al_fr_fr_the_wife.mp3],Google Cloud TTS<br>Voice: fr-FR-Studio-A,AnkiLangs::FR
the wind,le vent,/lə vɑ̃/,[sound:al_fr_fr_the_wind.mp3],Google Cloud TTS<br>Voice: fr-FR-Studio-D,AnkiLangs::FR
the window,la fenêtre,/la fənɛtʁ/,[sound:al_fr_fr_the_window.mp3],Google Cloud TTS<br>Voice: fr-FR-Studio-D,AnkiLangs::FR
the wing,l'aile,/l‿ɛl/,[sound:al_fr_fr_the_wing.mp3],Google Cloud TTS<br>Voice: fr-FR-Chirp3-HD-Schedar,AnkiLangs::FR
the Winter,l'hiver,/livɛʁ/,[sound:al_fr_fr_the_winter.mp3],Google Cloud TTS<br>Voice: fr-FR-Studio-A,AnkiLangs::FR
the woman,la femme,/la fam/,[sound:al_fr_fr_the_wife.mp3],Google Cloud TTS<br>Voice: fr-FR-Studio-A,AnkiLangs::FR
the world,le monde,/lə mɔ̃d/,[sound:al_fr_fr_the_world.mp3],Google Cloud TTS<br>Voice: fr-FR-Studio-A,AnkiLangs::FR
the yard,la cour,/la kuʁ/,[sound:al_fr_fr_the_yard.mp3],Google Cloud TTS<br>Voice: fr-FR-Studio-D,AnkiLangs::FR
the year,l'année,/lane/,[sound:al_fr_fr_the_year.mp3],Google Cloud TTS<br>Voice: fr-FR-Studio-A,AnkiLangs::FR
they,ils,/il/,[sound:al_fr_fr_they.mp3],Google Cloud TTS<br>Voice: fr-FR-Studio-D,AnkiLangs::FR
thick,épais,/epɛ/,[sound:al_fr_fr_thick.mp3],Google Cloud TTS<br>Voice: fr-FR-Studio-D,AnkiLangs::FR
thin,mince,/mɛ̃s/,[sound:al_fr_fr_thin.mp3],Google Cloud TTS<br>Voice: fr-FR-Studio-A,AnkiLangs::FR
third (3rd),troisième,/tʁwazjɛm/,[sound:al_fr_fr_third_3rd.mp3],Google Cloud TTS<br>Voice: fr-FR-Studio-A,AnkiLangs::FR
thirteen (13),treize,/tʁɛz/,[sound:al_fr_fr_thirteen_13.mp3],Google Cloud TTS<br>Voice: fr-FR-Studio-A,AnkiLangs::FR
thirty (30),trente,/tʁɑ̃t/,[sound:al_fr_fr_thirty_30.mp3],Google Cloud TTS<br>Voice: fr-FR-Studio-D,AnkiLangs::FR
thirty-one (31),trente et un,/tʁɑ̃t e œ̃/,[sound:al_fr_fr_thirty_one_31.mp3],Google Cloud TTS<br>Voice: fr-FR-Studio-D,AnkiLangs::FR
thirty-two (32),trente-deux,/tʁɑ̃tdø/,[sound:al_fr_fr_thirty_two_32.mp3],Google Cloud TTS<br>Voice: fr-FR-Studio-D,AnkiLangs::FR
three (3),trois,/tʁwa/,[sound:al_fr_fr_three_3.mp3],Google Cloud TTS<br>Voice: fr-FR-Studio-D,AnkiLangs::FR
Thursday,jeudi,/ʒødi/,[sound:al_fr_fr_thursday.mp3],Google Cloud TTS<br>Voice: fr-FR-Studio-D,AnkiLangs::FR
tight,serré,/sɛʁe/,[sound:al_fr_fr_tight.mp3],Google Cloud TTS<br>Voice: fr-FR-Studio-A,AnkiLangs::FR
to beat,battre,/batʁ/,[sound:al_fr_fr_to_beat.mp3],Google Cloud TTS<br>Voice: fr-FR-Studio-A,AnkiLangs::FR
to bend,plier,/plije/,[sound:al_fr_fr_to_bend.mp3],Google Cloud TTS<br>Voice: fr-FR-Studio-A,AnkiLangs::FR
to break,casser,/kase/,[sound:al_fr_fr_to_break.mp3],Google Cloud TTS<br>Voice: fr-FR-Studio-D,AnkiLangs::FR
to build,construire,/kɔ̃stʁɥiʁ/,[sound:al_fr_fr_to_build.mp3],Google Cloud TTS<br>Voice: fr-FR-Studio-D,AnkiLangs::FR
to burn,brûler,/bʁyle/,[sound:al_fr_fr_to_burn.mp3],Google Cloud TTS<br>Voice: fr-FR-Studio-A,AnkiLangs::FR
to buy,acheter,/aʃte/,[sound:al_fr_fr_to_buy.mp3],Google Cloud TTS<br>Voice: fr-FR-Studio-A,AnkiLangs::FR
to call,appeler,/aple/,[sound:al_fr_fr_to_call.mp3],Google Cloud TTS<br>Voice: fr-FR-Studio-A,AnkiLangs::FR
to carry,porter,/pɔʁte/,[sound:al_fr_fr_to_carry.mp3],Google Cloud TTS<br>Voice: fr-FR-Studio-A,AnkiLangs::FR
to catch,attraper,/atʁape/,[sound:al_fr_fr_to_catch.mp3],Google Cloud TTS<br>Voice: fr-FR-Studio-D,AnkiLangs::FR
to clean,nettoyer,/nɛtwaje/,[sound:al_fr_fr_to_clean.mp3],Google Cloud TTS<br>Voice: fr-FR-Studio-A,AnkiLangs::FR
to close,fermer,/fɛʁme/,[sound:al_fr_fr_to_close.mp3],Google Cloud TTS<br>Voice: fr-FR-Studio-D,AnkiLangs::FR
to cook,cuisiner,/kɥizine/,[sound:al_fr_fr_to_cook.mp3],Google Cloud TTS<br>Voice: fr-FR-Studio-A,AnkiLangs::FR
to count,compter,/kɔ̃te/,[sound:al_fr_fr_to_count.mp3],Google Cloud TTS<br>Voice: fr-FR-Studio-D,AnkiLangs::FR
to cry,pleurer,/plœʁe/,[sound:al_fr_fr_to_cry.mp3],Google Cloud TTS<br>Voice: fr-FR-Studio-D,AnkiLangs::FR
to cut,couper,/kupe/,[sound:al_fr_fr_to_cut.mp3],Google Cloud TTS<br>Voice: fr-FR-Studio-A,AnkiLangs::FR
to dance,danser,/dɑ̃se/,[sound:al_fr_fr_to_dance.mp3],Google Cloud TTS<br>Voice: fr-FR-Studio-A,AnkiLangs::FR
to die,mourir,/muʁiʁ/,[sound:al_fr_fr_to_die.mp3],Google Cloud TTS<br>Voice: fr-FR-Studio-D,AnkiLangs::FR
to dig,creuser,/kʁøze/,[sound:al_fr_fr_to_dig.mp3],Google Cloud TTS<br>Voice: fr-FR-Studio-A,AnkiLangs::FR
to draw,dessiner,/desine/,[sound:al_fr_fr_to_draw.mp3],Google Cloud TTS<br>Voice: fr-FR-Studio-A,AnkiLangs::FR
to drink,boire,/bwaʁ/,[sound:al_fr_fr_to_drink.mp3],Google Cloud TTS<br>Voice: fr-FR-Studio-A,AnkiLangs::FR
to drive,conduire,/kɔ̃dɥiʁ/,[sound:al_fr_fr_to_drive.mp3],Google Cloud TTS<br>Voice: fr-FR-Studio-D,AnkiLangs::FR
to eat,manger,/mɑ̃ʒe/,[sound:al_fr_fr_to_eat.mp3],Google Cloud TTS<br>Voice: fr-FR-Studio-A,AnkiLangs::FR
to explode,exploser,/ɛksploze/,[sound:al_fr_fr_to_explode.mp3],Google Cloud TTS<br>Voice: fr-FR-Studio-A,AnkiLangs::FR
to fall,tomber,/tɔ̃be/,[sound:al_fr_fr_to_fall.mp3],Google Cloud TTS<br>Voice: fr-FR-Studio-A,AnkiLangs::FR
to feed,nourrir,/nuʁiʁ/,[sound:al_fr_fr_to_feed.mp3],Google Cloud TTS<br>Voice: fr-FR-Studio-A,AnkiLangs::FR
to fight,se battre,/sə batʁ/,[sound:al_fr_fr_to_fight.mp3],Google Cloud TTS<br>Voice: fr-FR-Studio-A,AnkiLangs::FR
to find,trouver,/tʁuve/,[sound:al_fr_fr_to_find.mp3],Google Cloud TTS<br>Voice: fr-FR-Studio-D,AnkiLangs::FR
to fly,voler,/vɔle/,[sound:al_fr_fr_to_fly.mp3],Google Cloud TTS<br>Voice: fr-FR-Studio-A,AnkiLangs::FR
to follow,suivre,/sɥivʁ/,[sound:al_fr_fr_to_follow.mp3],Google Cloud TTS<br>Voice: fr-FR-Studio-A,AnkiLangs::FR
to go,aller,/ale/,[sound:al_fr_fr_to_go.mp3],Google Cloud TTS<br>Voice: fr-FR-Studio-A,AnkiLangs::FR
to grow,grandir,/ɡʁɑ̃diʁ/,[sound:al_fr_fr_to_grow.mp3],Google Cloud TTS<br>Voice: fr-FR-Studio-A,AnkiLangs::FR
to hang,pendre,/pɑ̃dʁ/,[sound:al_fr_fr_to_hang.mp3],Google Cloud TTS<br>Voice: fr-FR-Studio-A,AnkiLangs::FR
to hear,entendre,/ɑ̃tɑ̃dʁ/,[sound:al_fr_fr_to_hear.mp3],Google Cloud TTS<br>Voice: fr-FR-Studio-A,AnkiLangs::FR
to jump,sauter,/sote/,[sound:al_fr_fr_to_jump.mp3],Google Cloud TTS<br>Voice: fr-FR-Studio-A,AnkiLangs::FR
to kill,tuer,/tɥe/,[sound:al_fr_fr_to_kill.mp3],Google Cloud TTS<br>Voice: fr-FR-Studio-D,AnkiLangs::FR
to kiss,embrasser,/ɑ̃bʁase/,[sound:al_fr_fr_to_kiss.mp3],Google Cloud TTS<br>Voice: fr-FR-Studio-A,AnkiLangs::FR
to laugh,rire,/ʁiʁ/,[sound:al_fr_fr_to_laugh.mp3],Google Cloud TTS<br>Voice: fr-FR-Studio-D,AnkiLangs::FR
to learn,apprendre,/apʁɑ̃dʁ/,[sound:al_fr_fr_to_learn.mp3],Google Cloud TTS<br>Voice: fr-FR-Studio-D,AnkiLangs::FR
to lie down,s'allonger,/salɔ̃ʒe/,[sound:al_fr_fr_to_lie_down.mp3],Google Cloud TTS<br>Voice: fr-FR-Studio-A,AnkiLangs::FR
to lift,soulever,/sulve/,[sound:al_fr_fr_to_lift.mp3],Google Cloud TTS<br>Voice: fr-FR-Studio-A,AnkiLangs::FR
to listen,écouter,/ekute/,[sound:al_fr_fr_to_listen.mp3],Google Cloud TTS<br>Voice: fr-FR-Studio-D,AnkiLangs::FR
to lose,perdre,/pɛʁdʁ/,[sound:al_fr_fr_to_lose.mp3],Google Cloud TTS<br>Voice: fr-FR-Studio-D,AnkiLangs::FR
to love,aimer,/ɛme/,[sound:al_fr_fr_to_love.mp3],Google Cloud TTS<br>Voice: fr-FR-Studio-D,AnkiLangs::FR
to marry,se marier,/sə maʁje/,[sound:al_fr_fr_to_marry.mp3],Google Cloud TTS<br>Voice: fr-FR-Studio-A,AnkiLangs::FR
to melt,fondre,/fɔ̃dʁ/,[sound:al_fr_fr_to_melt.mp3],Google Cloud TTS<br>Voice: fr-FR-Studio-A,AnkiLangs::FR
to mix / to stir,mélanger,/melɑ̃ʒe/,[sound:al_fr_fr_to_mix_to_stir.mp3],Google Cloud TTS<br>Voice: fr-FR-Studio-D,AnkiLangs::FR
to open,ouvrir,/uvʁiʁ/,[sound:al_fr_fr_to_open.mp3],Google Cloud TTS<br>Voice: fr-FR-Studio-A,AnkiLangs::FR
to pass by,passer,/pase/,[sound:al_fr_fr_to_pass_by.mp3],Google Cloud TTS<br>Voice: fr-FR-Studio-A,AnkiLangs::FR
to pay,payer,/pɛje/,[sound:al_fr_fr_to_pay.mp3],Google Cloud TTS<br>Voice: fr-FR-Studio-D,AnkiLangs::FR
to play,jouer,/ʒwe/,[sound:al_fr_fr_to_play.mp3],Google Cloud TTS<br>Voice: fr-FR-Studio-A,AnkiLangs::FR
to pray,prier,/pʁije/,[sound:al_fr_fr_to_pray.mp3],Google Cloud TTS<br>Voice: fr-FR-Studio-D,AnkiLangs::FR
to pull,tirer,/tiʁe/,[sound:al_fr_fr_to_pull.mp3],Google Cloud TTS<br>Voice: fr-FR-Studio-D,AnkiLangs::FR
to push,pousser,/puse/,[sound:al_fr_fr_to_push.mp3],Google Cloud TTS<br>Voice: fr-FR-Studio-D,AnkiLangs::FR
to run,courir,/kuʁiʁ/,[sound:al_fr_fr_to_run.mp3],Google Cloud TTS<br>Voice: fr-FR-Studio-A,AnkiLangs::FR
to see,voir,/vwaʁ/,[sound:al_fr_fr_to_see.mp3],Google Cloud TTS<br>Voice: fr-FR-Studio-D,AnkiLangs::FR
to sell,vendre,/vɑ̃dʁ/,[sound:al_fr_fr_to_sell.mp3],Google Cloud TTS<br>Voice: fr-FR-Studio-A,AnkiLangs::FR
to shake,secouer,/səkwe/,[sound:al_fr_fr_to_shake.mp3],Google Cloud TTS<br>Voice: fr-FR-Studio-D,AnkiLangs::FR
to shoot (a gun),tirer,/tiʁe/,[sound:al_fr_fr_to_shoot_a_gun.mp3],Google Cloud TTS<br>Voice: fr-FR-Studio-A,AnkiLangs::FR
to sign,signer,/siɲe/,[sound:al_fr_fr_to_sign.mp3],Google Cloud TTS<br>Voice: fr-FR-Studio-D,AnkiLangs::FR
to sing,chanter,/ʃɑ̃te/,[sound:al_fr_fr_to_sing.mp3],Google Cloud TTS<br>Voice: fr-FR-Studio-D,AnkiLangs::FR
to sit,s'asseoir,/saswaʁ/,[sound:al_fr_fr_to_sit.mp3],Google Cloud TTS<br>Voice: fr-FR-Studio-A,AnkiLangs::FR
to sleep,dormir,/dɔʁmiʁ/,[sound:al_fr_fr_to_sleep.mp3],Google Cloud TTS<br>Voice: fr-FR-Studio-A,AnkiLangs::FR
to smell,sentir,/sɑ̃tiʁ/,[sound:al_fr_fr_to_smell.mp3],Google Cloud TTS<br>Voice: fr-FR-Studio-A,AnkiLangs::FR
to smile,sourire,/suʁiʁ/,[sound:al_fr_fr_to_smile.mp3],Google Cloud TTS<br>Voice: fr-FR-Studio-A,AnkiLangs::FR
to speak / to say,parler,/paʁle/,[sound:al_fr_fr_to_speak_to_say.mp3],Google Cloud TTS<br>Voice: fr-FR-Studio-D,AnkiLangs::FR
to stand,se tenir debout,/sə təniʁ dəbu/,[sound:al_fr_fr_to_stand.mp3],Google Cloud TTS<br>Voice: fr-FR-Studio-A,AnkiLangs::FR
to stop,arrêter,/aʁete/,[sound:al_fr_fr_to_stop.mp3],Google Cloud TTS<br>Voice: fr-FR-Studio-A,AnkiLangs::FR
to swim,nager,/naʒe/,[sound:al_fr_fr_to_swim.mp3],Google Cloud TTS<br>Voice: fr-FR-Studio-A,AnkiLangs::FR
to taste,goûter,/ɡute/,[sound:al_fr_fr_to_taste.mp3],Google Cloud TTS<br>Voice: fr-FR-Studio-D,AnkiLangs::FR
to teach,enseigner,/ɑ̃sɛɲe/,[sound:al_fr_fr_to_teach.mp3],Google Cloud TTS<br>Voice: fr-FR-Studio-D,AnkiLangs::FR
to think,penser,/pɑ̃se/,[sound:al_fr_fr_to_think.mp3],Google Cloud TTS<br>Voice: fr-FR-Studio-D,AnkiLangs::FR
to throw,jeter,/ʒəte/,[sound:al_fr_fr_to_throw.mp3],Google Cloud TTS<br>Voice: fr-FR-Studio-D,AnkiLangs::FR
to touch,toucher,/tuʃe/,[sound:al_fr_fr_to_touch.mp3],Google Cloud TTS<br>Voice: fr-FR-Studio-A,AnkiLangs::FR
to turn,tourner,/tuʁne/,[sound:al_fr_fr_to_turn.mp3],Google Cloud TTS<br>Voice: fr-FR-Studio-D,AnkiLangs::FR
to wake up,se réveiller,/sə ʁeveje/,[sound:al_fr_fr_to_wake_up.mp3],Google Cloud TTS<br>Voice: fr-FR-Studio-D,AnkiLangs::FR
to walk,marcher,/maʁʃe/,[sound:al_fr_fr_to_walk.mp3],Google Cloud TTS<br>Voice: fr-FR-Studio-A,AnkiLangs::FR
to wash,laver,/lave/,[sound:al_fr_fr_to_wash.mp3],Google Cloud TTS<br>Voice: fr-FR-Studio-D,AnkiLangs::FR
to watch,regarder,/ʁəɡaʁde/,[sound:al_fr_fr_to_watch.mp3],Google Cloud TTS<br>Voice: fr-FR-Studio-A,AnkiLangs::FR
to wear,porter,/pɔʁte/,[sound:al_fr_fr_to_wear.mp3],Google Cloud TTS<br>Voice: fr-FR-Studio-A,AnkiLangs::FR
to win,gagner,/ɡaɲe/,[sound:al_fr_fr_to_win.mp3],Google Cloud TTS<br>Voice: fr-FR-Studio-A,AnkiLangs::FR
to work,travailler,/tʁavaje/,[sound:al_fr_fr_to_work.mp3],Google Cloud TTS<br>Voice: fr-FR-Studio-A,AnkiLangs::FR
to write,écrire,/ekʁiʁ/,[sound:al_fr_fr_to_write.mp3],Google Cloud TTS<br>Voice: fr-FR-Studio-D,AnkiLangs::FR
transportation,le transport,/lə tʁɑ̃s.pɔʁ/,[sound:al_fr_fr_transportation.mp3],Google Cloud TTS<br>Voice: fr-FR-Studio-D,AnkiLangs::FR
Tuesday,mardi,/maʁdi/,[sound:al_fr_fr_tuesday.mp3],Google Cloud TTS<br>Voice: fr-FR-Studio-D,AnkiLangs::FR
twelve (12),douze,/duz/,[sound:al_fr_fr_twelve_12.mp3],Google Cloud TTS<br>Voice: fr-FR-Studio-D,AnkiLangs::FR
twenty (20),vingt,/vɛ̃/,[sound:al_fr_fr_twenty_20.mp3],Google Cloud TTS<br>Voice: fr-FR-Studio-A,AnkiLangs::FR
twenty-one (21),vingt et un,/vɛ̃t e œ̃/,[sound:al_fr_fr_twenty_one_21.mp3],Google Cloud TTS<br>Voice: fr-FR-Studio-D,AnkiLangs::FR
twenty-two (22),vingt-deux,/vɛ̃tdø/,[sound:al_fr_fr_twenty_two_22.mp3],Google Cloud TTS<br>Voice: fr-FR-Studio-A,AnkiLangs::FR
two (2),deux,/dø/,[sound:al_fr_fr_two_2.mp3],Google Cloud TTS<br>Voice: fr-FR-Studio-A,AnkiLangs::FR
ugly,laid,/lɛ/,[sound:al_fr_fr_ugly.mp3],Google Cloud TTS<br>Voice: fr-FR-Studio-A,AnkiLangs::FR
up,en haut,/ɑ̃ o/,[sound:al_fr_fr_up.mp3],Google Cloud TTS<br>Voice: fr-FR-Studio-D,AnkiLangs::FR
war,la guerre,/la ɡɛʁ/,[sound:al_fr_fr_war.mp3],Google Cloud TTS<br>Voice: fr-FR-Studio-D,AnkiLangs::FR
warm,chaud,/ʃo/,[sound:al_fr_fr_warm.mp3],Google Cloud TTS<br>Voice: fr-FR-Studio-D,AnkiLangs::FR
water,l'eau,/lo/,[sound:al_fr_fr_water.mp3],Google Cloud TTS<br>Voice: fr-FR-Studio-A,AnkiLangs::FR
we,nous,/nu/,[sound:al_fr_fr_we.mp3],Google Cloud TTS<br>Voice: fr-FR-Studio-A,AnkiLangs::FR
weak,faible,/fɛbl/,[sound:al_fr_fr_weak.mp3],Google Cloud TTS<br>Voice: fr-FR-Studio-D,AnkiLangs::FR
wedding,le mariage,/lə maʁjaʒ/,[sound:al_fr_fr_wedding.mp3],Google Cloud TTS<br>Voice: fr-FR-Studio-A,AnkiLangs::FR
Wednesday,mercredi,/mɛʁkʁədi/,[sound:al_fr_fr_wednesday.mp3],Google Cloud TTS<br>Voice: fr-FR-Studio-D,AnkiLangs::FR
weight,le poids,/lə pwa/,[sound:al_fr_fr_weight.mp3],Google Cloud TTS<br>Voice: fr-FR-Studio-D,AnkiLangs::FR
wet,mouillé,/muje/,[sound:al_fr_fr_wet.mp3],Google Cloud TTS<br>Voice: fr-FR-Studio-D,AnkiLangs::FR
white,blanc,/blɑ̃/,[sound:al_fr_fr_white.mp3],Google Cloud TTS<br>Voice: fr-FR-Studio-A,AnkiLangs::FR
wide,large,/laʁʒ/,[sound:al_fr_fr_wide.mp3],Google Cloud TTS<br>Voice: fr-FR-Studio-A,AnkiLangs::FR
wine,le vin,/lə vɛ̃/,[sound:al_fr_fr_wine.mp3],Google Cloud TTS<br>Voice: fr-FR-Studio-D,AnkiLangs::FR
wood,le bois,/lə bwa/,[sound:al_fr_fr_wood.mp3],Google Cloud TTS<br>Voice: fr-FR-Studio-A,AnkiLangs::FR
yellow,jaune,/ʒon/,[sound:al_fr_fr_yellow.mp3],Google Cloud TTS<br>Voice: fr-FR-Studio-A,AnkiLangs::FR
yes,oui,/wi/,[sound:al_fr_fr_yes.mp3],Google Cloud TTS<br>Voice: fr-FR-Studio-A,AnkiLangs::FR
"you [plural, y'all]",vous,/vu/,[sound:al_fr_fr_you_plural_y_all.mp3],Google Cloud TTS<br>Voice: fr-FR-Studio-D,AnkiLangs::FR
you [singular],tu,/ty/,[sound:al_fr_fr_you_singular.mp3],Google Cloud TTS<br>Voice: fr-FR-Studio-D,AnkiLangs::FR
young,jeune,/ʒœn/,[sound:al_fr_fr_young.mp3],Google Cloud TTS<br>Voice: fr-FR-Studio-D,AnkiLangs::FR
