key,text:ru,ipa:ru,audio:ru,audio source:ru,tags:ru
alive,живой,/ʐɨˈvoj/,[sound:al_ru_ru_alive.mp3],Google Cloud TTS<br>Voice: ru-RU-Standard-A,AnkiLangs::RU
April,апрель,/ɐˈprʲelʲ/,[sound:al_ru_ru_april.mp3],Google Cloud TTS<br>Voice: ru-RU-Standard-A,AnkiLangs::RU
art,искусство,/ɪˈskustvə/,[sound:al_ru_ru_art.mp3],Google Cloud TTS<br>Voice: ru-RU-Standard-B,AnkiLangs::RU
August,август,/ˈavɡʊst/,[sound:al_ru_ru_august.mp3],Google Cloud TTS<br>Voice: ru-RU-Standard-A,AnkiLangs::RU
bad,плохой,/pɫɐˈxoj/,[sound:al_ru_ru_bad.mp3],Google Cloud TTS<br>Voice: ru-RU-Standard-A,AnkiLangs::RU
beautiful,красивый,/krɐˈsʲivɨj/,[sound:al_ru_ru_beautiful.mp3],Google Cloud TTS<br>Voice: ru-RU-Standard-A,AnkiLangs::RU
beer,пиво,/ˈpʲivə/,[sound:al_ru_ru_beer.mp3],Google Cloud TTS<br>Voice: ru-RU-Standard-A,AnkiLangs::RU
big / large,большой,/bɐlʲˈʂoj/,[sound:al_ru_ru_big_large.mp3],Google Cloud TTS<br>Voice: ru-RU-Standard-B,AnkiLangs::RU
black,чёрный,/ˈt͡ɕɵrnɨj/,[sound:al_ru_ru_black.mp3],Google Cloud TTS<br>Voice: ru-RU-Standard-A,AnkiLangs::RU
blind,слепой,/slʲɪˈpoj/,[sound:al_ru_ru_blind.mp3],Google Cloud TTS<br>Voice: ru-RU-Standard-A,AnkiLangs::RU
blood,кровь,/krофʲ/,[sound:al_ru_ru_blood.mp3],Google Cloud TTS<br>Voice: ru-RU-Standard-A,AnkiLangs::RU
blue,синий,/ˈsʲinʲɪj/,[sound:al_ru_ru_blue.mp3],Google Cloud TTS<br>Voice: ru-RU-Standard-A,AnkiLangs::RU
breakfast,завтрак,/ˈzaftrək/,[sound:al_ru_ru_breakfast.mp3],Google Cloud TTS<br>Voice: ru-RU-Standard-A,AnkiLangs::RU
brown,коричневый,/kɐˈrʲit͡ɕnʲɪvɨj/,[sound:al_ru_ru_brown.mp3],Google Cloud TTS<br>Voice: ru-RU-Standard-B,AnkiLangs::RU
cheap,дешёвый,/dʲɪˈʂɵvɨj/,[sound:al_ru_ru_cheap.mp3],Google Cloud TTS<br>Voice: ru-RU-Standard-A,AnkiLangs::RU
clay,глина,/ˈɡlʲinə/,[sound:al_ru_ru_clay.mp3],Google Cloud TTS<br>Voice: ru-RU-Standard-A,AnkiLangs::RU
clean,чистый,/ˈt͡ɕistɨj/,[sound:al_ru_ru_clean.mp3],Google Cloud TTS<br>Voice: ru-RU-Standard-A,AnkiLangs::RU
coffee,кофе,/ˈkofʲe/,[sound:al_ru_ru_coffee.mp3],Google Cloud TTS<br>Voice: ru-RU-Standard-A,AnkiLangs::RU
cold,холодный,/xɐˈlodnɨj/,[sound:al_ru_ru_cold.mp3],Google Cloud TTS<br>Voice: ru-RU-Standard-A,AnkiLangs::RU
cool,прохладный,/prɐˈxɫadnɨj/,[sound:al_ru_ru_cool.mp3],Google Cloud TTS<br>Voice: ru-RU-Standard-A,AnkiLangs::RU
copper,медь,/mʲetʲ/,[sound:al_ru_ru_copper.mp3],Google Cloud TTS<br>Voice: ru-RU-Standard-A,AnkiLangs::RU
curved,изогнутый,/ɪˈzoɡnʊtɨj/,[sound:al_ru_ru_curved.mp3],Google Cloud TTS<br>Voice: ru-RU-Standard-B,AnkiLangs::RU
dark,тёмный,/ˈt͡ɵmnɨj/,[sound:al_ru_ru_dark.mp3],Google Cloud TTS<br>Voice: ru-RU-Standard-A,AnkiLangs::RU
dark blue,тёмно-синий,/ˈt͡ɵmnə ˈsʲinʲɪj/,[sound:al_ru_ru_dark_blue.mp3],Google Cloud TTS<br>Voice: ru-RU-Standard-B,AnkiLangs::RU
dead,мёртвый,/ˈmʲɵrtvɨj/,[sound:al_ru_ru_dead.mp3],Google Cloud TTS<br>Voice: ru-RU-Standard-B,AnkiLangs::RU
deaf,глухой,/ɡɫʊˈxoj/,[sound:al_ru_ru_deaf.mp3],Google Cloud TTS<br>Voice: ru-RU-Standard-A,AnkiLangs::RU
death,смерть,/smʲertʲ/,[sound:al_ru_ru_death.mp3],Google Cloud TTS<br>Voice: ru-RU-Standard-A,AnkiLangs::RU
December,декабрь,/dʲɪˈkabrʲ/,[sound:al_ru_ru_december.mp3],Google Cloud TTS<br>Voice: ru-RU-Standard-B,AnkiLangs::RU
deep,глубокий,/ɡɫʊbɐˈkʲij/,[sound:al_ru_ru_deep.mp3],Google Cloud TTS<br>Voice: ru-RU-Standard-B,AnkiLangs::RU
diamond,алмаз,/ɐɫˈmas/,[sound:al_ru_ru_diamond.mp3],Google Cloud TTS<br>Voice: ru-RU-Standard-B,AnkiLangs::RU
dinner,обед,/ɐˈbʲet/,[sound:al_ru_ru_dinner.mp3],Google Cloud TTS<br>Voice: ru-RU-Standard-A,AnkiLangs::RU
dirty,грязный,/ˈɡrʲæznɨj/,[sound:al_ru_ru_dirty.mp3],Google Cloud TTS<br>Voice: ru-RU-Standard-A,AnkiLangs::RU
disease,болезнь,/bɐˈlʲezʲnʲ/,[sound:al_ru_ru_disease.mp3],Google Cloud TTS<br>Voice: ru-RU-Standard-B,AnkiLangs::RU
down,вниз,/vnʲis/,[sound:al_ru_ru_down.mp3],Google Cloud TTS<br>Voice: ru-RU-Standard-A,AnkiLangs::RU
dry,сухой,/sʊˈxoj/,[sound:al_ru_ru_dry.mp3],Google Cloud TTS<br>Voice: ru-RU-Standard-A,AnkiLangs::RU
dust,пыль,/pɨlʲ/,[sound:al_ru_ru_dust.mp3],Google Cloud TTS<br>Voice: ru-RU-Standard-B,AnkiLangs::RU
Earth,Земля,/zʲɪˈmlʲa/,[sound:al_ru_ru_earth.mp3],Google Cloud TTS<br>Voice: ru-RU-Standard-A,AnkiLangs::RU
eight (8),восемь,/ˈvosʲɪmʲ/,[sound:al_ru_ru_eight_8.mp3],Google Cloud TTS<br>Voice: ru-RU-Standard-B,AnkiLangs::RU
eighteen (18),восемнадцать,/vəsʲɪmˈnat͡sətʲ/,[sound:al_ru_ru_eighteen_18.mp3],Google Cloud TTS<br>Voice: ru-RU-Standard-B,AnkiLangs::RU
eighty (80),восемьдесят,/ˈvosʲɪmʲdʲɪsʲət/,[sound:al_ru_ru_eighty_80.mp3],Google Cloud TTS<br>Voice: ru-RU-Standard-B,AnkiLangs::RU
eighty-one (81),восемьдесят один,/ˈvosʲɪmʲdʲɪsʲət ɐˈdʲin/,[sound:al_ru_ru_eighty_one_81.mp3],Google Cloud TTS<br>Voice: ru-RU-Standard-A,AnkiLangs::RU
eighty-two (82),восемьдесят два,/ˈvosʲɪmʲdʲɪsʲət dva/,[sound:al_ru_ru_eighty_two_82.mp3],Google Cloud TTS<br>Voice: ru-RU-Standard-B,AnkiLangs::RU
eleven (11),одиннадцать,/ɐˈdʲinət͡sətʲ/,[sound:al_ru_ru_eleven_11.mp3],Google Cloud TTS<br>Voice: ru-RU-Standard-A,AnkiLangs::RU
energy,энергия,/ɪˈnʲerɡʲɪjə/,[sound:al_ru_ru_energy.mp3],Google Cloud TTS<br>Voice: ru-RU-Standard-B,AnkiLangs::RU
exercise,упражнение,/ʊprɐʐˈnʲenʲɪje/,[sound:al_ru_ru_exercise.mp3],Google Cloud TTS<br>Voice: ru-RU-Standard-A,AnkiLangs::RU
expensive,дорогой,/dɐrɐˈɡoj/,[sound:al_ru_ru_expensive.mp3],Google Cloud TTS<br>Voice: ru-RU-Standard-B,AnkiLangs::RU
famous,известный,/ɪˈzvʲesnɨj/,[sound:al_ru_ru_famous.mp3],Google Cloud TTS<br>Voice: ru-RU-Standard-B,AnkiLangs::RU
fast,быстрый,/ˈbɨstrɨj/,[sound:al_ru_ru_fast.mp3],Google Cloud TTS<br>Voice: ru-RU-Standard-A,AnkiLangs::RU
February,февраль,/fʲɪˈvralʲ/,[sound:al_ru_ru_february.mp3],Google Cloud TTS<br>Voice: ru-RU-Standard-A,AnkiLangs::RU
female,женский,/ˈʐɛnskʲɪj/,[sound:al_ru_ru_female.mp3],Google Cloud TTS<br>Voice: ru-RU-Standard-A,AnkiLangs::RU
fifteen (15),пятнадцать,/pʲɪtˈnat͡sətʲ/,[sound:al_ru_ru_fifteen_15.mp3],Google Cloud TTS<br>Voice: ru-RU-Standard-A,AnkiLangs::RU
fifth (5th),пятый,/ˈpʲatɨj/,[sound:al_ru_ru_fifth_5th.mp3],Google Cloud TTS<br>Voice: ru-RU-Standard-B,AnkiLangs::RU
fifty (50),пятьдесят,/pʲɪˈdʲesʲət/,[sound:al_ru_ru_fifty_50.mp3],Google Cloud TTS<br>Voice: ru-RU-Standard-A,AnkiLangs::RU
fifty-one (51),пятьдесят один,/pʲɪˈdʲesʲət ɐˈdʲin/,[sound:al_ru_ru_fifty_one_51.mp3],Google Cloud TTS<br>Voice: ru-RU-Standard-A,AnkiLangs::RU
fifty-two (52),пятьдесят два,/pʲɪˈdʲesʲət dva/,[sound:al_ru_ru_fifty_two_52.mp3],Google Cloud TTS<br>Voice: ru-RU-Standard-A,AnkiLangs::RU
first (1st),первый,/ˈpʲervɨj/,[sound:al_ru_ru_first_1st.mp3],Google Cloud TTS<br>Voice: ru-RU-Standard-B,AnkiLangs::RU
five (5),пять,/pʲætʲ/,[sound:al_ru_ru_five_5.mp3],Google Cloud TTS<br>Voice: ru-RU-Standard-B,AnkiLangs::RU
flat,плоский,/ˈpɫoskʲɪj/,[sound:al_ru_ru_flat.mp3],Google Cloud TTS<br>Voice: ru-RU-Standard-B,AnkiLangs::RU
food,еда,/jɪˈda/,[sound:al_ru_ru_food.mp3],Google Cloud TTS<br>Voice: ru-RU-Standard-B,AnkiLangs::RU
forty (40),сорок,/ˈsorək/,[sound:al_ru_ru_forty_40.mp3],Google Cloud TTS<br>Voice: ru-RU-Standard-A,AnkiLangs::RU
forty-one (41),сорок один,/ˈsorək ɐˈdʲin/,[sound:al_ru_ru_forty_one_41.mp3],Google Cloud TTS<br>Voice: ru-RU-Standard-B,AnkiLangs::RU
forty-two (42),сорок два,/ˈsorək dva/,[sound:al_ru_ru_forty_two_42.mp3],Google Cloud TTS<br>Voice: ru-RU-Standard-B,AnkiLangs::RU
four (4),четыре,/tɕɪˈtɨrʲɪ/,[sound:al_ru_ru_four_4.mp3],Google Cloud TTS<br>Voice: ru-RU-Standard-A,AnkiLangs::RU
fourteen (14),четырнадцать,/tɕɪˈtɨrnət͡sətʲ/,[sound:al_ru_ru_fourteen_14.mp3],Google Cloud TTS<br>Voice: ru-RU-Standard-B,AnkiLangs::RU
fourth (4th),четвёртый,/tɕɪˈtvʲɵrtɨj/,[sound:al_ru_ru_fourth_4th.mp3],Google Cloud TTS<br>Voice: ru-RU-Standard-A,AnkiLangs::RU
Friday,пятница,/ˈpʲætnʲɪt͡sə/,[sound:al_ru_ru_friday.mp3],Google Cloud TTS<br>Voice: ru-RU-Standard-A,AnkiLangs::RU
glass,стекло,/stʲɪˈkɫo/,[sound:al_ru_ru_glass.mp3],Google Cloud TTS<br>Voice: ru-RU-Standard-A,AnkiLangs::RU
God,Бог,/box/,[sound:al_ru_ru_god.mp3],Google Cloud TTS<br>Voice: ru-RU-Standard-A,AnkiLangs::RU
gold,золото,/ˈzoɫətə/,[sound:al_ru_ru_gold.mp3],Google Cloud TTS<br>Voice: ru-RU-Standard-B,AnkiLangs::RU
good,хороший,/xɐˈroʂɨj/,[sound:al_ru_ru_good.mp3],Google Cloud TTS<br>Voice: ru-RU-Standard-B,AnkiLangs::RU
gray,серый,/ˈsʲerɨj/,[sound:al_ru_ru_gray.mp3],Google Cloud TTS<br>Voice: ru-RU-Standard-B,AnkiLangs::RU
green,зелёный,/zʲɪˈlʲɵnɨj/,[sound:al_ru_ru_green.mp3],Google Cloud TTS<br>Voice: ru-RU-Standard-A,AnkiLangs::RU
happy,счастливый,/ˈɕːæslʲɪvɨj/,[sound:al_ru_ru_happy.mp3],Google Cloud TTS<br>Voice: ru-RU-Standard-B,AnkiLangs::RU
hard,твёрдый,/ˈtvʲɵrdɨj/,[sound:al_ru_ru_hard.mp3],Google Cloud TTS<br>Voice: ru-RU-Standard-A,AnkiLangs::RU
he,он,/on/,[sound:al_ru_ru_he.mp3],Google Cloud TTS<br>Voice: ru-RU-Standard-A,AnkiLangs::RU
healthy,здоровый,/zdɐˈrovɨj/,[sound:al_ru_ru_healthy.mp3],Google Cloud TTS<br>Voice: ru-RU-Standard-A,AnkiLangs::RU
heaven,рай,/raj/,[sound:al_ru_ru_heaven.mp3],Google Cloud TTS<br>Voice: ru-RU-Standard-B,AnkiLangs::RU
heavy,тяжёлый,/tʲɪˈʐɵɫɨj/,[sound:al_ru_ru_heavy.mp3],Google Cloud TTS<br>Voice: ru-RU-Standard-B,AnkiLangs::RU
hell,ад,/at/,[sound:al_ru_ru_hell.mp3],Google Cloud TTS<br>Voice: ru-RU-Standard-B,AnkiLangs::RU
high,высокий,/vɨˈsokʲɪj/,[sound:al_ru_ru_high.mp3],Google Cloud TTS<br>Voice: ru-RU-Standard-A,AnkiLangs::RU
hot,горячий,/ɡɐˈrʲæt͡ɕɪj/,[sound:al_ru_ru_hot.mp3],Google Cloud TTS<br>Voice: ru-RU-Standard-A,AnkiLangs::RU
I,я,/ja/,[sound:al_ru_ru_i.mp3],Google Cloud TTS<br>Voice: ru-RU-Standard-B,AnkiLangs::RU
it,оно,/ɐˈno/,[sound:al_ru_ru_it.mp3],Google Cloud TTS<br>Voice: ru-RU-Standard-A,AnkiLangs::RU
January,январь,/jɪnˈvarʲ/,[sound:al_ru_ru_january.mp3],Google Cloud TTS<br>Voice: ru-RU-Standard-B,AnkiLangs::RU
juice,сок,/sok/,[sound:al_ru_ru_juice.mp3],Google Cloud TTS<br>Voice: ru-RU-Standard-B,AnkiLangs::RU
July,июль,/ɪˈjulʲ/,[sound:al_ru_ru_july.mp3],Google Cloud TTS<br>Voice: ru-RU-Standard-B,AnkiLangs::RU
June,июнь,/ɪˈjunʲ/,[sound:al_ru_ru_june.mp3],Google Cloud TTS<br>Voice: ru-RU-Standard-A,AnkiLangs::RU
left,левый,/ˈlʲevɨj/,[sound:al_ru_ru_left.mp3],Google Cloud TTS<br>Voice: ru-RU-Standard-B,AnkiLangs::RU
"light [opposite of ""dark""]",светлый,/ˈsvʲetɫɨj/,[sound:al_ru_ru_light_opposite_of_dark.mp3],Google Cloud TTS<br>Voice: ru-RU-Standard-A,AnkiLangs::RU
"light [opposite of ""heavy""]",лёгкий,/ˈlʲɵxkʲɪj/,[sound:al_ru_ru_light_opposite_of_heavy.mp3],Google Cloud TTS<br>Voice: ru-RU-Standard-A,AnkiLangs::RU
light blue,голубой,/ɡəɫʊˈboj/,[sound:al_ru_ru_light_blue.mp3],Google Cloud TTS<br>Voice: ru-RU-Standard-B,AnkiLangs::RU
long,длинный,/ˈdlʲinnɨj/,[sound:al_ru_ru_long.mp3],Google Cloud TTS<br>Voice: ru-RU-Standard-B,AnkiLangs::RU
loose,свободный,/svɐˈbodnɨj/,[sound:al_ru_ru_loose.mp3],Google Cloud TTS<br>Voice: ru-RU-Standard-B,AnkiLangs::RU
loud,громкий,/ˈɡromkʲɪj/,[sound:al_ru_ru_loud.mp3],Google Cloud TTS<br>Voice: ru-RU-Standard-B,AnkiLangs::RU
low,низкий,/ˈnʲiskʲɪj/,[sound:al_ru_ru_low.mp3],Google Cloud TTS<br>Voice: ru-RU-Standard-A,AnkiLangs::RU
lunch,обед,/ɐˈbʲet/,[sound:al_ru_ru_lunch.mp3],Google Cloud TTS<br>Voice: ru-RU-Standard-A,AnkiLangs::RU
male,мужской,/mʊʂˈskoj/,[sound:al_ru_ru_male.mp3],Google Cloud TTS<br>Voice: ru-RU-Standard-B,AnkiLangs::RU
March,март,/mart/,[sound:al_ru_ru_march.mp3],Google Cloud TTS<br>Voice: ru-RU-Standard-A,AnkiLangs::RU
marriage,брак,/brak/,[sound:al_ru_ru_marriage.mp3],Google Cloud TTS<br>Voice: ru-RU-Standard-A,AnkiLangs::RU
material,материал,/mətʲɪrʲɪˈaɫ/,[sound:al_ru_ru_material.mp3],Google Cloud TTS<br>Voice: ru-RU-Standard-A,AnkiLangs::RU
May,май,/maj/,[sound:al_ru_ru_may.mp3],Google Cloud TTS<br>Voice: ru-RU-Standard-A,AnkiLangs::RU
mean,подлый,/ˈpodɫɨj/,[sound:al_ru_ru_mean.mp3],Google Cloud TTS<br>Voice: ru-RU-Standard-A,AnkiLangs::RU
medicine,лекарство,/lʲɪˈkarstvə/,[sound:al_ru_ru_medicine.mp3],Google Cloud TTS<br>Voice: ru-RU-Standard-B,AnkiLangs::RU
metal,металл,/mʲɪˈtaɫ/,[sound:al_ru_ru_metal.mp3],Google Cloud TTS<br>Voice: ru-RU-Standard-A,AnkiLangs::RU
milk,молоко,/məɫɐˈko/,[sound:al_ru_ru_milk.mp3],Google Cloud TTS<br>Voice: ru-RU-Standard-B,AnkiLangs::RU
Monday,понедельник,/pənʲɪˈdʲelʲnʲɪk/,[sound:al_ru_ru_monday.mp3],Google Cloud TTS<br>Voice: ru-RU-Standard-B,AnkiLangs::RU
money,деньги,/ˈdʲenʲɡʲɪ/,[sound:al_ru_ru_money.mp3],Google Cloud TTS<br>Voice: ru-RU-Standard-B,AnkiLangs::RU
murder,убийство,/ʊˈbʲijstvə/,[sound:al_ru_ru_murder.mp3],Google Cloud TTS<br>Voice: ru-RU-Standard-B,AnkiLangs::RU
music,музыка,/ˈmuzɨkə/,[sound:al_ru_ru_music.mp3],Google Cloud TTS<br>Voice: ru-RU-Standard-A,AnkiLangs::RU
narrow,узкий,/ˈuskʲɪj/,[sound:al_ru_ru_narrow.mp3],Google Cloud TTS<br>Voice: ru-RU-Standard-A,AnkiLangs::RU
nature,природа,/prʲɪˈrodə/,[sound:al_ru_ru_nature.mp3],Google Cloud TTS<br>Voice: ru-RU-Standard-B,AnkiLangs::RU
new,новый,/ˈnovɨj/,[sound:al_ru_ru_new.mp3],Google Cloud TTS<br>Voice: ru-RU-Standard-B,AnkiLangs::RU
nice,милый,/ˈmʲiɫɨj/,[sound:al_ru_ru_nice.mp3],Google Cloud TTS<br>Voice: ru-RU-Standard-A,AnkiLangs::RU
nine (9),девять,/ˈdʲevʲɪtʲ/,[sound:al_ru_ru_nine_9.mp3],Google Cloud TTS<br>Voice: ru-RU-Standard-B,AnkiLangs::RU
nineteen (19),девятнадцать,/dʲɪvʲɪtˈnat͡sətʲ/,[sound:al_ru_ru_nineteen_19.mp3],Google Cloud TTS<br>Voice: ru-RU-Standard-B,AnkiLangs::RU
ninety (90),девяносто,/dʲɪvʲɪˈnostə/,[sound:al_ru_ru_ninety_90.mp3],Google Cloud TTS<br>Voice: ru-RU-Standard-A,AnkiLangs::RU
ninety-one (91),девяносто один,/dʲɪvʲɪˈnostə ɐˈdʲin/,[sound:al_ru_ru_ninety_one_91.mp3],Google Cloud TTS<br>Voice: ru-RU-Standard-B,AnkiLangs::RU
ninety-two (92),девяносто два,/dʲɪvʲɪˈnostə dva/,[sound:al_ru_ru_ninety_two_92.mp3],Google Cloud TTS<br>Voice: ru-RU-Standard-A,AnkiLangs::RU
no,нет,/nʲet/,[sound:al_ru_ru_no.mp3],Google Cloud TTS<br>Voice: ru-RU-Standard-B,AnkiLangs::RU
November,ноябрь,/nɐˈjabrʲ/,[sound:al_ru_ru_november.mp3],Google Cloud TTS<br>Voice: ru-RU-Standard-A,AnkiLangs::RU
nuclear,ядерный,/ˈjadʲɪrnɨj/,[sound:al_ru_ru_nuclear.mp3],Google Cloud TTS<br>Voice: ru-RU-Standard-A,AnkiLangs::RU
October,октябрь,/ɐkˈtʲabrʲ/,[sound:al_ru_ru_october.mp3],Google Cloud TTS<br>Voice: ru-RU-Standard-B,AnkiLangs::RU
oil,масло,/ˈmasɫə/,[sound:al_ru_ru_oil.mp3],Google Cloud TTS<br>Voice: ru-RU-Standard-A,AnkiLangs::RU
"old [opposite of ""new""]",старый,/ˈstarɨj/,[sound:al_ru_ru_old_opposite_of_new.mp3],Google Cloud TTS<br>Voice: ru-RU-Standard-A,AnkiLangs::RU
"old [opposite of ""young""]",пожилой,/pɐʐɨˈɫoj/,[sound:al_ru_ru_old_opposite_of_young.mp3],Google Cloud TTS<br>Voice: ru-RU-Standard-B,AnkiLangs::RU
one (1),один,/ɐˈdʲin/,[sound:al_ru_ru_one_1.mp3],Google Cloud TTS<br>Voice: ru-RU-Standard-A,AnkiLangs::RU
"one billion (1,000,000,000)",миллиард,/mʲɪlʲɪˈart/,[sound:al_ru_ru_one_billion_1_000_000_000.mp3],Google Cloud TTS<br>Voice: ru-RU-Standard-A,AnkiLangs::RU
one hundred (100),сто,/sto/,[sound:al_ru_ru_one_hundred_100.mp3],Google Cloud TTS<br>Voice: ru-RU-Standard-B,AnkiLangs::RU
one hundred eleven (111),сто одиннадцать,/sto ɐˈdʲinət͡sətʲ/,[sound:al_ru_ru_one_hundred_eleven_111.mp3],Google Cloud TTS<br>Voice: ru-RU-Standard-B,AnkiLangs::RU
one hundred one (101),сто один,/sto ɐˈdʲin/,[sound:al_ru_ru_one_hundred_one_101.mp3],Google Cloud TTS<br>Voice: ru-RU-Standard-A,AnkiLangs::RU
one hundred ten (110),сто десять,/sto ˈdʲesʲɪtʲ/,[sound:al_ru_ru_one_hundred_ten_110.mp3],Google Cloud TTS<br>Voice: ru-RU-Standard-A,AnkiLangs::RU
"one hundred thousand (100,000)",сто тысяч,/sto ˈtɨsʲɪtɕ/,[sound:al_ru_ru_one_hundred_thousand_100_000.mp3],Google Cloud TTS<br>Voice: ru-RU-Standard-B,AnkiLangs::RU
one hundred two (102),сто два,/sto dva/,[sound:al_ru_ru_one_hundred_two_102.mp3],Google Cloud TTS<br>Voice: ru-RU-Standard-B,AnkiLangs::RU
"one million (1,000,000)",миллион,/mʲɪlʲɪˈon/,[sound:al_ru_ru_one_million_1_000_000.mp3],Google Cloud TTS<br>Voice: ru-RU-Standard-A,AnkiLangs::RU
one thousand (1000),тысяча,/ˈtɨsʲɪt͡ɕə/,[sound:al_ru_ru_one_thousand_1000.mp3],Google Cloud TTS<br>Voice: ru-RU-Standard-A,AnkiLangs::RU
one thousand one (1001),тысяча один,/ˈtɨsʲɪt͡ɕə ɐˈdʲin/,[sound:al_ru_ru_one_thousand_one_1001.mp3],Google Cloud TTS<br>Voice: ru-RU-Standard-A,AnkiLangs::RU
orange,оранжевый,/ɐˈranʐɨvɨj/,[sound:al_ru_ru_orange.mp3],Google Cloud TTS<br>Voice: ru-RU-Standard-A,AnkiLangs::RU
pain,боль,/bolʲ/,[sound:al_ru_ru_pain.mp3],Google Cloud TTS<br>Voice: ru-RU-Standard-A,AnkiLangs::RU
peace,мир,/mʲir/,[sound:al_ru_ru_peace.mp3],Google Cloud TTS<br>Voice: ru-RU-Standard-B,AnkiLangs::RU
pink,розовый,/ˈrozəvɨj/,[sound:al_ru_ru_pink.mp3],Google Cloud TTS<br>Voice: ru-RU-Standard-A,AnkiLangs::RU
plastic,пластик,/ˈpɫastʲɪk/,[sound:al_ru_ru_plastic.mp3],Google Cloud TTS<br>Voice: ru-RU-Standard-A,AnkiLangs::RU
poison,яд,/jat/,[sound:al_ru_ru_poison.mp3],Google Cloud TTS<br>Voice: ru-RU-Standard-A,AnkiLangs::RU
poor,бедный,/ˈbʲednɨj/,[sound:al_ru_ru_poor.mp3],Google Cloud TTS<br>Voice: ru-RU-Standard-B,AnkiLangs::RU
prison,тюрьма,/tʲʊrʲˈma/,[sound:al_ru_ru_prison.mp3],Google Cloud TTS<br>Voice: ru-RU-Standard-A,AnkiLangs::RU
quiet,тихий,/ˈtʲixʲɪj/,[sound:al_ru_ru_quiet.mp3],Google Cloud TTS<br>Voice: ru-RU-Standard-B,AnkiLangs::RU
race [ethnicity],раса,/ˈrasə/,[sound:al_ru_ru_race_ethnicity.mp3],Google Cloud TTS<br>Voice: ru-RU-Standard-B,AnkiLangs::RU
race [sport],гонка,/ˈɡonkə/,[sound:al_ru_ru_race_sport.mp3],Google Cloud TTS<br>Voice: ru-RU-Standard-A,AnkiLangs::RU
red,красный,/ˈkrasnɨj/,[sound:al_ru_ru_red.mp3],Google Cloud TTS<br>Voice: ru-RU-Standard-A,AnkiLangs::RU
relationship,отношения,/ɐtnɐˈʂenʲɪjə/,[sound:al_ru_ru_relationship.mp3],Google Cloud TTS<br>Voice: ru-RU-Standard-B,AnkiLangs::RU
religion,религия,/rʲɪˈlʲiɡʲɪjə/,[sound:al_ru_ru_religion.mp3],Google Cloud TTS<br>Voice: ru-RU-Standard-B,AnkiLangs::RU
rice,рис,/rʲis/,[sound:al_ru_ru_rice.mp3],Google Cloud TTS<br>Voice: ru-RU-Standard-B,AnkiLangs::RU
rich,богатый,/bɐˈɡatɨj/,[sound:al_ru_ru_rich.mp3],Google Cloud TTS<br>Voice: ru-RU-Standard-B,AnkiLangs::RU
right,правый,/ˈpravɨj/,[sound:al_ru_ru_right.mp3],Google Cloud TTS<br>Voice: ru-RU-Standard-B,AnkiLangs::RU
sad,грустный,/ˈɡrusnɨj/,[sound:al_ru_ru_sad.mp3],Google Cloud TTS<br>Voice: ru-RU-Standard-A,AnkiLangs::RU
salt,соль,/solʲ/,[sound:al_ru_ru_salt.mp3],Google Cloud TTS<br>Voice: ru-RU-Standard-A,AnkiLangs::RU
Saturday,суббота,/sʊˈbotə/,[sound:al_ru_ru_saturday.mp3],Google Cloud TTS<br>Voice: ru-RU-Standard-A,AnkiLangs::RU
science,наука,/nɐˈukə/,[sound:al_ru_ru_science.mp3],Google Cloud TTS<br>Voice: ru-RU-Standard-A,AnkiLangs::RU
second (2nd),второй,/ftɐˈroj/,[sound:al_ru_ru_second_2nd.mp3],Google Cloud TTS<br>Voice: ru-RU-Standard-B,AnkiLangs::RU
September,сентябрь,/sʲɪnˈtʲabrʲ/,[sound:al_ru_ru_september.mp3],Google Cloud TTS<br>Voice: ru-RU-Standard-A,AnkiLangs::RU
seven (7),семь,/sʲemʲ/,[sound:al_ru_ru_seven_7.mp3],Google Cloud TTS<br>Voice: ru-RU-Standard-A,AnkiLangs::RU
seventeen (17),семнадцать,/sʲɪmˈnat͡sətʲ/,[sound:al_ru_ru_seventeen_17.mp3],Google Cloud TTS<br>Voice: ru-RU-Standard-A,AnkiLangs::RU
seventy (70),семьдесят,/ˈsʲemʲdʲɪsʲət/,[sound:al_ru_ru_seventy_70.mp3],Google Cloud TTS<br>Voice: ru-RU-Standard-A,AnkiLangs::RU
seventy-one (71),семьдесят один,/ˈsʲemʲdʲɪsʲət ɐˈdʲin/,[sound:al_ru_ru_seventy_one_71.mp3],Google Cloud TTS<br>Voice: ru-RU-Standard-A,AnkiLangs::RU
seventy-two (72),семьдесят два,/ˈsʲemʲdʲɪsʲət dva/,[sound:al_ru_ru_seventy_two_72.mp3],Google Cloud TTS<br>Voice: ru-RU-Standard-A,AnkiLangs::RU
sex [gender],пол,/poɫ/,[sound:al_ru_ru_sex_gender.mp3],Google Cloud TTS<br>Voice: ru-RU-Standard-A,AnkiLangs::RU
sex [the act],секс,/sʲɛks/,[sound:al_ru_ru_sex_the_act.mp3],Google Cloud TTS<br>Voice: ru-RU-Standard-A,AnkiLangs::RU
shallow,мелкий,/ˈmʲelkʲɪj/,[sound:al_ru_ru_shallow.mp3],Google Cloud TTS<br>Voice: ru-RU-Standard-A,AnkiLangs::RU
she,она,/ɐˈna/,[sound:al_ru_ru_she.mp3],Google Cloud TTS<br>Voice: ru-RU-Standard-B,AnkiLangs::RU
"short [opposite of ""long""]",короткий,/kɐˈrotkʲɪj/,[sound:al_ru_ru_short_opposite_of_long.mp3],Google Cloud TTS<br>Voice: ru-RU-Standard-A,AnkiLangs::RU
"short [opposite of ""tall""]",низкий,/ˈnʲiskʲɪj/,[sound:al_ru_ru_short_opposite_of_tall.mp3],Google Cloud TTS<br>Voice: ru-RU-Standard-A,AnkiLangs::RU
sick,больной,/bɐlʲˈnoj/,[sound:al_ru_ru_sick.mp3],Google Cloud TTS<br>Voice: ru-RU-Standard-B,AnkiLangs::RU
silver,серебро,/sʲɪrʲɪˈbro/,[sound:al_ru_ru_silver.mp3],Google Cloud TTS<br>Voice: ru-RU-Standard-B,AnkiLangs::RU
six (6),шесть,/ʂɛstʲ/,[sound:al_ru_ru_six_6.mp3],Google Cloud TTS<br>Voice: ru-RU-Standard-A,AnkiLangs::RU
sixteen (16),шестнадцать,/ʂɨsˈnat͡sətʲ/,[sound:al_ru_ru_sixteen_16.mp3],Google Cloud TTS<br>Voice: ru-RU-Standard-A,AnkiLangs::RU
sixty (60),шестьдесят,/ʂɨʐˈdʲesʲət/,[sound:al_ru_ru_sixty_60.mp3],Google Cloud TTS<br>Voice: ru-RU-Standard-B,AnkiLangs::RU
sixty-one (61),шестьдесят один,/ʂɨʐˈdʲesʲət ɐˈdʲin/,[sound:al_ru_ru_sixty_one_61.mp3],Google Cloud TTS<br>Voice: ru-RU-Standard-A,AnkiLangs::RU
sixty-two (62),шестьдесят два,/ʂɨʐˈdʲesʲət dva/,[sound:al_ru_ru_sixty_two_62.mp3],Google Cloud TTS<br>Voice: ru-RU-Standard-B,AnkiLangs::RU
slow,медленный,/ˈmʲedlʲɪnːɨj/,[sound:al_ru_ru_slow.mp3],Google Cloud TTS<br>Voice: ru-RU-Standard-B,AnkiLangs::RU
small / little,маленький,/ˈmalʲɪnʲkʲɪj/,[sound:al_ru_ru_small_little.mp3],Google Cloud TTS<br>Voice: ru-RU-Standard-A,AnkiLangs::RU
soft,мягкий,/ˈmʲæxkʲɪj/,[sound:al_ru_ru_soft.mp3],Google Cloud TTS<br>Voice: ru-RU-Standard-A,AnkiLangs::RU
soil/earth [ground],земля,/zʲɪˈmlʲa/,[sound:al_ru_ru_soil_earth_ground.mp3],Google Cloud TTS<br>Voice: ru-RU-Standard-A,AnkiLangs::RU
space (outer space),космос,/ˈkosmɔs/,[sound:al_ru_ru_space_outer_space.mp3],Google Cloud TTS<br>Voice: ru-RU-Standard-B,AnkiLangs::RU
sport,спорт,/sport/,[sound:al_ru_ru_sport.mp3],Google Cloud TTS<br>Voice: ru-RU-Standard-B,AnkiLangs::RU
stone,камень,/ˈkamʲɪnʲ/,[sound:al_ru_ru_stone.mp3],Google Cloud TTS<br>Voice: ru-RU-Standard-B,AnkiLangs::RU
straight,прямой,/prʲɪˈmoj/,[sound:al_ru_ru_straight.mp3],Google Cloud TTS<br>Voice: ru-RU-Standard-B,AnkiLangs::RU
strong,сильный,/ˈsʲilʲnɨj/,[sound:al_ru_ru_strong.mp3],Google Cloud TTS<br>Voice: ru-RU-Standard-B,AnkiLangs::RU
sugar,сахар,/ˈsaxər/,[sound:al_ru_ru_sugar.mp3],Google Cloud TTS<br>Voice: ru-RU-Standard-A,AnkiLangs::RU
Sunday,воскресенье,/vəskrʲɪˈsʲenʲjə/,[sound:al_ru_ru_sunday.mp3],Google Cloud TTS<br>Voice: ru-RU-Standard-A,AnkiLangs::RU
sweat,пот,/pot/,[sound:al_ru_ru_sweat.mp3],Google Cloud TTS<br>Voice: ru-RU-Standard-A,AnkiLangs::RU
tall,высокий,/vɨˈsokʲɪj/,[sound:al_ru_ru_tall.mp3],Google Cloud TTS<br>Voice: ru-RU-Standard-B,AnkiLangs::RU
tea,чай,/t͡ɕaj/,[sound:al_ru_ru_tea.mp3],Google Cloud TTS<br>Voice: ru-RU-Standard-B,AnkiLangs::RU
technology,технология,/tʲɪxnɐˈɫoɡʲɪjə/,[sound:al_ru_ru_technology.mp3],Google Cloud TTS<br>Voice: ru-RU-Standard-A,AnkiLangs::RU
temperature,температура,/tʲɪmpʲɪrɐˈturə/,[sound:al_ru_ru_temperature.mp3],Google Cloud TTS<br>Voice: ru-RU-Standard-A,AnkiLangs::RU
ten (10),десять,/ˈdʲesʲɪtʲ/,[sound:al_ru_ru_ten_10.mp3],Google Cloud TTS<br>Voice: ru-RU-Standard-A,AnkiLangs::RU
"ten thousand (10,000)",десять тысяч,/ˈdʲesʲɪtʲ ˈtɨsʲɪtɕ/,[sound:al_ru_ru_ten_thousand_10_000.mp3],Google Cloud TTS<br>Voice: ru-RU-Standard-A,AnkiLangs::RU
the (train) ticket,билет,/bʲɪˈlʲet/,[sound:al_ru_ru_the_train_ticket.mp3],Google Cloud TTS<br>Voice: ru-RU-Standard-B,AnkiLangs::RU
the actor,актёр,/ɐkˈtʲɵr/,[sound:al_ru_ru_the_actor.mp3],Google Cloud TTS<br>Voice: ru-RU-Standard-A,AnkiLangs::RU
the adjective,прилагательное,/prʲɪɫɐˈɡatʲɪlʲnəjə/,[sound:al_ru_ru_the_adjective.mp3],Google Cloud TTS<br>Voice: ru-RU-Standard-B,AnkiLangs::RU
the adult,взрослый,/ˈvzrosɫɨj/,[sound:al_ru_ru_the_adult.mp3],Google Cloud TTS<br>Voice: ru-RU-Standard-A,AnkiLangs::RU
the afternoon,день,/dʲenʲ/,[sound:al_ru_ru_the_afternoon.mp3],Google Cloud TTS<br>Voice: ru-RU-Standard-B,AnkiLangs::RU
the air,воздух,/ˈvozdʊx/,[sound:al_ru_ru_the_air.mp3],Google Cloud TTS<br>Voice: ru-RU-Standard-B,AnkiLangs::RU
the airport,аэропорт,/əɛrɐˈport/,[sound:al_ru_ru_the_airport.mp3],Google Cloud TTS<br>Voice: ru-RU-Standard-A,AnkiLangs::RU
the animal,животное,/ʐɨˈvotnəjə/,[sound:al_ru_ru_the_animal.mp3],Google Cloud TTS<br>Voice: ru-RU-Standard-A,AnkiLangs::RU
the apartment,квартира,/kvɐrˈtʲirə/,[sound:al_ru_ru_the_apartment.mp3],Google Cloud TTS<br>Voice: ru-RU-Standard-B,AnkiLangs::RU
the apple,яблоко,/ˈjabɫəkə/,[sound:al_ru_ru_the_apple.mp3],Google Cloud TTS<br>Voice: ru-RU-Standard-A,AnkiLangs::RU
the arm,рука,/rʊˈka/,[sound:al_ru_ru_the_arm.mp3],Google Cloud TTS<br>Voice: ru-RU-Standard-A,AnkiLangs::RU
the army,армия,/ˈarmʲɪjə/,[sound:al_ru_ru_the_army.mp3],Google Cloud TTS<br>Voice: ru-RU-Standard-A,AnkiLangs::RU
the artist,художник,/xʊˈdoʐnʲɪk/,[sound:al_ru_ru_the_artist.mp3],Google Cloud TTS<br>Voice: ru-RU-Standard-A,AnkiLangs::RU
the attack,атака,/ɐˈtakə/,[sound:al_ru_ru_the_attack.mp3],Google Cloud TTS<br>Voice: ru-RU-Standard-A,AnkiLangs::RU
the author,автор,/ˈaftər/,[sound:al_ru_ru_the_author.mp3],Google Cloud TTS<br>Voice: ru-RU-Standard-A,AnkiLangs::RU
the baby,ребёнок,/rʲɪˈbʲɵnək/,[sound:al_ru_ru_the_baby.mp3],Google Cloud TTS<br>Voice: ru-RU-Standard-B,AnkiLangs::RU
the back [anatomy],спина,/spʲɪˈna/,[sound:al_ru_ru_the_back_anatomy.mp3],Google Cloud TTS<br>Voice: ru-RU-Standard-B,AnkiLangs::RU
the back [location],задняя часть,/ˈzadnʲəjə t͡ɕæstʲ/,[sound:al_ru_ru_the_back_location.mp3],Google Cloud TTS<br>Voice: ru-RU-Standard-B,AnkiLangs::RU
the bag,сумка,/ˈsumkə/,[sound:al_ru_ru_the_bag.mp3],Google Cloud TTS<br>Voice: ru-RU-Standard-A,AnkiLangs::RU
the ball,мяч,/mʲæt͡ɕ/,[sound:al_ru_ru_the_ball.mp3],Google Cloud TTS<br>Voice: ru-RU-Standard-B,AnkiLangs::RU
the banana,банан,/bɐˈnan/,[sound:al_ru_ru_the_banana.mp3],Google Cloud TTS<br>Voice: ru-RU-Standard-A,AnkiLangs::RU
the band [music],группа,/ˈɡrupə/,[sound:al_ru_ru_the_band_music.mp3],Google Cloud TTS<br>Voice: ru-RU-Standard-A,AnkiLangs::RU
the bank,банк,/bank/,[sound:al_ru_ru_the_bank.mp3],Google Cloud TTS<br>Voice: ru-RU-Standard-B,AnkiLangs::RU
the bar,бар,/bar/,[sound:al_ru_ru_the_bar.mp3],Google Cloud TTS<br>Voice: ru-RU-Standard-A,AnkiLangs::RU
the bathroom,ванная,/ˈvanːəjə/,[sound:al_ru_ru_the_bathroom.mp3],Google Cloud TTS<br>Voice: ru-RU-Standard-B,AnkiLangs::RU
the beach,пляж,/pɫʲæʂ/,[sound:al_ru_ru_the_beach.mp3],Google Cloud TTS<br>Voice: ru-RU-Standard-B,AnkiLangs::RU
the beard,борода,/bɐrɐˈda/,[sound:al_ru_ru_the_beard.mp3],Google Cloud TTS<br>Voice: ru-RU-Standard-B,AnkiLangs::RU
the bed,кровать,/krɐˈvatʲ/,[sound:al_ru_ru_the_bed.mp3],Google Cloud TTS<br>Voice: ru-RU-Standard-B,AnkiLangs::RU
the bedroom,спальня,/ˈspalʲnʲə/,[sound:al_ru_ru_the_bedroom.mp3],Google Cloud TTS<br>Voice: ru-RU-Standard-B,AnkiLangs::RU
the beef,говядина,/ɡɐˈvʲædʲɪnə/,[sound:al_ru_ru_the_beef.mp3],Google Cloud TTS<br>Voice: ru-RU-Standard-B,AnkiLangs::RU
the beverage,напиток,/nɐˈpʲitək/,[sound:al_ru_ru_the_beverage.mp3],Google Cloud TTS<br>Voice: ru-RU-Standard-A,AnkiLangs::RU
the bicycle,велосипед,/vʲɪɫəsʲɪˈpʲet/,[sound:al_ru_ru_the_bicycle.mp3],Google Cloud TTS<br>Voice: ru-RU-Standard-A,AnkiLangs::RU
the bill [bank note],банкнота,/bɐnkˈnotə/,[sound:al_ru_ru_the_bill_bank_note.mp3],Google Cloud TTS<br>Voice: ru-RU-Standard-B,AnkiLangs::RU
the bird,птица,/ˈptʲit͡sə/,[sound:al_ru_ru_the_bird.mp3],Google Cloud TTS<br>Voice: ru-RU-Standard-A,AnkiLangs::RU
the boat,лодка,/ˈɫotkə/,[sound:al_ru_ru_the_boat.mp3],Google Cloud TTS<br>Voice: ru-RU-Standard-A,AnkiLangs::RU
the body,тело,/ˈtʲeɫə/,[sound:al_ru_ru_the_body.mp3],Google Cloud TTS<br>Voice: ru-RU-Standard-A,AnkiLangs::RU
the bone,кость,/kostʲ/,[sound:al_ru_ru_the_bone.mp3],Google Cloud TTS<br>Voice: ru-RU-Standard-B,AnkiLangs::RU
the book,книга,/ˈknʲiɡə/,[sound:al_ru_ru_the_book.mp3],Google Cloud TTS<br>Voice: ru-RU-Standard-A,AnkiLangs::RU
the bottle,бутылка,/bʊˈtɨɫkə/,[sound:al_ru_ru_the_bottle.mp3],Google Cloud TTS<br>Voice: ru-RU-Standard-A,AnkiLangs::RU
the bottom,низ,/nʲis/,[sound:al_ru_ru_the_bottom.mp3],Google Cloud TTS<br>Voice: ru-RU-Standard-B,AnkiLangs::RU
the box,коробка,/kɐˈropkə/,[sound:al_ru_ru_the_box.mp3],Google Cloud TTS<br>Voice: ru-RU-Standard-A,AnkiLangs::RU
the boy,мальчик,/ˈmalʲt͡ɕɪk/,[sound:al_ru_ru_the_boy.mp3],Google Cloud TTS<br>Voice: ru-RU-Standard-A,AnkiLangs::RU
the brain,мозг,/mosk/,[sound:al_ru_ru_the_brain.mp3],Google Cloud TTS<br>Voice: ru-RU-Standard-A,AnkiLangs::RU
the bread,хлеб,/xlʲep/,[sound:al_ru_ru_the_bread.mp3],Google Cloud TTS<br>Voice: ru-RU-Standard-A,AnkiLangs::RU
the bridge,мост,/most/,[sound:al_ru_ru_the_bridge.mp3],Google Cloud TTS<br>Voice: ru-RU-Standard-A,AnkiLangs::RU
the brother,брат,/brat/,[sound:al_ru_ru_the_brother.mp3],Google Cloud TTS<br>Voice: ru-RU-Standard-A,AnkiLangs::RU
the building,здание,/ˈzdanʲɪje/,[sound:al_ru_ru_the_building.mp3],Google Cloud TTS<br>Voice: ru-RU-Standard-A,AnkiLangs::RU
the bus,автобус,/ɐftɐˈbus/,[sound:al_ru_ru_the_bus.mp3],Google Cloud TTS<br>Voice: ru-RU-Standard-B,AnkiLangs::RU
the cake,торт,/tort/,[sound:al_ru_ru_the_cake.mp3],Google Cloud TTS<br>Voice: ru-RU-Standard-A,AnkiLangs::RU
the camera,камера,/ˈkamʲɪrə/,[sound:al_ru_ru_the_camera.mp3],Google Cloud TTS<br>Voice: ru-RU-Standard-A,AnkiLangs::RU
the camp,лагерь,/ˈɫaɡʲɪrʲ/,[sound:al_ru_ru_the_camp.mp3],Google Cloud TTS<br>Voice: ru-RU-Standard-A,AnkiLangs::RU
the car,машина,/mɐˈʂɨnə/,[sound:al_ru_ru_the_car.mp3],Google Cloud TTS<br>Voice: ru-RU-Standard-A,AnkiLangs::RU
the card,карта,/ˈkartə/,[sound:al_ru_ru_the_card.mp3],Google Cloud TTS<br>Voice: ru-RU-Standard-B,AnkiLangs::RU
the cat,кот,/kot/,[sound:al_ru_ru_the_cat.mp3],Google Cloud TTS<br>Voice: ru-RU-Standard-B,AnkiLangs::RU
the ceiling,потолок,/pətɐˈɫok/,[sound:al_ru_ru_the_ceiling.mp3],Google Cloud TTS<br>Voice: ru-RU-Standard-B,AnkiLangs::RU
the cell phone,мобильный телефон,/mɐˈbʲilʲnɨj tʲɪlʲɪˈfon/,[sound:al_ru_ru_the_cell_phone.mp3],Google Cloud TTS<br>Voice: ru-RU-Standard-A,AnkiLangs::RU
the centimeter,сантиметр,/sɐnʲtʲɪˈmʲetr/,[sound:al_ru_ru_the_centimeter.mp3],Google Cloud TTS<br>Voice: ru-RU-Standard-B,AnkiLangs::RU
the chair,стул,/stul/,[sound:al_ru_ru_the_chair.mp3],Google Cloud TTS<br>Voice: ru-RU-Standard-A,AnkiLangs::RU
the cheese,сыр,/sɨr/,[sound:al_ru_ru_the_cheese.mp3],Google Cloud TTS<br>Voice: ru-RU-Standard-B,AnkiLangs::RU
the chicken,курица,/ˈkurʲɪt͡sə/,[sound:al_ru_ru_the_chicken.mp3],Google Cloud TTS<br>Voice: ru-RU-Standard-B,AnkiLangs::RU
the child,ребёнок,/rʲɪˈbʲɵnək/,[sound:al_ru_ru_the_child.mp3],Google Cloud TTS<br>Voice: ru-RU-Standard-A,AnkiLangs::RU
the church,церковь,/ˈt͡sɛrkəfʲ/,[sound:al_ru_ru_the_church.mp3],Google Cloud TTS<br>Voice: ru-RU-Standard-B,AnkiLangs::RU
the circle,круг,/kruk/,[sound:al_ru_ru_the_circle.mp3],Google Cloud TTS<br>Voice: ru-RU-Standard-B,AnkiLangs::RU
the city,город,/ˈɡorət/,[sound:al_ru_ru_the_city.mp3],Google Cloud TTS<br>Voice: ru-RU-Standard-B,AnkiLangs::RU
the clock,часы,/tɕɪˈsɨ/,[sound:al_ru_ru_the_clock.mp3],Google Cloud TTS<br>Voice: ru-RU-Standard-A,AnkiLangs::RU
the clothing,одежда,/ɐˈdʲeʐdə/,[sound:al_ru_ru_the_clothing.mp3],Google Cloud TTS<br>Voice: ru-RU-Standard-A,AnkiLangs::RU
the club,клуб,/kɫup/,[sound:al_ru_ru_the_club.mp3],Google Cloud TTS<br>Voice: ru-RU-Standard-B,AnkiLangs::RU
the coat,пальто,/pɐlʲˈto/,[sound:al_ru_ru_the_coat.mp3],Google Cloud TTS<br>Voice: ru-RU-Standard-A,AnkiLangs::RU
the color,цвет,/t͡svʲet/,[sound:al_ru_ru_the_color.mp3],Google Cloud TTS<br>Voice: ru-RU-Standard-A,AnkiLangs::RU
the computer,компьютер,/kɐmˈpʲjutʲɪr/,[sound:al_ru_ru_the_computer.mp3],Google Cloud TTS<br>Voice: ru-RU-Standard-A,AnkiLangs::RU
the consonant,согласная,/sɐˈɡɫasnəjə/,[sound:al_ru_ru_the_consonant.mp3],Google Cloud TTS<br>Voice: ru-RU-Standard-B,AnkiLangs::RU
the contract,контракт,/kɐnˈtrakt/,[sound:al_ru_ru_the_contract.mp3],Google Cloud TTS<br>Voice: ru-RU-Standard-A,AnkiLangs::RU
the corn,кукуруза,/kʊkʊˈruzə/,[sound:al_ru_ru_the_corn.mp3],Google Cloud TTS<br>Voice: ru-RU-Standard-B,AnkiLangs::RU
the corner,угол,/ˈuɡəɫ/,[sound:al_ru_ru_the_corner.mp3],Google Cloud TTS<br>Voice: ru-RU-Standard-A,AnkiLangs::RU
"the country (USA, France, etc.)",страна,/strɐˈna/,[sound:al_ru_ru_the_country_usa_france_etc.mp3],Google Cloud TTS<br>Voice: ru-RU-Standard-A,AnkiLangs::RU
the court,суд,/sut/,[sound:al_ru_ru_the_court.mp3],Google Cloud TTS<br>Voice: ru-RU-Standard-B,AnkiLangs::RU
the cow,корова,/kɐˈrovə/,[sound:al_ru_ru_the_cow.mp3],Google Cloud TTS<br>Voice: ru-RU-Standard-B,AnkiLangs::RU
the crowd,толпа,/tɐɫˈpa/,[sound:al_ru_ru_the_crowd.mp3],Google Cloud TTS<br>Voice: ru-RU-Standard-A,AnkiLangs::RU
the cup,чашка,/ˈt͡ɕæʂkə/,[sound:al_ru_ru_the_cup.mp3],Google Cloud TTS<br>Voice: ru-RU-Standard-B,AnkiLangs::RU
the date,дата,/ˈdatə/,[sound:al_ru_ru_the_date.mp3],Google Cloud TTS<br>Voice: ru-RU-Standard-B,AnkiLangs::RU
the daughter,дочь,/dot͡ɕ/,[sound:al_ru_ru_the_daughter.mp3],Google Cloud TTS<br>Voice: ru-RU-Standard-A,AnkiLangs::RU
the day,день,/dʲenʲ/,[sound:al_ru_ru_the_day.mp3],Google Cloud TTS<br>Voice: ru-RU-Standard-B,AnkiLangs::RU
the direction,направление,/nəprɐˈvlʲenʲɪje/,[sound:al_ru_ru_the_direction.mp3],Google Cloud TTS<br>Voice: ru-RU-Standard-A,AnkiLangs::RU
the doctor,врач,/vrat͡ɕ/,[sound:al_ru_ru_the_doctor.mp3],Google Cloud TTS<br>Voice: ru-RU-Standard-A,AnkiLangs::RU
the dog,собака,/sɐˈbakə/,[sound:al_ru_ru_the_dog.mp3],Google Cloud TTS<br>Voice: ru-RU-Standard-B,AnkiLangs::RU
the dollar,доллар,/ˈdoɫər/,[sound:al_ru_ru_the_dollar.mp3],Google Cloud TTS<br>Voice: ru-RU-Standard-A,AnkiLangs::RU
the door,дверь,/dvʲerʲ/,[sound:al_ru_ru_the_door.mp3],Google Cloud TTS<br>Voice: ru-RU-Standard-A,AnkiLangs::RU
the dot,точка,/ˈtot͡ɕkə/,[sound:al_ru_ru_the_dot.mp3],Google Cloud TTS<br>Voice: ru-RU-Standard-A,AnkiLangs::RU
the dream,мечта,/mʲɪt͡ɕˈta/,[sound:al_ru_ru_the_dream.mp3],Google Cloud TTS<br>Voice: ru-RU-Standard-B,AnkiLangs::RU
the dress,платье,/ˈpɫatʲjə/,[sound:al_ru_ru_the_dress.mp3],Google Cloud TTS<br>Voice: ru-RU-Standard-B,AnkiLangs::RU
the drug,наркотик,/nɐrˈkotʲɪk/,[sound:al_ru_ru_the_drug.mp3],Google Cloud TTS<br>Voice: ru-RU-Standard-A,AnkiLangs::RU
the ear,ухо,/ˈuxə/,[sound:al_ru_ru_the_ear.mp3],Google Cloud TTS<br>Voice: ru-RU-Standard-B,AnkiLangs::RU
the east,восток,/vɐˈstok/,[sound:al_ru_ru_the_east.mp3],Google Cloud TTS<br>Voice: ru-RU-Standard-A,AnkiLangs::RU
the edge,край,/kraj/,[sound:al_ru_ru_the_edge.mp3],Google Cloud TTS<br>Voice: ru-RU-Standard-B,AnkiLangs::RU
the egg,яйцо,/jɪjˈt͡so/,[sound:al_ru_ru_the_egg.mp3],Google Cloud TTS<br>Voice: ru-RU-Standard-B,AnkiLangs::RU
the election,выборы,/ˈvɨbərɨ/,[sound:al_ru_ru_the_election.mp3],Google Cloud TTS<br>Voice: ru-RU-Standard-B,AnkiLangs::RU
the engine,двигатель,/ˈdvʲiɡətʲɪlʲ/,[sound:al_ru_ru_the_engine.mp3],Google Cloud TTS<br>Voice: ru-RU-Standard-A,AnkiLangs::RU
the evening,вечер,/ˈvʲet͡ɕɪr/,[sound:al_ru_ru_the_evening.mp3],Google Cloud TTS<br>Voice: ru-RU-Standard-A,AnkiLangs::RU
the eye,глаз,/ɡɫas/,[sound:al_ru_ru_the_eye.mp3],Google Cloud TTS<br>Voice: ru-RU-Standard-B,AnkiLangs::RU
the face,лицо,/lʲɪˈt͡so/,[sound:al_ru_ru_the_face.mp3],Google Cloud TTS<br>Voice: ru-RU-Standard-B,AnkiLangs::RU
the Fall,осень,/ˈosʲɪnʲ/,[sound:al_ru_ru_the_fall.mp3],Google Cloud TTS<br>Voice: ru-RU-Standard-A,AnkiLangs::RU
the family,семья,/sʲɪˈmʲja/,[sound:al_ru_ru_the_family.mp3],Google Cloud TTS<br>Voice: ru-RU-Standard-A,AnkiLangs::RU
the fan [appliance],вентилятор,/vʲɪnʲtʲɪˈlʲatər/,[sound:al_ru_ru_the_fan_appliance.mp3],Google Cloud TTS<br>Voice: ru-RU-Standard-B,AnkiLangs::RU
the fan [person],фанат,/fɐˈnat/,[sound:al_ru_ru_the_fan_person.mp3],Google Cloud TTS<br>Voice: ru-RU-Standard-A,AnkiLangs::RU
the farm,ферма,/ˈfʲermə/,[sound:al_ru_ru_the_farm.mp3],Google Cloud TTS<br>Voice: ru-RU-Standard-B,AnkiLangs::RU
the father,отец,/ɐˈtʲet͡s/,[sound:al_ru_ru_the_father.mp3],Google Cloud TTS<br>Voice: ru-RU-Standard-A,AnkiLangs::RU
the finger,палец,/ˈpaɫʲɪt͡s/,[sound:al_ru_ru_the_finger.mp3],Google Cloud TTS<br>Voice: ru-RU-Standard-B,AnkiLangs::RU
the fire,огонь,/ɐˈɡonʲ/,[sound:al_ru_ru_the_fire.mp3],Google Cloud TTS<br>Voice: ru-RU-Standard-B,AnkiLangs::RU
the fish,рыба,/ˈrɨbə/,[sound:al_ru_ru_the_fish.mp3],Google Cloud TTS<br>Voice: ru-RU-Standard-A,AnkiLangs::RU
the floor,пол,/poɫ/,[sound:al_ru_ru_the_floor.mp3],Google Cloud TTS<br>Voice: ru-RU-Standard-A,AnkiLangs::RU
the flower,цветок,/t͡svʲɪˈtok/,[sound:al_ru_ru_the_flower.mp3],Google Cloud TTS<br>Voice: ru-RU-Standard-A,AnkiLangs::RU
the foot,ступня,/stʊpˈnʲa/,[sound:al_ru_ru_the_foot.mp3],Google Cloud TTS<br>Voice: ru-RU-Standard-A,AnkiLangs::RU
the foot [measurement],фут,/fut/,[sound:al_ru_ru_the_foot_measurement.mp3],Google Cloud TTS<br>Voice: ru-RU-Standard-A,AnkiLangs::RU
the forest,лес,/lʲes/,[sound:al_ru_ru_the_forest.mp3],Google Cloud TTS<br>Voice: ru-RU-Standard-B,AnkiLangs::RU
the fork,вилка,/ˈvʲiɫkə/,[sound:al_ru_ru_the_fork.mp3],Google Cloud TTS<br>Voice: ru-RU-Standard-A,AnkiLangs::RU
the friend,друг,/druk/,[sound:al_ru_ru_the_friend.mp3],Google Cloud TTS<br>Voice: ru-RU-Standard-B,AnkiLangs::RU
the front,перед,/ˈpʲerʲɪt/,[sound:al_ru_ru_the_front.mp3],Google Cloud TTS<br>Voice: ru-RU-Standard-A,AnkiLangs::RU
the game,игра,/ɪɡˈra/,[sound:al_ru_ru_the_game.mp3],Google Cloud TTS<br>Voice: ru-RU-Standard-A,AnkiLangs::RU
the garden,сад,/sat/,[sound:al_ru_ru_the_garden.mp3],Google Cloud TTS<br>Voice: ru-RU-Standard-B,AnkiLangs::RU
the gasoline,бензин,/bʲɪnˈzʲin/,[sound:al_ru_ru_the_gasoline.mp3],Google Cloud TTS<br>Voice: ru-RU-Standard-B,AnkiLangs::RU
the gift,подарок,/pɐˈdarək/,[sound:al_ru_ru_the_gift.mp3],Google Cloud TTS<br>Voice: ru-RU-Standard-A,AnkiLangs::RU
the girl,девочка,/ˈdʲevət͡ɕkə/,[sound:al_ru_ru_the_girl.mp3],Google Cloud TTS<br>Voice: ru-RU-Standard-B,AnkiLangs::RU
the grandfather,дедушка,/ˈdʲedʊʂkə/,[sound:al_ru_ru_the_grandfather.mp3],Google Cloud TTS<br>Voice: ru-RU-Standard-A,AnkiLangs::RU
the grandmother,бабушка,/ˈbabʊʂkə/,[sound:al_ru_ru_the_grandmother.mp3],Google Cloud TTS<br>Voice: ru-RU-Standard-A,AnkiLangs::RU
the grass,трава,/trɐˈva/,[sound:al_ru_ru_the_grass.mp3],Google Cloud TTS<br>Voice: ru-RU-Standard-A,AnkiLangs::RU
the ground,земля,/zʲɪˈmlʲa/,[sound:al_ru_ru_the_ground.mp3],Google Cloud TTS<br>Voice: ru-RU-Standard-B,AnkiLangs::RU
the gun,пистолет,/pʲɪstɐˈlʲet/,[sound:al_ru_ru_the_gun.mp3],Google Cloud TTS<br>Voice: ru-RU-Standard-B,AnkiLangs::RU
the hair,волосы,/ˈvoɫəsɨ/,[sound:al_ru_ru_the_hair.mp3],Google Cloud TTS<br>Voice: ru-RU-Standard-A,AnkiLangs::RU
the half,половина,/pəɫɐˈvʲinə/,[sound:al_ru_ru_the_half.mp3],Google Cloud TTS<br>Voice: ru-RU-Standard-A,AnkiLangs::RU
the hand,рука,/rʊˈka/,[sound:al_ru_ru_the_hand.mp3],Google Cloud TTS<br>Voice: ru-RU-Standard-A,AnkiLangs::RU
the hat,шляпа,/ˈʂlʲapə/,[sound:al_ru_ru_the_hat.mp3],Google Cloud TTS<br>Voice: ru-RU-Standard-A,AnkiLangs::RU
the head,голова,/ɡəɫɐˈva/,[sound:al_ru_ru_the_head.mp3],Google Cloud TTS<br>Voice: ru-RU-Standard-B,AnkiLangs::RU
the heart,сердце,/ˈsʲert͡sə/,[sound:al_ru_ru_the_heart.mp3],Google Cloud TTS<br>Voice: ru-RU-Standard-A,AnkiLangs::RU
the heat,жара,/ʐɐˈra/,[sound:al_ru_ru_the_heat.mp3],Google Cloud TTS<br>Voice: ru-RU-Standard-A,AnkiLangs::RU
the hill,холм,/xoɫm/,[sound:al_ru_ru_the_hill.mp3],Google Cloud TTS<br>Voice: ru-RU-Standard-B,AnkiLangs::RU
the hole,дыра,/dɨˈra/,[sound:al_ru_ru_the_hole.mp3],Google Cloud TTS<br>Voice: ru-RU-Standard-B,AnkiLangs::RU
the horse,лошадь,/ˈɫoʂətʲ/,[sound:al_ru_ru_the_horse.mp3],Google Cloud TTS<br>Voice: ru-RU-Standard-A,AnkiLangs::RU
the hospital,больница,/bɐlʲˈnʲit͡sə/,[sound:al_ru_ru_the_hospital.mp3],Google Cloud TTS<br>Voice: ru-RU-Standard-B,AnkiLangs::RU
the hotel,гостиница,/ɡɐˈsʲtʲinʲɪt͡sə/,[sound:al_ru_ru_the_hotel.mp3],Google Cloud TTS<br>Voice: ru-RU-Standard-A,AnkiLangs::RU
the hour,час,/t͡ɕas/,[sound:al_ru_ru_the_hour.mp3],Google Cloud TTS<br>Voice: ru-RU-Standard-A,AnkiLangs::RU
the house,дом,/dom/,[sound:al_ru_ru_the_house.mp3],Google Cloud TTS<br>Voice: ru-RU-Standard-B,AnkiLangs::RU
the human,человек,/tɕɪɫɐˈvʲek/,[sound:al_ru_ru_the_human.mp3],Google Cloud TTS<br>Voice: ru-RU-Standard-A,AnkiLangs::RU
the husband,муж,/muʂ/,[sound:al_ru_ru_the_husband.mp3],Google Cloud TTS<br>Voice: ru-RU-Standard-B,AnkiLangs::RU
the ice,лёд,/lʲɵt/,[sound:al_ru_ru_the_ice.mp3],Google Cloud TTS<br>Voice: ru-RU-Standard-A,AnkiLangs::RU
the image,изображение,/ɪzɐbrɐˈʐenʲɪje/,[sound:al_ru_ru_the_image.mp3],Google Cloud TTS<br>Voice: ru-RU-Standard-A,AnkiLangs::RU
the inch,дюйм,/dʲujm/,[sound:al_ru_ru_the_inch.mp3],Google Cloud TTS<br>Voice: ru-RU-Standard-B,AnkiLangs::RU
the injury,травма,/ˈtravmə/,[sound:al_ru_ru_the_injury.mp3],Google Cloud TTS<br>Voice: ru-RU-Standard-B,AnkiLangs::RU
the inside,внутренность,/ˈvnutrʲɪnːəstʲ/,[sound:al_ru_ru_the_inside.mp3],Google Cloud TTS<br>Voice: ru-RU-Standard-B,AnkiLangs::RU
the instrument,инструмент,/ɪnstrʊˈmʲent/,[sound:al_ru_ru_the_instrument.mp3],Google Cloud TTS<br>Voice: ru-RU-Standard-A,AnkiLangs::RU
the island,остров,/ˈostrəf/,[sound:al_ru_ru_the_island.mp3],Google Cloud TTS<br>Voice: ru-RU-Standard-A,AnkiLangs::RU
the job,работа,/rɐˈbotə/,[sound:al_ru_ru_the_job.mp3],Google Cloud TTS<br>Voice: ru-RU-Standard-A,AnkiLangs::RU
the key,ключ,/klʲut͡ɕ/,[sound:al_ru_ru_the_key.mp3],Google Cloud TTS<br>Voice: ru-RU-Standard-A,AnkiLangs::RU
the kilogram,килограмм,/kʲɪɫɐˈɡram/,[sound:al_ru_ru_the_kilogram.mp3],Google Cloud TTS<br>Voice: ru-RU-Standard-B,AnkiLangs::RU
the king,король,/kɐˈrolʲ/,[sound:al_ru_ru_the_king.mp3],Google Cloud TTS<br>Voice: ru-RU-Standard-B,AnkiLangs::RU
the kitchen,кухня,/ˈkuxnʲə/,[sound:al_ru_ru_the_kitchen.mp3],Google Cloud TTS<br>Voice: ru-RU-Standard-B,AnkiLangs::RU
the knee,колено,/kɐˈlʲenə/,[sound:al_ru_ru_the_knee.mp3],Google Cloud TTS<br>Voice: ru-RU-Standard-A,AnkiLangs::RU
the knife,нож,/noʂ/,[sound:al_ru_ru_the_knife.mp3],Google Cloud TTS<br>Voice: ru-RU-Standard-B,AnkiLangs::RU
the lake,озеро,/ˈozʲɪrə/,[sound:al_ru_ru_the_lake.mp3],Google Cloud TTS<br>Voice: ru-RU-Standard-B,AnkiLangs::RU
the lamp,лампа,/ˈɫampə/,[sound:al_ru_ru_the_lamp.mp3],Google Cloud TTS<br>Voice: ru-RU-Standard-B,AnkiLangs::RU
the laptop,ноутбук,/nɐʊtˈbuk/,[sound:al_ru_ru_the_laptop.mp3],Google Cloud TTS<br>Voice: ru-RU-Standard-B,AnkiLangs::RU
the lawyer,адвокат,/ɐdvɐˈkat/,[sound:al_ru_ru_the_lawyer.mp3],Google Cloud TTS<br>Voice: ru-RU-Standard-A,AnkiLangs::RU
the leaf,лист,/lʲist/,[sound:al_ru_ru_the_leaf.mp3],Google Cloud TTS<br>Voice: ru-RU-Standard-A,AnkiLangs::RU
the leg,нога,/nɐˈɡa/,[sound:al_ru_ru_the_leg.mp3],Google Cloud TTS<br>Voice: ru-RU-Standard-B,AnkiLangs::RU
the lemon,лимон,/lʲɪˈmon/,[sound:al_ru_ru_the_lemon.mp3],Google Cloud TTS<br>Voice: ru-RU-Standard-A,AnkiLangs::RU
the letter,письмо,/pʲɪsʲˈmo/,[sound:al_ru_ru_the_letter.mp3],Google Cloud TTS<br>Voice: ru-RU-Standard-B,AnkiLangs::RU
the library,библиотека,/bʲɪblʲɪɐˈtʲekə/,[sound:al_ru_ru_the_library.mp3],Google Cloud TTS<br>Voice: ru-RU-Standard-A,AnkiLangs::RU
the light,свет,/svʲet/,[sound:al_ru_ru_the_light.mp3],Google Cloud TTS<br>Voice: ru-RU-Standard-A,AnkiLangs::RU
the lip,губа,/ɡʊˈba/,[sound:al_ru_ru_the_lip.mp3],Google Cloud TTS<br>Voice: ru-RU-Standard-B,AnkiLangs::RU
the location,местоположение,/mʲɪstəpəɫɐˈʐenʲɪje/,[sound:al_ru_ru_the_location.mp3],Google Cloud TTS<br>Voice: ru-RU-Standard-B,AnkiLangs::RU
the lock,замок,/zɐˈmok/,[sound:al_ru_ru_the_lock.mp3],Google Cloud TTS<br>Voice: ru-RU-Standard-B,AnkiLangs::RU
the magazine,журнал,/ʐʊrˈnaɫ/,[sound:al_ru_ru_the_magazine.mp3],Google Cloud TTS<br>Voice: ru-RU-Standard-B,AnkiLangs::RU
the man,мужчина,/mʊˈɕːinə/,[sound:al_ru_ru_the_man.mp3],Google Cloud TTS<br>Voice: ru-RU-Standard-A,AnkiLangs::RU
the manager,менеджер,/ˈmʲenʲɪd͡ʐɨr/,[sound:al_ru_ru_the_manager.mp3],Google Cloud TTS<br>Voice: ru-RU-Standard-B,AnkiLangs::RU
the map,карта,/ˈkartə/,[sound:al_ru_ru_the_map.mp3],Google Cloud TTS<br>Voice: ru-RU-Standard-A,AnkiLangs::RU
the market,рынок,/ˈrɨnək/,[sound:al_ru_ru_the_market.mp3],Google Cloud TTS<br>Voice: ru-RU-Standard-B,AnkiLangs::RU
the meter,метр,/mʲetr/,[sound:al_ru_ru_the_meter.mp3],Google Cloud TTS<br>Voice: ru-RU-Standard-A,AnkiLangs::RU
the minute,минута,/mʲɪˈnutə/,[sound:al_ru_ru_the_minute.mp3],Google Cloud TTS<br>Voice: ru-RU-Standard-B,AnkiLangs::RU
the month,месяц,/ˈmʲesʲɪt͡s/,[sound:al_ru_ru_the_month.mp3],Google Cloud TTS<br>Voice: ru-RU-Standard-A,AnkiLangs::RU
the moon,луна,/ɫʊˈna/,[sound:al_ru_ru_the_moon.mp3],Google Cloud TTS<br>Voice: ru-RU-Standard-A,AnkiLangs::RU
the morning,утро,/ˈutrə/,[sound:al_ru_ru_the_morning.mp3],Google Cloud TTS<br>Voice: ru-RU-Standard-B,AnkiLangs::RU
the mother,мать,/matʲ/,[sound:al_ru_ru_the_mother.mp3],Google Cloud TTS<br>Voice: ru-RU-Standard-B,AnkiLangs::RU
the mountain,гора,/ɡɐˈra/,[sound:al_ru_ru_the_mountain.mp3],Google Cloud TTS<br>Voice: ru-RU-Standard-A,AnkiLangs::RU
the mouse,мышь,/mɨʂ/,[sound:al_ru_ru_the_mouse.mp3],Google Cloud TTS<br>Voice: ru-RU-Standard-B,AnkiLangs::RU
the mouth,рот,/rot/,[sound:al_ru_ru_the_mouth.mp3],Google Cloud TTS<br>Voice: ru-RU-Standard-B,AnkiLangs::RU
the movie,фильм,/fʲilʲm/,[sound:al_ru_ru_the_movie.mp3],Google Cloud TTS<br>Voice: ru-RU-Standard-A,AnkiLangs::RU
the neck,шея,/ˈʂɛjə/,[sound:al_ru_ru_the_neck.mp3],Google Cloud TTS<br>Voice: ru-RU-Standard-B,AnkiLangs::RU
the needle,игла,/ɪˈɡɫa/,[sound:al_ru_ru_the_needle.mp3],Google Cloud TTS<br>Voice: ru-RU-Standard-B,AnkiLangs::RU
the neighbor,сосед,/sɐˈsʲet/,[sound:al_ru_ru_the_neighbor.mp3],Google Cloud TTS<br>Voice: ru-RU-Standard-B,AnkiLangs::RU
the network,сеть,/sʲetʲ/,[sound:al_ru_ru_the_network.mp3],Google Cloud TTS<br>Voice: ru-RU-Standard-B,AnkiLangs::RU
the newspaper,газета,/ɡɐˈzʲetə/,[sound:al_ru_ru_the_newspaper.mp3],Google Cloud TTS<br>Voice: ru-RU-Standard-B,AnkiLangs::RU
the night,ночь,/not͡ɕ/,[sound:al_ru_ru_the_night.mp3],Google Cloud TTS<br>Voice: ru-RU-Standard-B,AnkiLangs::RU
the north,север,/ˈsʲevʲɪr/,[sound:al_ru_ru_the_north.mp3],Google Cloud TTS<br>Voice: ru-RU-Standard-A,AnkiLangs::RU
the nose,нос,/nos/,[sound:al_ru_ru_the_nose.mp3],Google Cloud TTS<br>Voice: ru-RU-Standard-A,AnkiLangs::RU
the note,записка,/zɐˈpʲiskə/,[sound:al_ru_ru_the_note.mp3],Google Cloud TTS<br>Voice: ru-RU-Standard-B,AnkiLangs::RU
the noun,существительное,/sʊɕːɪstvʲɪˈtʲelʲnəjə/,[sound:al_ru_ru_the_noun.mp3],Google Cloud TTS<br>Voice: ru-RU-Standard-B,AnkiLangs::RU
the number,число,/t͡ɕɪsˈɫo/,[sound:al_ru_ru_the_number.mp3],Google Cloud TTS<br>Voice: ru-RU-Standard-A,AnkiLangs::RU
the ocean,океан,/ɐkʲɪˈan/,[sound:al_ru_ru_the_ocean.mp3],Google Cloud TTS<br>Voice: ru-RU-Standard-B,AnkiLangs::RU
the office,офис,/ˈofʲɪs/,[sound:al_ru_ru_the_office.mp3],Google Cloud TTS<br>Voice: ru-RU-Standard-B,AnkiLangs::RU
the orange,апельсин,/ɐpʲɪlʲˈsʲin/,[sound:al_ru_ru_the_orange.mp3],Google Cloud TTS<br>Voice: ru-RU-Standard-A,AnkiLangs::RU
the outside,снаружи,/snɐˈruʐɨ/,[sound:al_ru_ru_the_outside.mp3],Google Cloud TTS<br>Voice: ru-RU-Standard-B,AnkiLangs::RU
the page,страница,/strɐˈnʲit͡sə/,[sound:al_ru_ru_the_page.mp3],Google Cloud TTS<br>Voice: ru-RU-Standard-B,AnkiLangs::RU
the paint,краска,/ˈkraskə/,[sound:al_ru_ru_the_paint.mp3],Google Cloud TTS<br>Voice: ru-RU-Standard-A,AnkiLangs::RU
the pants,брюки,/ˈbrʲukʲɪ/,[sound:al_ru_ru_the_pants.mp3],Google Cloud TTS<br>Voice: ru-RU-Standard-B,AnkiLangs::RU
the paper,бумага,/bʊˈmaɡə/,[sound:al_ru_ru_the_paper.mp3],Google Cloud TTS<br>Voice: ru-RU-Standard-B,AnkiLangs::RU
the parent,родитель,/rɐˈdʲitʲɪlʲ/,[sound:al_ru_ru_the_parent.mp3],Google Cloud TTS<br>Voice: ru-RU-Standard-B,AnkiLangs::RU
the park,парк,/park/,[sound:al_ru_ru_the_park.mp3],Google Cloud TTS<br>Voice: ru-RU-Standard-B,AnkiLangs::RU
the patient,пациент,/pɐt͡sɨˈjent/,[sound:al_ru_ru_the_patient.mp3],Google Cloud TTS<br>Voice: ru-RU-Standard-B,AnkiLangs::RU
the pattern,шаблон,/ʂɐˈbɫon/,[sound:al_ru_ru_the_pattern.mp3],Google Cloud TTS<br>Voice: ru-RU-Standard-A,AnkiLangs::RU
the pen,ручка,/ˈrut͡ɕkə/,[sound:al_ru_ru_the_pen.mp3],Google Cloud TTS<br>Voice: ru-RU-Standard-B,AnkiLangs::RU
the pencil,карандаш,/kərɐnˈdaʂ/,[sound:al_ru_ru_the_pencil.mp3],Google Cloud TTS<br>Voice: ru-RU-Standard-A,AnkiLangs::RU
the person,человек,/tɕɪɫɐˈvʲek/,[sound:al_ru_ru_the_person.mp3],Google Cloud TTS<br>Voice: ru-RU-Standard-A,AnkiLangs::RU
the photograph,фотография,/fətəɡrɐˈfʲijə/,[sound:al_ru_ru_the_photograph.mp3],Google Cloud TTS<br>Voice: ru-RU-Standard-B,AnkiLangs::RU
the piece,кусок,/kʊˈsok/,[sound:al_ru_ru_the_piece.mp3],Google Cloud TTS<br>Voice: ru-RU-Standard-B,AnkiLangs::RU
the pig,свинья,/svʲɪˈnʲja/,[sound:al_ru_ru_the_pig.mp3],Google Cloud TTS<br>Voice: ru-RU-Standard-A,AnkiLangs::RU
the plane,самолёт,/səmɐˈlʲɵt/,[sound:al_ru_ru_the_plane.mp3],Google Cloud TTS<br>Voice: ru-RU-Standard-A,AnkiLangs::RU
the plant,растение,/rɐsˈtʲenʲɪje/,[sound:al_ru_ru_the_plant.mp3],Google Cloud TTS<br>Voice: ru-RU-Standard-B,AnkiLangs::RU
the plate,тарелка,/tɐˈrʲelkə/,[sound:al_ru_ru_the_plate.mp3],Google Cloud TTS<br>Voice: ru-RU-Standard-A,AnkiLangs::RU
the player,игрок,/ɪɡˈrok/,[sound:al_ru_ru_the_player.mp3],Google Cloud TTS<br>Voice: ru-RU-Standard-A,AnkiLangs::RU
the pocket,карман,/kɐrˈman/,[sound:al_ru_ru_the_pocket.mp3],Google Cloud TTS<br>Voice: ru-RU-Standard-A,AnkiLangs::RU
the police,полиция,/pɐˈlʲit͡sɨjə/,[sound:al_ru_ru_the_police.mp3],Google Cloud TTS<br>Voice: ru-RU-Standard-A,AnkiLangs::RU
the pool,бассейн,/bɐˈsʲejn/,[sound:al_ru_ru_the_pool.mp3],Google Cloud TTS<br>Voice: ru-RU-Standard-A,AnkiLangs::RU
the pork,свинина,/svʲɪˈnʲinə/,[sound:al_ru_ru_the_pork.mp3],Google Cloud TTS<br>Voice: ru-RU-Standard-A,AnkiLangs::RU
the pound,фунт,/funt/,[sound:al_ru_ru_the_pound.mp3],Google Cloud TTS<br>Voice: ru-RU-Standard-B,AnkiLangs::RU
the president,президент,/prʲɪzʲɪˈdʲent/,[sound:al_ru_ru_the_president.mp3],Google Cloud TTS<br>Voice: ru-RU-Standard-A,AnkiLangs::RU
the price,цена,/t͡sɪˈna/,[sound:al_ru_ru_the_price.mp3],Google Cloud TTS<br>Voice: ru-RU-Standard-B,AnkiLangs::RU
the priest,священник,/svʲɪˈɕːenːɪk/,[sound:al_ru_ru_the_priest.mp3],Google Cloud TTS<br>Voice: ru-RU-Standard-B,AnkiLangs::RU
the program,программа,/prɐˈɡramə/,[sound:al_ru_ru_the_program.mp3],Google Cloud TTS<br>Voice: ru-RU-Standard-A,AnkiLangs::RU
the queen,королева,/kərɐˈlʲevə/,[sound:al_ru_ru_the_queen.mp3],Google Cloud TTS<br>Voice: ru-RU-Standard-B,AnkiLangs::RU
the radio,радио,/ˈradʲɪə/,[sound:al_ru_ru_the_radio.mp3],Google Cloud TTS<br>Voice: ru-RU-Standard-B,AnkiLangs::RU
the rain,дождь,/doʂt͡ɕ/,[sound:al_ru_ru_the_rain.mp3],Google Cloud TTS<br>Voice: ru-RU-Standard-B,AnkiLangs::RU
the reporter,репортёр,/rʲɪpɐrˈtʲɵr/,[sound:al_ru_ru_the_reporter.mp3],Google Cloud TTS<br>Voice: ru-RU-Standard-A,AnkiLangs::RU
the restaurant,ресторан,/rʲɪstɐˈran/,[sound:al_ru_ru_the_restaurant.mp3],Google Cloud TTS<br>Voice: ru-RU-Standard-A,AnkiLangs::RU
the ring,кольцо,/kɐlʲˈt͡so/,[sound:al_ru_ru_the_ring.mp3],Google Cloud TTS<br>Voice: ru-RU-Standard-A,AnkiLangs::RU
the river,река,/rʲɪˈka/,[sound:al_ru_ru_the_river.mp3],Google Cloud TTS<br>Voice: ru-RU-Standard-A,AnkiLangs::RU
the roof,крыша,/ˈkrɨʂə/,[sound:al_ru_ru_the_roof.mp3],Google Cloud TTS<br>Voice: ru-RU-Standard-B,AnkiLangs::RU
the room,комната,/ˈkomnətə/,[sound:al_ru_ru_the_room.mp3],Google Cloud TTS<br>Voice: ru-RU-Standard-A,AnkiLangs::RU
the root,корень,/ˈkorʲɪnʲ/,[sound:al_ru_ru_the_root.mp3],Google Cloud TTS<br>Voice: ru-RU-Standard-A,AnkiLangs::RU
the sand,песок,/pʲɪˈsok/,[sound:al_ru_ru_the_sand.mp3],Google Cloud TTS<br>Voice: ru-RU-Standard-B,AnkiLangs::RU
the school,школа,/ˈʂkoɫə/,[sound:al_ru_ru_the_school.mp3],Google Cloud TTS<br>Voice: ru-RU-Standard-A,AnkiLangs::RU
the screen,экран,/ɪkˈran/,[sound:al_ru_ru_the_screen.mp3],Google Cloud TTS<br>Voice: ru-RU-Standard-A,AnkiLangs::RU
the sea,море,/ˈmorʲɪ/,[sound:al_ru_ru_the_sea.mp3],Google Cloud TTS<br>Voice: ru-RU-Standard-A,AnkiLangs::RU
the season,сезон,/sʲɪˈzon/,[sound:al_ru_ru_the_season.mp3],Google Cloud TTS<br>Voice: ru-RU-Standard-B,AnkiLangs::RU
the second,секунда,/sʲɪˈkundə/,[sound:al_ru_ru_the_second.mp3],Google Cloud TTS<br>Voice: ru-RU-Standard-A,AnkiLangs::RU
the secretary,секретарь,/sʲɪkrʲɪˈtarʲ/,[sound:al_ru_ru_the_secretary.mp3],Google Cloud TTS<br>Voice: ru-RU-Standard-B,AnkiLangs::RU
the seed,семя,/ˈsʲemʲə/,[sound:al_ru_ru_the_seed.mp3],Google Cloud TTS<br>Voice: ru-RU-Standard-B,AnkiLangs::RU
the ship,корабль,/kɐˈrablʲ/,[sound:al_ru_ru_the_ship.mp3],Google Cloud TTS<br>Voice: ru-RU-Standard-B,AnkiLangs::RU
the shirt,рубашка,/rʊˈbaʂkə/,[sound:al_ru_ru_the_shirt.mp3],Google Cloud TTS<br>Voice: ru-RU-Standard-B,AnkiLangs::RU
the shoes,туфли,/ˈtuflʲɪ/,[sound:al_ru_ru_the_shoes.mp3],Google Cloud TTS<br>Voice: ru-RU-Standard-B,AnkiLangs::RU
the shoulder,плечо,/plʲɪˈt͡ɕo/,[sound:al_ru_ru_the_shoulder.mp3],Google Cloud TTS<br>Voice: ru-RU-Standard-A,AnkiLangs::RU
the side,сторона,/stɐrɐˈna/,[sound:al_ru_ru_the_side.mp3],Google Cloud TTS<br>Voice: ru-RU-Standard-B,AnkiLangs::RU
the sign,знак,/znak/,[sound:al_ru_ru_the_sign.mp3],Google Cloud TTS<br>Voice: ru-RU-Standard-B,AnkiLangs::RU
the sister,сестра,/sʲɪsˈtra/,[sound:al_ru_ru_the_sister.mp3],Google Cloud TTS<br>Voice: ru-RU-Standard-B,AnkiLangs::RU
the skin,кожа,/ˈkoʐə/,[sound:al_ru_ru_the_skin.mp3],Google Cloud TTS<br>Voice: ru-RU-Standard-A,AnkiLangs::RU
the skirt,юбка,/ˈjupkə/,[sound:al_ru_ru_the_skirt.mp3],Google Cloud TTS<br>Voice: ru-RU-Standard-B,AnkiLangs::RU
the sky,небо,/ˈnʲebə/,[sound:al_ru_ru_the_sky.mp3],Google Cloud TTS<br>Voice: ru-RU-Standard-B,AnkiLangs::RU
the snow,снег,/snʲek/,[sound:al_ru_ru_the_snow.mp3],Google Cloud TTS<br>Voice: ru-RU-Standard-A,AnkiLangs::RU
the soap,мыло,/ˈmɨɫə/,[sound:al_ru_ru_the_soap.mp3],Google Cloud TTS<br>Voice: ru-RU-Standard-B,AnkiLangs::RU
the soldier,солдат,/səɫˈdat/,[sound:al_ru_ru_the_soldier.mp3],Google Cloud TTS<br>Voice: ru-RU-Standard-B,AnkiLangs::RU
the son,сын,/sɨn/,[sound:al_ru_ru_the_son.mp3],Google Cloud TTS<br>Voice: ru-RU-Standard-A,AnkiLangs::RU
the song,песня,/ˈpʲesnʲə/,[sound:al_ru_ru_the_song.mp3],Google Cloud TTS<br>Voice: ru-RU-Standard-B,AnkiLangs::RU
the sound,звук,/zvuk/,[sound:al_ru_ru_the_sound.mp3],Google Cloud TTS<br>Voice: ru-RU-Standard-A,AnkiLangs::RU
the soup,суп,/sup/,[sound:al_ru_ru_the_soup.mp3],Google Cloud TTS<br>Voice: ru-RU-Standard-B,AnkiLangs::RU
the south,юг,/juk/,[sound:al_ru_ru_the_south.mp3],Google Cloud TTS<br>Voice: ru-RU-Standard-B,AnkiLangs::RU
the spoon,ложка,/ˈɫoʂkə/,[sound:al_ru_ru_the_spoon.mp3],Google Cloud TTS<br>Voice: ru-RU-Standard-B,AnkiLangs::RU
the Spring,весна,/vʲɪsˈna/,[sound:al_ru_ru_the_spring.mp3],Google Cloud TTS<br>Voice: ru-RU-Standard-A,AnkiLangs::RU
the square,квадрат,/kvɐdˈrat/,[sound:al_ru_ru_the_square.mp3],Google Cloud TTS<br>Voice: ru-RU-Standard-A,AnkiLangs::RU
the stain,пятно,/pʲɪtˈno/,[sound:al_ru_ru_the_stain.mp3],Google Cloud TTS<br>Voice: ru-RU-Standard-A,AnkiLangs::RU
the star,звезда,/zvʲɪzˈda/,[sound:al_ru_ru_the_star.mp3],Google Cloud TTS<br>Voice: ru-RU-Standard-A,AnkiLangs::RU
the store/shop,магазин,/məɡɐˈzʲin/,[sound:al_ru_ru_the_store_shop.mp3],Google Cloud TTS<br>Voice: ru-RU-Standard-B,AnkiLangs::RU
the street/road,улица,/ˈulʲɪt͡sə/,[sound:al_ru_ru_the_street_road.mp3],Google Cloud TTS<br>Voice: ru-RU-Standard-A,AnkiLangs::RU
the student,студент,/stʊˈdʲent/,[sound:al_ru_ru_the_student.mp3],Google Cloud TTS<br>Voice: ru-RU-Standard-A,AnkiLangs::RU
the suit,костюм,/kɐsˈtʲum/,[sound:al_ru_ru_the_suit.mp3],Google Cloud TTS<br>Voice: ru-RU-Standard-A,AnkiLangs::RU
the Summer,лето,/ˈlʲetə/,[sound:al_ru_ru_the_summer.mp3],Google Cloud TTS<br>Voice: ru-RU-Standard-B,AnkiLangs::RU
the sun,солнце,/ˈsont͡sə/,[sound:al_ru_ru_the_sun.mp3],Google Cloud TTS<br>Voice: ru-RU-Standard-B,AnkiLangs::RU
the T-shirt,футболка,/fʊdˈboɫkə/,[sound:al_ru_ru_the_t_shirt.mp3],Google Cloud TTS<br>Voice: ru-RU-Standard-B,AnkiLangs::RU
the table,стол,/stoɫ/,[sound:al_ru_ru_the_table.mp3],Google Cloud TTS<br>Voice: ru-RU-Standard-B,AnkiLangs::RU
the teacher,учитель,/ʊˈt͡ɕitʲɪlʲ/,[sound:al_ru_ru_the_teacher.mp3],Google Cloud TTS<br>Voice: ru-RU-Standard-B,AnkiLangs::RU
the team,команда,/kɐˈmandə/,[sound:al_ru_ru_the_team.mp3],Google Cloud TTS<br>Voice: ru-RU-Standard-A,AnkiLangs::RU
the tear,слеза,/slʲɪˈza/,[sound:al_ru_ru_the_tear.mp3],Google Cloud TTS<br>Voice: ru-RU-Standard-A,AnkiLangs::RU
the telephone,телефон,/tʲɪlʲɪˈfon/,[sound:al_ru_ru_the_telephone.mp3],Google Cloud TTS<br>Voice: ru-RU-Standard-B,AnkiLangs::RU
the television,телевизор,/tʲɪlʲɪˈvʲizər/,[sound:al_ru_ru_the_television.mp3],Google Cloud TTS<br>Voice: ru-RU-Standard-B,AnkiLangs::RU
the theater,театр,/tʲɪˈatr/,[sound:al_ru_ru_the_theater.mp3],Google Cloud TTS<br>Voice: ru-RU-Standard-A,AnkiLangs::RU
the time,время,/ˈvrʲemʲə/,[sound:al_ru_ru_the_time.mp3],Google Cloud TTS<br>Voice: ru-RU-Standard-B,AnkiLangs::RU
the tire,шина,/ˈʂɨnə/,[sound:al_ru_ru_the_tire.mp3],Google Cloud TTS<br>Voice: ru-RU-Standard-B,AnkiLangs::RU
the toe,палец ноги,/ˈpaɫʲɪt͡s nɐˈɡʲi/,[sound:al_ru_ru_the_toe.mp3],Google Cloud TTS<br>Voice: ru-RU-Standard-A,AnkiLangs::RU
the tongue,язык,/jɪˈzɨk/,[sound:al_ru_ru_the_tongue.mp3],Google Cloud TTS<br>Voice: ru-RU-Standard-B,AnkiLangs::RU
the tool,инструмент,/ɪnstrʊˈmʲent/,[sound:al_ru_ru_the_tool.mp3],Google Cloud TTS<br>Voice: ru-RU-Standard-B,AnkiLangs::RU
the tooth,зуб,/zup/,[sound:al_ru_ru_the_tooth.mp3],Google Cloud TTS<br>Voice: ru-RU-Standard-B,AnkiLangs::RU
the top,верх,/vʲerx/,[sound:al_ru_ru_the_top.mp3],Google Cloud TTS<br>Voice: ru-RU-Standard-B,AnkiLangs::RU
the town,город,/ˈɡorət/,[sound:al_ru_ru_the_town.mp3],Google Cloud TTS<br>Voice: ru-RU-Standard-A,AnkiLangs::RU
the train,поезд,/ˈpoɪst/,[sound:al_ru_ru_the_train.mp3],Google Cloud TTS<br>Voice: ru-RU-Standard-B,AnkiLangs::RU
the train station,железнодорожный вокзал,/ʐɨlʲɪznɐdɐˈroʐnɨj vɐkˈzaɫ/,[sound:al_ru_ru_the_train_station.mp3],Google Cloud TTS<br>Voice: ru-RU-Standard-A,AnkiLangs::RU
the tree,дерево,/ˈdʲerʲɪvə/,[sound:al_ru_ru_the_tree.mp3],Google Cloud TTS<br>Voice: ru-RU-Standard-B,AnkiLangs::RU
the truck,грузовик,/ɡrʊzɐˈvʲik/,[sound:al_ru_ru_the_truck.mp3],Google Cloud TTS<br>Voice: ru-RU-Standard-B,AnkiLangs::RU
the university,университет,/ʊnʲɪvʲɪrsʲɪˈtʲet/,[sound:al_ru_ru_the_university.mp3],Google Cloud TTS<br>Voice: ru-RU-Standard-B,AnkiLangs::RU
the valley,долина,/dɐˈlʲinə/,[sound:al_ru_ru_the_valley.mp3],Google Cloud TTS<br>Voice: ru-RU-Standard-A,AnkiLangs::RU
the verb,глагол,/ɡɫɐˈɡoɫ/,[sound:al_ru_ru_the_verb.mp3],Google Cloud TTS<br>Voice: ru-RU-Standard-B,AnkiLangs::RU
the victim,жертва,/ˈʐertvə/,[sound:al_ru_ru_the_victim.mp3],Google Cloud TTS<br>Voice: ru-RU-Standard-B,AnkiLangs::RU
the voice,голос,/ˈɡoɫəs/,[sound:al_ru_ru_the_voice.mp3],Google Cloud TTS<br>Voice: ru-RU-Standard-B,AnkiLangs::RU
the vowel,гласная,/ˈɡɫasnəjə/,[sound:al_ru_ru_the_vowel.mp3],Google Cloud TTS<br>Voice: ru-RU-Standard-A,AnkiLangs::RU
the waiter,официант,/əfʲɪt͡sɨˈant/,[sound:al_ru_ru_the_waiter.mp3],Google Cloud TTS<br>Voice: ru-RU-Standard-B,AnkiLangs::RU
the wall,стена,/stʲɪˈna/,[sound:al_ru_ru_the_wall.mp3],Google Cloud TTS<br>Voice: ru-RU-Standard-A,AnkiLangs::RU
the wave,волна,/vɐɫˈna/,[sound:al_ru_ru_the_wave.mp3],Google Cloud TTS<br>Voice: ru-RU-Standard-A,AnkiLangs::RU
the week,неделя,/nʲɪˈdʲelʲə/,[sound:al_ru_ru_the_week.mp3],Google Cloud TTS<br>Voice: ru-RU-Standard-B,AnkiLangs::RU
the west,запад,/ˈzapət/,[sound:al_ru_ru_the_west.mp3],Google Cloud TTS<br>Voice: ru-RU-Standard-A,AnkiLangs::RU
the wife,жена,/ʐɨˈna/,[sound:al_ru_ru_the_wife.mp3],Google Cloud TTS<br>Voice: ru-RU-Standard-A,AnkiLangs::RU
the wind,ветер,/ˈvʲetʲɪr/,[sound:al_ru_ru_the_wind.mp3],Google Cloud TTS<br>Voice: ru-RU-Standard-B,AnkiLangs::RU
the window,окно,/ɐkˈno/,[sound:al_ru_ru_the_window.mp3],Google Cloud TTS<br>Voice: ru-RU-Standard-A,AnkiLangs::RU
the wing,крыло,/krɨˈɫo/,[sound:al_ru_ru_the_wing.mp3],Google Cloud TTS<br>Voice: ru-RU-Standard-B,AnkiLangs::RU
the Winter,зима,/zʲɪˈma/,[sound:al_ru_ru_the_winter.mp3],Google Cloud TTS<br>Voice: ru-RU-Standard-A,AnkiLangs::RU
the woman,женщина,/ˈʐenɕːɪnə/,[sound:al_ru_ru_the_woman.mp3],Google Cloud TTS<br>Voice: ru-RU-Standard-A,AnkiLangs::RU
the world,мир,/mʲir/,[sound:al_ru_ru_the_world.mp3],Google Cloud TTS<br>Voice: ru-RU-Standard-B,AnkiLangs::RU
the yard,двор,/dvor/,[sound:al_ru_ru_the_yard.mp3],Google Cloud TTS<br>Voice: ru-RU-Standard-B,AnkiLangs::RU
the year,год,/ɡot/,[sound:al_ru_ru_the_year.mp3],Google Cloud TTS<br>Voice: ru-RU-Standard-B,AnkiLangs::RU
they,они,/ɐˈnʲi/,[sound:al_ru_ru_they.mp3],Google Cloud TTS<br>Voice: ru-RU-Standard-A,AnkiLangs::RU
thick,толстый,/ˈtoɫstɨj/,[sound:al_ru_ru_thick.mp3],Google Cloud TTS<br>Voice: ru-RU-Standard-B,AnkiLangs::RU
thin,тонкий,/ˈtonkʲɪj/,[sound:al_ru_ru_thin.mp3],Google Cloud TTS<br>Voice: ru-RU-Standard-B,AnkiLangs::RU
third (3rd),третий,/ˈtrʲetʲɪj/,[sound:al_ru_ru_third_3rd.mp3],Google Cloud TTS<br>Voice: ru-RU-Standard-B,AnkiLangs::RU
thirteen (13),тринадцать,/trʲɪˈnat͡sətʲ/,[sound:al_ru_ru_thirteen_13.mp3],Google Cloud TTS<br>Voice: ru-RU-Standard-B,AnkiLangs::RU
thirty (30),тридцать,/ˈtrʲit͡sətʲ/,[sound:al_ru_ru_thirty_30.mp3],Google Cloud TTS<br>Voice: ru-RU-Standard-B,AnkiLangs::RU
thirty-one (31),тридцать один,/ˈtrʲit͡sətʲ ɐˈdʲin/,[sound:al_ru_ru_thirty_one_31.mp3],Google Cloud TTS<br>Voice: ru-RU-Standard-B,AnkiLangs::RU
thirty-two (32),тридцать два,/ˈtrʲit͡sətʲ dva/,[sound:al_ru_ru_thirty_two_32.mp3],Google Cloud TTS<br>Voice: ru-RU-Standard-B,AnkiLangs::RU
three (3),три,/trʲi/,[sound:al_ru_ru_three_3.mp3],Google Cloud TTS<br>Voice: ru-RU-Standard-A,AnkiLangs::RU
Thursday,четверг,/tɕɪˈtvʲerk/,[sound:al_ru_ru_thursday.mp3],Google Cloud TTS<br>Voice: ru-RU-Standard-B,AnkiLangs::RU
tight,тесный,/ˈtʲesnɨj/,[sound:al_ru_ru_tight.mp3],Google Cloud TTS<br>Voice: ru-RU-Standard-A,AnkiLangs::RU
to beat,бить,/bʲitʲ/,[sound:al_ru_ru_to_beat.mp3],Google Cloud TTS<br>Voice: ru-RU-Standard-A,AnkiLangs::RU
to bend,гнуть,/ɡnutʲ/,[sound:al_ru_ru_to_bend.mp3],Google Cloud TTS<br>Voice: ru-RU-Standard-B,AnkiLangs::RU
to break,ломать,/ɫɐˈmatʲ/,[sound:al_ru_ru_to_break.mp3],Google Cloud TTS<br>Voice: ru-RU-Standard-A,AnkiLangs::RU
to build,строить,/ˈstroɪtʲ/,[sound:al_ru_ru_to_build.mp3],Google Cloud TTS<br>Voice: ru-RU-Standard-A,AnkiLangs::RU
to burn,жечь,/ʐet͡ɕ/,[sound:al_ru_ru_to_burn.mp3],Google Cloud TTS<br>Voice: ru-RU-Standard-A,AnkiLangs::RU
to buy,покупать,/pəkʊˈpatʲ/,[sound:al_ru_ru_to_buy.mp3],Google Cloud TTS<br>Voice: ru-RU-Standard-A,AnkiLangs::RU
to call,звонить,/zvɐˈnʲitʲ/,[sound:al_ru_ru_to_call.mp3],Google Cloud TTS<br>Voice: ru-RU-Standard-A,AnkiLangs::RU
to carry,нести,/nʲɪsˈtʲi/,[sound:al_ru_ru_to_carry.mp3],Google Cloud TTS<br>Voice: ru-RU-Standard-A,AnkiLangs::RU
to catch,ловить,/lɐˈvʲitʲ/,[sound:al_ru_ru_to_catch.mp3],Google Cloud TTS<br>Voice: ru-RU-Standard-A,AnkiLangs::RU
to clean,чистить,/ˈt͡ɕistʲɪtʲ/,[sound:al_ru_ru_to_clean.mp3],Google Cloud TTS<br>Voice: ru-RU-Standard-A,AnkiLangs::RU
to close,закрывать,/zəkrɨˈvatʲ/,[sound:al_ru_ru_to_close.mp3],Google Cloud TTS<br>Voice: ru-RU-Standard-A,AnkiLangs::RU
to cook,готовить,/ɡɐˈtovʲɪtʲ/,[sound:al_ru_ru_to_cook.mp3],Google Cloud TTS<br>Voice: ru-RU-Standard-A,AnkiLangs::RU
to count,считать,/ɕːɪˈtatʲ/,[sound:al_ru_ru_to_count.mp3],Google Cloud TTS<br>Voice: ru-RU-Standard-B,AnkiLangs::RU
to cry,плакать,/ˈpɫakətʲ/,[sound:al_ru_ru_to_cry.mp3],Google Cloud TTS<br>Voice: ru-RU-Standard-A,AnkiLangs::RU
to cut,резать,/ˈrʲezətʲ/,[sound:al_ru_ru_to_cut.mp3],Google Cloud TTS<br>Voice: ru-RU-Standard-A,AnkiLangs::RU
to dance,танцевать,/tənt͡sɨˈvatʲ/,[sound:al_ru_ru_to_dance.mp3],Google Cloud TTS<br>Voice: ru-RU-Standard-B,AnkiLangs::RU
to die,умирать,/ʊmʲɪˈratʲ/,[sound:al_ru_ru_to_die.mp3],Google Cloud TTS<br>Voice: ru-RU-Standard-B,AnkiLangs::RU
to dig,копать,/kɐˈpatʲ/,[sound:al_ru_ru_to_dig.mp3],Google Cloud TTS<br>Voice: ru-RU-Standard-B,AnkiLangs::RU
to draw,рисовать,/rʲɪsɐˈvatʲ/,[sound:al_ru_ru_to_draw.mp3],Google Cloud TTS<br>Voice: ru-RU-Standard-A,AnkiLangs::RU
to drink,пить,/pʲitʲ/,[sound:al_ru_ru_to_drink.mp3],Google Cloud TTS<br>Voice: ru-RU-Standard-A,AnkiLangs::RU
to drive,водить,/vɐˈdʲitʲ/,[sound:al_ru_ru_to_drive.mp3],Google Cloud TTS<br>Voice: ru-RU-Standard-A,AnkiLangs::RU
to eat,есть,/jestʲ/,[sound:al_ru_ru_to_eat.mp3],Google Cloud TTS<br>Voice: ru-RU-Standard-B,AnkiLangs::RU
to explode,взрываться,/vzrɨˈvat͡sːə/,[sound:al_ru_ru_to_explode.mp3],Google Cloud TTS<br>Voice: ru-RU-Standard-A,AnkiLangs::RU
to fall,падать,/ˈpadətʲ/,[sound:al_ru_ru_to_fall.mp3],Google Cloud TTS<br>Voice: ru-RU-Standard-A,AnkiLangs::RU
to feed,кормить,/kɐrˈmʲitʲ/,[sound:al_ru_ru_to_feed.mp3],Google Cloud TTS<br>Voice: ru-RU-Standard-B,AnkiLangs::RU
to fight,драться,/ˈdrat͡sːə/,[sound:al_ru_ru_to_fight.mp3],Google Cloud TTS<br>Voice: ru-RU-Standard-B,AnkiLangs::RU
to find,находить,/nəxɐˈdʲitʲ/,[sound:al_ru_ru_to_find.mp3],Google Cloud TTS<br>Voice: ru-RU-Standard-B,AnkiLangs::RU
to fly,летать,/lʲɪˈtatʲ/,[sound:al_ru_ru_to_fly.mp3],Google Cloud TTS<br>Voice: ru-RU-Standard-A,AnkiLangs::RU
to follow,следовать,/ˈslʲedəvətʲ/,[sound:al_ru_ru_to_follow.mp3],Google Cloud TTS<br>Voice: ru-RU-Standard-A,AnkiLangs::RU
to go,идти,/ɪtˈtʲi/,[sound:al_ru_ru_to_go.mp3],Google Cloud TTS<br>Voice: ru-RU-Standard-A,AnkiLangs::RU
to grow,расти,/rɐsˈtʲi/,[sound:al_ru_ru_to_grow.mp3],Google Cloud TTS<br>Voice: ru-RU-Standard-A,AnkiLangs::RU
to hang,вешать,/ˈvʲeʂətʲ/,[sound:al_ru_ru_to_hang.mp3],Google Cloud TTS<br>Voice: ru-RU-Standard-B,AnkiLangs::RU
to hear,слышать,/ˈslɨʂətʲ/,[sound:al_ru_ru_to_hear.mp3],Google Cloud TTS<br>Voice: ru-RU-Standard-A,AnkiLangs::RU
to jump,прыгать,/ˈprɨɡətʲ/,[sound:al_ru_ru_to_jump.mp3],Google Cloud TTS<br>Voice: ru-RU-Standard-A,AnkiLangs::RU
to kill,убивать,/ʊbʲɪˈvatʲ/,[sound:al_ru_ru_to_kill.mp3],Google Cloud TTS<br>Voice: ru-RU-Standard-B,AnkiLangs::RU
to kiss,целовать,/t͡sɨɫɐˈvatʲ/,[sound:al_ru_ru_to_kiss.mp3],Google Cloud TTS<br>Voice: ru-RU-Standard-B,AnkiLangs::RU
to laugh,смеяться,/smʲɪˈjat͡sːə/,[sound:al_ru_ru_to_laugh.mp3],Google Cloud TTS<br>Voice: ru-RU-Standard-B,AnkiLangs::RU
to learn,учиться,/ʊˈt͡ɕit͡sːə/,[sound:al_ru_ru_to_learn.mp3],Google Cloud TTS<br>Voice: ru-RU-Standard-A,AnkiLangs::RU
to lie down,лежать,/lʲɪˈʐatʲ/,[sound:al_ru_ru_to_lie_down.mp3],Google Cloud TTS<br>Voice: ru-RU-Standard-B,AnkiLangs::RU
to lift,поднимать,/pədnʲɪˈmatʲ/,[sound:al_ru_ru_to_lift.mp3],Google Cloud TTS<br>Voice: ru-RU-Standard-A,AnkiLangs::RU
to listen,слушать,/ˈslʉʂətʲ/,[sound:al_ru_ru_to_listen.mp3],Google Cloud TTS<br>Voice: ru-RU-Standard-B,AnkiLangs::RU
to lose,терять,/tʲɪˈrʲætʲ/,[sound:al_ru_ru_to_lose.mp3],Google Cloud TTS<br>Voice: ru-RU-Standard-B,AnkiLangs::RU
to love,любить,/lʲʊˈbʲitʲ/,[sound:al_ru_ru_to_love.mp3],Google Cloud TTS<br>Voice: ru-RU-Standard-A,AnkiLangs::RU
to marry,жениться,/ʐɨˈnʲit͡sːə/,[sound:al_ru_ru_to_marry.mp3],Google Cloud TTS<br>Voice: ru-RU-Standard-B,AnkiLangs::RU
to melt,таять,/ˈtajətʲ/,[sound:al_ru_ru_to_melt.mp3],Google Cloud TTS<br>Voice: ru-RU-Standard-B,AnkiLangs::RU
to mix / to stir,мешать,/mʲɪˈʂatʲ/,[sound:al_ru_ru_to_mix_to_stir.mp3],Google Cloud TTS<br>Voice: ru-RU-Standard-B,AnkiLangs::RU
to open,открывать,/ətkrɨˈvatʲ/,[sound:al_ru_ru_to_open.mp3],Google Cloud TTS<br>Voice: ru-RU-Standard-A,AnkiLangs::RU
to pass by,проходить мимо,/prəxɐˈdʲitʲ ˈmʲimə/,[sound:al_ru_ru_to_pass_by.mp3],Google Cloud TTS<br>Voice: ru-RU-Standard-B,AnkiLangs::RU
to pay,платить,/plɐˈtʲitʲ/,[sound:al_ru_ru_to_pay.mp3],Google Cloud TTS<br>Voice: ru-RU-Standard-A,AnkiLangs::RU
to play,играть,/ɪɡˈratʲ/,[sound:al_ru_ru_to_play.mp3],Google Cloud TTS<br>Voice: ru-RU-Standard-B,AnkiLangs::RU
to pray,молиться,/mɐˈlʲit͡sːə/,[sound:al_ru_ru_to_pray.mp3],Google Cloud TTS<br>Voice: ru-RU-Standard-B,AnkiLangs::RU
to pull,тянуть,/tʲɪˈnutʲ/,[sound:al_ru_ru_to_pull.mp3],Google Cloud TTS<br>Voice: ru-RU-Standard-B,AnkiLangs::RU
to push,толкать,/tɐɫˈkatʲ/,[sound:al_ru_ru_to_push.mp3],Google Cloud TTS<br>Voice: ru-RU-Standard-B,AnkiLangs::RU
to run,бежать,/bʲɪˈʐatʲ/,[sound:al_ru_ru_to_run.mp3],Google Cloud TTS<br>Voice: ru-RU-Standard-B,AnkiLangs::RU
to see,видеть,/ˈvʲidʲɪtʲ/,[sound:al_ru_ru_to_see.mp3],Google Cloud TTS<br>Voice: ru-RU-Standard-B,AnkiLangs::RU
to sell,продавать,/prədɐˈvatʲ/,[sound:al_ru_ru_to_sell.mp3],Google Cloud TTS<br>Voice: ru-RU-Standard-A,AnkiLangs::RU
to shake,трясти,/trʲæsˈtʲi/,[sound:al_ru_ru_to_shake.mp3],Google Cloud TTS<br>Voice: ru-RU-Standard-A,AnkiLangs::RU
to shoot (a gun),стрелять,/strʲɪˈlʲætʲ/,[sound:al_ru_ru_to_shoot_a_gun.mp3],Google Cloud TTS<br>Voice: ru-RU-Standard-B,AnkiLangs::RU
to sign,подписывать,/pətpʲɪˈsɨvətʲ/,[sound:al_ru_ru_to_sign.mp3],Google Cloud TTS<br>Voice: ru-RU-Standard-B,AnkiLangs::RU
to sing,петь,/pʲetʲ/,[sound:al_ru_ru_to_sing.mp3],Google Cloud TTS<br>Voice: ru-RU-Standard-A,AnkiLangs::RU
to sit,сидеть,/sʲɪˈdʲetʲ/,[sound:al_ru_ru_to_sit.mp3],Google Cloud TTS<br>Voice: ru-RU-Standard-B,AnkiLangs::RU
to sleep,спать,/spatʲ/,[sound:al_ru_ru_to_sleep.mp3],Google Cloud TTS<br>Voice: ru-RU-Standard-B,AnkiLangs::RU
to smell,нюхать,/ˈnʲuxətʲ/,[sound:al_ru_ru_to_smell.mp3],Google Cloud TTS<br>Voice: ru-RU-Standard-B,AnkiLangs::RU
to smile,улыбаться,/ʊɫɨˈbat͡sːə/,[sound:al_ru_ru_to_smile.mp3],Google Cloud TTS<br>Voice: ru-RU-Standard-A,AnkiLangs::RU
to speak / to say,говорить,/ɡəvɐˈrʲitʲ/,[sound:al_ru_ru_to_speak_to_say.mp3],Google Cloud TTS<br>Voice: ru-RU-Standard-B,AnkiLangs::RU
to stand,стоять,/stɐˈjætʲ/,[sound:al_ru_ru_to_stand.mp3],Google Cloud TTS<br>Voice: ru-RU-Standard-B,AnkiLangs::RU
to stop,останавливаться,/əstənɐˈvlʲɪvət͡sːə/,[sound:al_ru_ru_to_stop.mp3],Google Cloud TTS<br>Voice: ru-RU-Standard-A,AnkiLangs::RU
to swim,плавать,/ˈpɫavətʲ/,[sound:al_ru_ru_to_swim.mp3],Google Cloud TTS<br>Voice: ru-RU-Standard-B,AnkiLangs::RU
to taste,пробовать,/ˈprobəvətʲ/,[sound:al_ru_ru_to_taste.mp3],Google Cloud TTS<br>Voice: ru-RU-Standard-A,AnkiLangs::RU
to teach,учить,/ʊˈt͡ɕitʲ/,[sound:al_ru_ru_to_teach.mp3],Google Cloud TTS<br>Voice: ru-RU-Standard-B,AnkiLangs::RU
to think,думать,/ˈdumətʲ/,[sound:al_ru_ru_to_think.mp3],Google Cloud TTS<br>Voice: ru-RU-Standard-B,AnkiLangs::RU
to throw,бросать,/brɐˈsatʲ/,[sound:al_ru_ru_to_throw.mp3],Google Cloud TTS<br>Voice: ru-RU-Standard-B,AnkiLangs::RU
to touch,трогать,/ˈtroɡətʲ/,[sound:al_ru_ru_to_touch.mp3],Google Cloud TTS<br>Voice: ru-RU-Standard-B,AnkiLangs::RU
to turn,поворачивать,/pəvɐˈrat͡ɕɪvətʲ/,[sound:al_ru_ru_to_turn.mp3],Google Cloud TTS<br>Voice: ru-RU-Standard-B,AnkiLangs::RU
to wake up,просыпаться,/prəsɨˈpat͡sːə/,[sound:al_ru_ru_to_wake_up.mp3],Google Cloud TTS<br>Voice: ru-RU-Standard-A,AnkiLangs::RU
to walk,ходить,/xɐˈdʲitʲ/,[sound:al_ru_ru_to_walk.mp3],Google Cloud TTS<br>Voice: ru-RU-Standard-A,AnkiLangs::RU
to wash,мыть,/mɨtʲ/,[sound:al_ru_ru_to_wash.mp3],Google Cloud TTS<br>Voice: ru-RU-Standard-A,AnkiLangs::RU
to watch,смотреть,/sməˈtrʲetʲ/,[sound:al_ru_ru_to_watch.mp3],Google Cloud TTS<br>Voice: ru-RU-Standard-A,AnkiLangs::RU
to wear,носить,/nɐˈsʲitʲ/,[sound:al_ru_ru_to_wear.mp3],Google Cloud TTS<br>Voice: ru-RU-Standard-B,AnkiLangs::RU
to win,побеждать,/pəbʲɪʐˈdatʲ/,[sound:al_ru_ru_to_win.mp3],Google Cloud TTS<br>Voice: ru-RU-Standard-B,AnkiLangs::RU
to work,работать,/rɐˈbotətʲ/,[sound:al_ru_ru_to_work.mp3],Google Cloud TTS<br>Voice: ru-RU-Standard-A,AnkiLangs::RU
to write,писать,/pʲɪˈsatʲ/,[sound:al_ru_ru_to_write.mp3],Google Cloud TTS<br>Voice: ru-RU-Standard-B,AnkiLangs::RU
transportation,транспорт,/trɐnsˈport/,[sound:al_ru_ru_transportation.mp3],Google Cloud TTS<br>Voice: ru-RU-Standard-B,AnkiLangs::RU
Tuesday,вторник,/ˈftornʲɪk/,[sound:al_ru_ru_tuesday.mp3],Google Cloud TTS<br>Voice: ru-RU-Standard-B,AnkiLangs::RU
twelve (12),двенадцать,/dvʲɪˈnat͡sətʲ/,[sound:al_ru_ru_twelve_12.mp3],Google Cloud TTS<br>Voice: ru-RU-Standard-A,AnkiLangs::RU
twenty (20),двадцать,/ˈdvat͡sətʲ/,[sound:al_ru_ru_twenty_20.mp3],Google Cloud TTS<br>Voice: ru-RU-Standard-A,AnkiLangs::RU
twenty-one (21),двадцать один,/ˈdvat͡sətʲ ɐˈdʲin/,[sound:al_ru_ru_twenty_one_21.mp3],Google Cloud TTS<br>Voice: ru-RU-Standard-B,AnkiLangs::RU
twenty-two (22),двадцать два,/ˈdvat͡sətʲ dva/,[sound:al_ru_ru_twenty_two_22.mp3],Google Cloud TTS<br>Voice: ru-RU-Standard-A,AnkiLangs::RU
two (2),два,/dva/,[sound:al_ru_ru_two_2.mp3],Google Cloud TTS<br>Voice: ru-RU-Standard-B,AnkiLangs::RU
ugly,уродливый,/ʊˈrodlʲɪvɨj/,[sound:al_ru_ru_ugly.mp3],Google Cloud TTS<br>Voice: ru-RU-Standard-A,AnkiLangs::RU
up,вверх,/ˈvvʲerx/,[sound:al_ru_ru_up.mp3],Google Cloud TTS<br>Voice: ru-RU-Standard-B,AnkiLangs::RU
war,война,/vɐjˈna/,[sound:al_ru_ru_war.mp3],Google Cloud TTS<br>Voice: ru-RU-Standard-B,AnkiLangs::RU
warm,тёплый,/ˈtʲɵpɫɨj/,[sound:al_ru_ru_warm.mp3],Google Cloud TTS<br>Voice: ru-RU-Standard-B,AnkiLangs::RU
water,вода,/vɐˈda/,[sound:al_ru_ru_water.mp3],Google Cloud TTS<br>Voice: ru-RU-Standard-B,AnkiLangs::RU
we,мы,/mɨ/,[sound:al_ru_ru_we.mp3],Google Cloud TTS<br>Voice: ru-RU-Standard-B,AnkiLangs::RU
weak,слабый,/ˈsɫabɨj/,[sound:al_ru_ru_weak.mp3],Google Cloud TTS<br>Voice: ru-RU-Standard-B,AnkiLangs::RU
wedding,свадьба,/ˈsvadʲbə/,[sound:al_ru_ru_wedding.mp3],Google Cloud TTS<br>Voice: ru-RU-Standard-B,AnkiLangs::RU
Wednesday,среда,/srʲɪˈda/,[sound:al_ru_ru_wednesday.mp3],Google Cloud TTS<br>Voice: ru-RU-Standard-B,AnkiLangs::RU
weight,вес,/vʲes/,[sound:al_ru_ru_weight.mp3],Google Cloud TTS<br>Voice: ru-RU-Standard-B,AnkiLangs::RU
wet,мокрый,/ˈmokrɨj/,[sound:al_ru_ru_wet.mp3],Google Cloud TTS<br>Voice: ru-RU-Standard-B,AnkiLangs::RU
white,белый,/ˈbʲeɫɨj/,[sound:al_ru_ru_white.mp3],Google Cloud TTS<br>Voice: ru-RU-Standard-B,AnkiLangs::RU
wide,широкий,/ʂɨˈrokʲɪj/,[sound:al_ru_ru_wide.mp3],Google Cloud TTS<br>Voice: ru-RU-Standard-A,AnkiLangs::RU
wine,вино,/vʲɪˈno/,[sound:al_ru_ru_wine.mp3],Google Cloud TTS<br>Voice: ru-RU-Standard-A,AnkiLangs::RU
wood,дерево,/ˈdʲerʲɪvə/,[sound:al_ru_ru_wood.mp3],Google Cloud TTS<br>Voice: ru-RU-Standard-A,AnkiLangs::RU
yellow,жёлтый,/ˈʐɵɫtɨj/,[sound:al_ru_ru_yellow.mp3],Google Cloud TTS<br>Voice: ru-RU-Standard-B,AnkiLangs::RU
yes,да,/da/,[sound:al_ru_ru_yes.mp3],Google Cloud TTS<br>Voice: ru-RU-Standard-A,AnkiLangs::RU
"you [plural, y'all]",вы,/vɨ/,[sound:al_ru_ru_you_plural_y_all.mp3],Google Cloud TTS<br>Voice: ru-RU-Standard-A,AnkiLangs::RU
you [singular],ты,/tɨ/,[sound:al_ru_ru_you_singular.mp3],Google Cloud TTS<br>Voice: ru-RU-Standard-A,AnkiLangs::RU
young,молодой,/məɫɐˈdoj/,[sound:al_ru_ru_young.mp3],Google Cloud TTS<br>Voice: ru-RU-Standard-A,AnkiLangs::RU
