key,text:en,ipa:en,audio:en,audio source:en,tags:en
alive,alive,/əˈlaɪv/,[sound:al_en_us_alive.mp3],Google Cloud TTS<br>Voice: en-US-Studio-O,AnkiLangs::EN
April,April,/ˈeɪprəl/,[sound:al_en_us_april.mp3],Google Cloud TTS<br>Voice: en-US-Studio-O,AnkiLangs::EN
art,art,/ɑrt/,[sound:al_en_us_art.mp3],Google Cloud TTS<br>Voice: en-US-Studio-Q,AnkiLangs::EN
August,August,/ˈɔɡəst/,[sound:al_en_us_august.mp3],Google Cloud TTS<br>Voice: en-US-Studio-O,AnkiLangs::EN
bad,bad,/bæd/,[sound:al_en_us_bad.mp3],Google Cloud TTS<br>Voice: en-US-Studio-Q,AnkiLangs::EN
beautiful,beautiful,/ˈbjutəfəl/,[sound:al_en_us_beautiful.mp3],Google Cloud TTS<br>Voice: en-US-Studio-Q,AnkiLangs::EN
beer,beer,/bɪr/,[sound:al_en_us_beer.mp3],Google Cloud TTS<br>Voice: en-US-Studio-O,AnkiLangs::EN
big / large,big / large,/bɪɡ lɑrdʒ/,[sound:al_en_us_big_large.mp3],Google Cloud TTS<br>Voice: en-US-Studio-O,AnkiLangs::EN
black,black,/blæk/,[sound:al_en_us_black.mp3],Google Cloud TTS<br>Voice: en-US-Studio-O,AnkiLangs::EN
blind,blind,/blaɪnd/,[sound:al_en_us_blind.mp3],Google Cloud TTS<br>Voice: en-US-Studio-Q,AnkiLangs::EN
blood,blood,/blʌd/,[sound:al_en_us_blood.mp3],Google Cloud TTS<br>Voice: en-US-Studio-O,AnkiLangs::EN
blue,blue,/bluː/,[sound:al_en_us_blue.mp3],Google Cloud TTS<br>Voice: en-US-Studio-Q,AnkiLangs::EN
breakfast,breakfast,/ˈbrɛkfəst/,[sound:al_en_us_breakfast.mp3],Google Cloud TTS<br>Voice: en-US-Studio-O,AnkiLangs::EN
brown,brown,/braʊn/,[sound:al_en_us_brown.mp3],Google Cloud TTS<br>Voice: en-US-Studio-O,AnkiLangs::EN
cheap,cheap,/tʃip/,[sound:al_en_us_cheap.mp3],Google Cloud TTS<br>Voice: en-US-Studio-O,AnkiLangs::EN
clay,clay,/kleɪ/,[sound:al_en_us_clay.mp3],Google Cloud TTS<br>Voice: en-US-Studio-O,AnkiLangs::EN
clean,clean,/klin/,[sound:al_en_us_clean.mp3],Google Cloud TTS<br>Voice: en-US-Studio-Q,AnkiLangs::EN
coffee,coffee,/ˈkɔfi/,[sound:al_en_us_coffee.mp3],Google Cloud TTS<br>Voice: en-US-Studio-O,AnkiLangs::EN
cold,cold,/koʊld/,[sound:al_en_us_cold.mp3],Google Cloud TTS<br>Voice: en-US-Studio-O,AnkiLangs::EN
cool,cool,/kul/,[sound:al_en_us_cool.mp3],Google Cloud TTS<br>Voice: en-US-Studio-O,AnkiLangs::EN
copper,copper,/ˈkɑpər/,[sound:al_en_us_copper.mp3],Google Cloud TTS<br>Voice: en-US-Studio-O,AnkiLangs::EN
curved,curved,/kɜrvd/,[sound:al_en_us_curved.mp3],Google Cloud TTS<br>Voice: en-US-Studio-O,AnkiLangs::EN
dark,dark,/dɑrk/,[sound:al_en_us_dark.mp3],Google Cloud TTS<br>Voice: en-US-Studio-Q,AnkiLangs::EN
dark blue,dark blue,/dɑrk bluː/,[sound:al_en_us_dark_blue.mp3],Google Cloud TTS<br>Voice: en-US-Studio-O,AnkiLangs::EN
dead,dead,/dɛd/,[sound:al_en_us_dead.mp3],Google Cloud TTS<br>Voice: en-US-Studio-O,AnkiLangs::EN
deaf,deaf,/dɛf/,[sound:al_en_us_deaf.mp3],Google Cloud TTS<br>Voice: en-US-Studio-O,AnkiLangs::EN
death,death,/dɛθ/,[sound:al_en_us_death.mp3],Google Cloud TTS<br>Voice: en-US-Studio-O,AnkiLangs::EN
December,December,/dɪˈsɛmbər/,[sound:al_en_us_december.mp3],Google Cloud TTS<br>Voice: en-US-Studio-Q,AnkiLangs::EN
deep,deep,/dip/,[sound:al_en_us_deep.mp3],Google Cloud TTS<br>Voice: en-US-Studio-O,AnkiLangs::EN
diamond,diamond,/ˈdaɪmənd/,[sound:al_en_us_diamond.mp3],Google Cloud TTS<br>Voice: en-US-Studio-O,AnkiLangs::EN
dinner,dinner,/ˈdɪnər/,[sound:al_en_us_dinner.mp3],Google Cloud TTS<br>Voice: en-US-Studio-O,AnkiLangs::EN
dirty,dirty,/ˈdɜrti/,[sound:al_en_us_dirty.mp3],Google Cloud TTS<br>Voice: en-US-Studio-O,AnkiLangs::EN
disease,disease,/dɪˈziz/,[sound:al_en_us_disease.mp3],Google Cloud TTS<br>Voice: en-US-Studio-Q,AnkiLangs::EN
down,down,/daʊn/,[sound:al_en_us_down.mp3],Google Cloud TTS<br>Voice: en-US-Studio-O,AnkiLangs::EN
dry,dry,/draɪ/,[sound:al_en_us_dry.mp3],Google Cloud TTS<br>Voice: en-US-Studio-Q,AnkiLangs::EN
dust,dust,/dʌst/,[sound:al_en_us_dust.mp3],Google Cloud TTS<br>Voice: en-US-Studio-Q,AnkiLangs::EN
Earth,Earth,/ɜrθ/,[sound:al_en_us_earth.mp3],Google Cloud TTS<br>Voice: en-US-Studio-O,AnkiLangs::EN
eight (8),eight,/eɪt/,[sound:al_en_us_eight_8.mp3],Google Cloud TTS<br>Voice: en-US-Studio-O,AnkiLangs::EN
eighteen (18),eighteen,/ˌeɪˈtin/,[sound:al_en_us_eighteen_18.mp3],Google Cloud TTS<br>Voice: en-US-Studio-O,AnkiLangs::EN
eighty (80),eighty,/ˈeɪti/,[sound:al_en_us_eighty_80.mp3],Google Cloud TTS<br>Voice: en-US-Studio-Q,AnkiLangs::EN
eighty-one (81),eighty-one,/ˌeɪti ˈwʌn/,[sound:al_en_us_eighty_one_81.mp3],Google Cloud TTS<br>Voice: en-US-Studio-Q,AnkiLangs::EN
eighty-two (82),eighty-two,/ˌeɪti ˈtu/,[sound:al_en_us_eighty_two_82.mp3],Google Cloud TTS<br>Voice: en-US-Studio-Q,AnkiLangs::EN
eleven (11),eleven,/ɪˈlɛvən/,[sound:al_en_us_eleven_11.mp3],Google Cloud TTS<br>Voice: en-US-Studio-O,AnkiLangs::EN
energy,energy,/ˈɛnərdʒi/,[sound:al_en_us_energy.mp3],Google Cloud TTS<br>Voice: en-US-Studio-O,AnkiLangs::EN
exercise,exercise,/ˈɛksərˌsaɪz/,[sound:al_en_us_exercise.mp3],Google Cloud TTS<br>Voice: en-US-Studio-Q,AnkiLangs::EN
expensive,expensive,/ɪkˈspɛnsɪv/,[sound:al_en_us_expensive.mp3],Google Cloud TTS<br>Voice: en-US-Studio-O,AnkiLangs::EN
famous,famous,/ˈfeɪməs/,[sound:al_en_us_famous.mp3],Google Cloud TTS<br>Voice: en-US-Studio-O,AnkiLangs::EN
fast,fast,/fæst/,[sound:al_en_us_fast.mp3],Google Cloud TTS<br>Voice: en-US-Studio-O,AnkiLangs::EN
February,February,/ˈfɛbruˌɛri/,[sound:al_en_us_february.mp3],Google Cloud TTS<br>Voice: en-US-Studio-O,AnkiLangs::EN
female,female,/ˈfiˌmeɪl/,[sound:al_en_us_female.mp3],Google Cloud TTS<br>Voice: en-US-Studio-O,AnkiLangs::EN
fifteen (15),fifteen,/ˌfɪfˈtin/,[sound:al_en_us_fifteen_15.mp3],Google Cloud TTS<br>Voice: en-US-Studio-Q,AnkiLangs::EN
fifth (5th),fifth,/fɪfθ/,[sound:al_en_us_fifth_5th.mp3],Google Cloud TTS<br>Voice: en-US-Studio-O,AnkiLangs::EN
fifty (50),fifty,/ˈfɪfti/,[sound:al_en_us_fifty_50.mp3],Google Cloud TTS<br>Voice: en-US-Studio-O,AnkiLangs::EN
fifty-one (51),fifty-one,/ˌfɪfti ˈwʌn/,[sound:al_en_us_fifty_one_51.mp3],Google Cloud TTS<br>Voice: en-US-Studio-O,AnkiLangs::EN
fifty-two (52),fifty-two,/ˌfɪfti ˈtu/,[sound:al_en_us_fifty_two_52.mp3],Google Cloud TTS<br>Voice: en-US-Studio-O,AnkiLangs::EN
first (1st),first,/fɜrst/,[sound:al_en_us_first_1st.mp3],Google Cloud TTS<br>Voice: en-US-Studio-O,AnkiLangs::EN
five (5),five,/faɪv/,[sound:al_en_us_five_5.mp3],Google Cloud TTS<br>Voice: en-US-Studio-Q,AnkiLangs::EN
flat,flat,/flæt/,[sound:al_en_us_flat.mp3],Google Cloud TTS<br>Voice: en-US-Studio-O,AnkiLangs::EN
food,food,/fud/,[sound:al_en_us_food.mp3],Google Cloud TTS<br>Voice: en-US-Studio-O,AnkiLangs::EN
forty (40),forty,/ˈfɔrti/,[sound:al_en_us_forty_40.mp3],Google Cloud TTS<br>Voice: en-US-Studio-O,AnkiLangs::EN
forty-one (41),forty-one,/ˌfɔrti ˈwʌn/,[sound:al_en_us_forty_one_41.mp3],Google Cloud TTS<br>Voice: en-US-Studio-O,AnkiLangs::EN
forty-two (42),forty-two,/ˌfɔrti ˈtu/,[sound:al_en_us_forty_two_42.mp3],Google Cloud TTS<br>Voice: en-US-Studio-O,AnkiLangs::EN
four (4),four,/fɔr/,[sound:al_en_us_four_4.mp3],Google Cloud TTS<br>Voice: en-US-Studio-O,AnkiLangs::EN
fourteen (14),fourteen,/ˌfɔrˈtin/,[sound:al_en_us_fourteen_14.mp3],Google Cloud TTS<br>Voice: en-US-Studio-O,AnkiLangs::EN
fourth (4th),fourth,/fɔrθ/,[sound:al_en_us_fourth_4th.mp3],Google Cloud TTS<br>Voice: en-US-Studio-Q,AnkiLangs::EN
Friday,Friday,/ˈfraɪdeɪ/,[sound:al_en_us_friday.mp3],Google Cloud TTS<br>Voice: en-US-Studio-O,AnkiLangs::EN
glass [material],glass,/ɡlæs/,[sound:al_en_us_glass.mp3],Google Cloud TTS<br>Voice: en-US-Studio-O,AnkiLangs::EN
God,God,/ɡɑd/,[sound:al_en_us_god.mp3],Google Cloud TTS<br>Voice: en-US-Studio-O,AnkiLangs::EN
gold,gold,/ɡoʊld/,[sound:al_en_us_gold.mp3],Google Cloud TTS<br>Voice: en-US-Studio-Q,AnkiLangs::EN
good,good,/ɡʊd/,[sound:al_en_us_good.mp3],Google Cloud TTS<br>Voice: en-US-Studio-Q,AnkiLangs::EN
gray,gray,/ɡreɪ/,[sound:al_en_us_gray.mp3],Google Cloud TTS<br>Voice: en-US-Studio-O,AnkiLangs::EN
green,green,/ɡriːn/,[sound:al_en_us_green.mp3],Google Cloud TTS<br>Voice: en-US-Studio-O,AnkiLangs::EN
happy,happy,/ˈhæpi/,[sound:al_en_us_happy.mp3],Google Cloud TTS<br>Voice: en-US-Studio-O,AnkiLangs::EN
hard,hard,/hɑrd/,[sound:al_en_us_hard.mp3],Google Cloud TTS<br>Voice: en-US-Studio-O,AnkiLangs::EN
he,he,/hi/,[sound:al_en_us_he.mp3],Google Cloud TTS<br>Voice: en-US-Studio-Q,AnkiLangs::EN
healthy,healthy,/ˈhɛlθi/,[sound:al_en_us_healthy.mp3],Google Cloud TTS<br>Voice: en-US-Studio-Q,AnkiLangs::EN
heaven,heaven,/ˈhɛvən/,[sound:al_en_us_heaven.mp3],Google Cloud TTS<br>Voice: en-US-Studio-Q,AnkiLangs::EN
heavy,heavy,/ˈhɛvi/,[sound:al_en_us_heavy.mp3],Google Cloud TTS<br>Voice: en-US-Studio-O,AnkiLangs::EN
hell,hell,/hɛl/,[sound:al_en_us_hell.mp3],Google Cloud TTS<br>Voice: en-US-Studio-O,AnkiLangs::EN
high,high,/haɪ/,[sound:al_en_us_high.mp3],Google Cloud TTS<br>Voice: en-US-Studio-Q,AnkiLangs::EN
hot,hot,/hɑt/,[sound:al_en_us_hot.mp3],Google Cloud TTS<br>Voice: en-US-Studio-O,AnkiLangs::EN
I,I,/aɪ/,[sound:al_en_us_i.mp3],Google Cloud TTS<br>Voice: en-US-Studio-O,AnkiLangs::EN
it,it,/ɪt/,[sound:al_en_us_it.mp3],Google Cloud TTS<br>Voice: en-US-Studio-O,AnkiLangs::EN
January,January,/ˈdʒænjuˌɛri/,[sound:al_en_us_january.mp3],Google Cloud TTS<br>Voice: en-US-Studio-O,AnkiLangs::EN
juice,juice,/dʒus/,[sound:al_en_us_juice.mp3],Google Cloud TTS<br>Voice: en-US-Studio-O,AnkiLangs::EN
July,July,/dʒuˈlaɪ/,[sound:al_en_us_july.mp3],Google Cloud TTS<br>Voice: en-US-Studio-Q,AnkiLangs::EN
June,June,/dʒun/,[sound:al_en_us_june.mp3],Google Cloud TTS<br>Voice: en-US-Studio-O,AnkiLangs::EN
left,left,/lɛft/,[sound:al_en_us_left.mp3],Google Cloud TTS<br>Voice: en-US-Studio-O,AnkiLangs::EN
"light [opposite of ""dark""]",light,/laɪt/,[sound:al_en_us_light_opposite_of_dark.mp3],Google Cloud TTS<br>Voice: en-US-Studio-O,AnkiLangs::EN
"light [opposite of ""heavy""]",light,/laɪt/,[sound:al_en_us_light_opposite_of_heavy.mp3],Google Cloud TTS<br>Voice: en-US-Studio-O,AnkiLangs::EN
light blue,light blue,/laɪt bluː/,[sound:al_en_us_light_blue.mp3],Google Cloud TTS<br>Voice: en-US-Studio-O,AnkiLangs::EN
long,long,/lɔŋ/,[sound:al_en_us_long.mp3],Google Cloud TTS<br>Voice: en-US-Studio-O,AnkiLangs::EN
loose,loose,/lus/,[sound:al_en_us_loose.mp3],Google Cloud TTS<br>Voice: en-US-Studio-O,AnkiLangs::EN
loud,loud,/laʊd/,[sound:al_en_us_loud.mp3],Google Cloud TTS<br>Voice: en-US-Studio-O,AnkiLangs::EN
low,low,/loʊ/,[sound:al_en_us_low.mp3],Google Cloud TTS<br>Voice: en-US-Studio-O,AnkiLangs::EN
lunch,lunch,/lʌntʃ/,[sound:al_en_us_lunch.mp3],Google Cloud TTS<br>Voice: en-US-Studio-Q,AnkiLangs::EN
male,male,/meɪl/,[sound:al_en_us_male.mp3],Google Cloud TTS<br>Voice: en-US-Studio-O,AnkiLangs::EN
March,March,/mɑrtʃ/,[sound:al_en_us_march.mp3],Google Cloud TTS<br>Voice: en-US-Studio-O,AnkiLangs::EN
marriage,marriage,/ˈmɛrɪdʒ/,[sound:al_en_us_marriage.mp3],Google Cloud TTS<br>Voice: en-US-Studio-O,AnkiLangs::EN
material,material,/məˈtɪriəl/,[sound:al_en_us_material.mp3],Google Cloud TTS<br>Voice: en-US-Studio-O,AnkiLangs::EN
May,May,/meɪ/,[sound:al_en_us_may.mp3],Google Cloud TTS<br>Voice: en-US-Studio-O,AnkiLangs::EN
mean,mean,/min/,[sound:al_en_us_mean.mp3],Google Cloud TTS<br>Voice: en-US-Studio-O,AnkiLangs::EN
medicine,medicine,/ˈmɛdəsən/,[sound:al_en_us_medicine.mp3],Google Cloud TTS<br>Voice: en-US-Studio-O,AnkiLangs::EN
metal,metal,/ˈmɛtəl/,[sound:al_en_us_metal.mp3],Google Cloud TTS<br>Voice: en-US-Studio-O,AnkiLangs::EN
milk,milk,/mɪlk/,[sound:al_en_us_milk.mp3],Google Cloud TTS<br>Voice: en-US-Studio-O,AnkiLangs::EN
Monday,Monday,/ˈmʌndeɪ/,[sound:al_en_us_monday.mp3],Google Cloud TTS<br>Voice: en-US-Studio-O,AnkiLangs::EN
money,money,/ˈmʌni/,[sound:al_en_us_money.mp3],Google Cloud TTS<br>Voice: en-US-Studio-Q,AnkiLangs::EN
murder,murder,/ˈmɜrdər/,[sound:al_en_us_murder.mp3],Google Cloud TTS<br>Voice: en-US-Studio-O,AnkiLangs::EN
music,music,/ˈmjuzɪk/,[sound:al_en_us_music.mp3],Google Cloud TTS<br>Voice: en-US-Studio-Q,AnkiLangs::EN
narrow,narrow,/ˈnæroʊ/,[sound:al_en_us_narrow.mp3],Google Cloud TTS<br>Voice: en-US-Studio-Q,AnkiLangs::EN
nature,nature,/ˈneɪtʃər/,[sound:al_en_us_nature.mp3],Google Cloud TTS<br>Voice: en-US-Studio-O,AnkiLangs::EN
new,new,/nu/,[sound:al_en_us_new.mp3],Google Cloud TTS<br>Voice: en-US-Studio-O,AnkiLangs::EN
nice,nice,/naɪs/,[sound:al_en_us_nice.mp3],Google Cloud TTS<br>Voice: en-US-Studio-Q,AnkiLangs::EN
nine (9),nine,/naɪn/,[sound:al_en_us_nine_9.mp3],Google Cloud TTS<br>Voice: en-US-Studio-Q,AnkiLangs::EN
nineteen (19),nineteen,/ˌnaɪnˈtin/,[sound:al_en_us_nineteen_19.mp3],Google Cloud TTS<br>Voice: en-US-Studio-Q,AnkiLangs::EN
ninety (90),ninety,/ˈnaɪnti/,[sound:al_en_us_ninety_90.mp3],Google Cloud TTS<br>Voice: en-US-Studio-O,AnkiLangs::EN
ninety-one (91),ninety-one,/ˌnaɪnti ˈwʌn/,[sound:al_en_us_ninety_one_91.mp3],Google Cloud TTS<br>Voice: en-US-Studio-O,AnkiLangs::EN
ninety-two (92),ninety-two,/ˌnaɪnti ˈtu/,[sound:al_en_us_ninety_two_92.mp3],Google Cloud TTS<br>Voice: en-US-Studio-Q,AnkiLangs::EN
no,no,/noʊ/,[sound:al_en_us_no.mp3],Google Cloud TTS<br>Voice: en-US-Studio-O,AnkiLangs::EN
November,November,/noʊˈvɛmbər/,[sound:al_en_us_november.mp3],Google Cloud TTS<br>Voice: en-US-Studio-O,AnkiLangs::EN
nuclear,nuclear,/ˈnukliər/,[sound:al_en_us_nuclear.mp3],Google Cloud TTS<br>Voice: en-US-Studio-O,AnkiLangs::EN
October,October,/ɑkˈtoʊbər/,[sound:al_en_us_october.mp3],Google Cloud TTS<br>Voice: en-US-Studio-O,AnkiLangs::EN
oil,oil,/ɔɪl/,[sound:al_en_us_oil.mp3],Google Cloud TTS<br>Voice: en-US-Studio-O,AnkiLangs::EN
"old [opposite of ""new""]",old,/oʊld/,[sound:al_en_us_old_opposite_of_new.mp3],Google Cloud TTS<br>Voice: en-US-Studio-Q,AnkiLangs::EN
"old [opposite of ""young""]",old,/oʊld/,[sound:al_en_us_old_opposite_of_young.mp3],Google Cloud TTS<br>Voice: en-US-Studio-O,AnkiLangs::EN
one (1),one,/wʌn/,[sound:al_en_us_one_1.mp3],Google Cloud TTS<br>Voice: en-US-Studio-O,AnkiLangs::EN
"one billion (1,000,000,000)",one billion,/wʌn ˈbɪljən/,[sound:al_en_us_one_billion_1_000_000_000.mp3],Google Cloud TTS<br>Voice: en-US-Studio-O,AnkiLangs::EN
one hundred (100),one hundred,/wʌn ˈhʌndrəd/,[sound:al_en_us_one_hundred_100.mp3],Google Cloud TTS<br>Voice: en-US-Studio-O,AnkiLangs::EN
one hundred eleven (111),one hundred eleven,/wʌn ˈhʌndrəd ɪˈlɛvən/,[sound:al_en_us_one_hundred_eleven_111.mp3],Google Cloud TTS<br>Voice: en-US-Studio-O,AnkiLangs::EN
one hundred one (101),one hundred one,/wʌn ˈhʌndrəd ˈwʌn/,[sound:al_en_us_one_hundred_one_101.mp3],Google Cloud TTS<br>Voice: en-US-Studio-O,AnkiLangs::EN
one hundred ten (110),one hundred ten,/wʌn ˈhʌndrəd ˈtɛn/,[sound:al_en_us_one_hundred_ten_110.mp3],Google Cloud TTS<br>Voice: en-US-Studio-Q,AnkiLangs::EN
"one hundred thousand (100,000)",one hundred thousand,/wʌn ˈhʌndrəd ˈθaʊzənd/,[sound:al_en_us_one_hundred_thousand_100_000.mp3],Google Cloud TTS<br>Voice: en-US-Studio-O,AnkiLangs::EN
one hundred two (102),one hundred two,/wʌn ˈhʌndrəd ˈtu/,[sound:al_en_us_one_hundred_two_102.mp3],Google Cloud TTS<br>Voice: en-US-Studio-O,AnkiLangs::EN
"one million (1,000,000)",one million,/wʌn ˈmɪljən/,[sound:al_en_us_one_million_1_000_000.mp3],Google Cloud TTS<br>Voice: en-US-Studio-O,AnkiLangs::EN
one thousand (1000),one thousand,/wʌn ˈθaʊzənd/,[sound:al_en_us_one_thousand_1000.mp3],Google Cloud TTS<br>Voice: en-US-Studio-O,AnkiLangs::EN
one thousand one (1001),one thousand one,/wʌn ˈθaʊzənd ˈwʌn/,[sound:al_en_us_one_thousand_one_1001.mp3],Google Cloud TTS<br>Voice: en-US-Studio-O,AnkiLangs::EN
orange,orange,/ˈɔrɪndʒ/,[sound:al_en_us_orange.mp3],Google Cloud TTS<br>Voice: en-US-Studio-Q,AnkiLangs::EN
pain,pain,/peɪn/,[sound:al_en_us_pain.mp3],Google Cloud TTS<br>Voice: en-US-Studio-O,AnkiLangs::EN
peace,peace,/pis/,[sound:al_en_us_peace.mp3],Google Cloud TTS<br>Voice: en-US-Studio-O,AnkiLangs::EN
pink,pink,/pɪŋk/,[sound:al_en_us_pink.mp3],Google Cloud TTS<br>Voice: en-US-Studio-O,AnkiLangs::EN
plastic,plastic,/ˈplæstɪk/,[sound:al_en_us_plastic.mp3],Google Cloud TTS<br>Voice: en-US-Studio-Q,AnkiLangs::EN
poison,poison,/ˈpɔɪzən/,[sound:al_en_us_poison.mp3],Google Cloud TTS<br>Voice: en-US-Studio-O,AnkiLangs::EN
poor,poor,/pʊr/,[sound:al_en_us_poor.mp3],Google Cloud TTS<br>Voice: en-US-Studio-Q,AnkiLangs::EN
prison,prison,/ˈprɪzən/,[sound:al_en_us_prison.mp3],Google Cloud TTS<br>Voice: en-US-Studio-Q,AnkiLangs::EN
quiet,quiet,/ˈkwaɪət/,[sound:al_en_us_quiet.mp3],Google Cloud TTS<br>Voice: en-US-Studio-O,AnkiLangs::EN
race [human group],race,/reɪs/,[sound:al_en_us_race_ethnicity.mp3],Google Cloud TTS<br>Voice: en-US-Studio-O,AnkiLangs::EN
race [sport],race,/reɪs/,[sound:al_en_us_race_sport.mp3],Google Cloud TTS<br>Voice: en-US-Studio-O,AnkiLangs::EN
red,red,/rɛd/,[sound:al_en_us_red.mp3],Google Cloud TTS<br>Voice: en-US-Studio-O,AnkiLangs::EN
relationship,relationship,/rɪˈleɪʃənˌʃɪp/,[sound:al_en_us_relationship.mp3],Google Cloud TTS<br>Voice: en-US-Studio-Q,AnkiLangs::EN
religion,religion,/rɪˈlɪdʒən/,[sound:al_en_us_religion.mp3],Google Cloud TTS<br>Voice: en-US-Studio-Q,AnkiLangs::EN
rice,rice,/raɪs/,[sound:al_en_us_rice.mp3],Google Cloud TTS<br>Voice: en-US-Studio-O,AnkiLangs::EN
rich,rich,/rɪtʃ/,[sound:al_en_us_rich.mp3],Google Cloud TTS<br>Voice: en-US-Studio-O,AnkiLangs::EN
right [direction],right,/raɪt/,[sound:al_en_us_right.mp3],Google Cloud TTS<br>Voice: en-US-Studio-Q,AnkiLangs::EN
sad,sad,/sæd/,[sound:al_en_us_sad.mp3],Google Cloud TTS<br>Voice: en-US-Studio-O,AnkiLangs::EN
salt,salt,/sɔlt/,[sound:al_en_us_salt.mp3],Google Cloud TTS<br>Voice: en-US-Studio-O,AnkiLangs::EN
Saturday,Saturday,/ˈsætərdeɪ/,[sound:al_en_us_saturday.mp3],Google Cloud TTS<br>Voice: en-US-Studio-O,AnkiLangs::EN
science,science,/ˈsaɪəns/,[sound:al_en_us_science.mp3],Google Cloud TTS<br>Voice: en-US-Studio-O,AnkiLangs::EN
second (2nd),second,/ˈsɛkənd/,[sound:al_en_us_second_2nd.mp3],Google Cloud TTS<br>Voice: en-US-Studio-O,AnkiLangs::EN
September,September,/sɛpˈtɛmbər/,[sound:al_en_us_september.mp3],Google Cloud TTS<br>Voice: en-US-Studio-Q,AnkiLangs::EN
seven (7),seven,/ˈsɛvən/,[sound:al_en_us_seven_7.mp3],Google Cloud TTS<br>Voice: en-US-Studio-Q,AnkiLangs::EN
seventeen (17),seventeen,/ˌsɛvənˈtin/,[sound:al_en_us_seventeen_17.mp3],Google Cloud TTS<br>Voice: en-US-Studio-O,AnkiLangs::EN
seventy (70),seventy,/ˈsɛvənti/,[sound:al_en_us_seventy_70.mp3],Google Cloud TTS<br>Voice: en-US-Studio-O,AnkiLangs::EN
seventy-one (71),seventy-one,/ˌsɛvənti ˈwʌn/,[sound:al_en_us_seventy_one_71.mp3],Google Cloud TTS<br>Voice: en-US-Studio-O,AnkiLangs::EN
seventy-two (72),seventy-two,/ˌsɛvənti ˈtu/,[sound:al_en_us_seventy_two_72.mp3],Google Cloud TTS<br>Voice: en-US-Studio-O,AnkiLangs::EN
sex [gender],sex,/sɛks/,[sound:al_en_us_sex_gender.mp3],Google Cloud TTS<br>Voice: en-US-Studio-O,AnkiLangs::EN
sex [the act],sex,/sɛks/,[sound:al_en_us_sex_the_act.mp3],Google Cloud TTS<br>Voice: en-US-Studio-O,AnkiLangs::EN
shallow,shallow,/ˈʃæloʊ/,[sound:al_en_us_shallow.mp3],Google Cloud TTS<br>Voice: en-US-Studio-O,AnkiLangs::EN
she,she,/ʃi/,[sound:al_en_us_she.mp3],Google Cloud TTS<br>Voice: en-US-Studio-O,AnkiLangs::EN
"short [opposite of ""long""]",short,/ʃɔrt/,[sound:al_en_us_short_opposite_of_long.mp3],Google Cloud TTS<br>Voice: en-US-Studio-Q,AnkiLangs::EN
"short [opposite of ""tall""]",short,/ʃɔrt/,[sound:al_en_us_short_opposite_of_tall.mp3],Google Cloud TTS<br>Voice: en-US-Studio-O,AnkiLangs::EN
sick,sick,/sɪk/,[sound:al_en_us_sick.mp3],Google Cloud TTS<br>Voice: en-US-Studio-O,AnkiLangs::EN
silver,silver,/ˈsɪlvər/,[sound:al_en_us_silver.mp3],Google Cloud TTS<br>Voice: en-US-Studio-O,AnkiLangs::EN
six (6),six,/sɪks/,[sound:al_en_us_six_6.mp3],Google Cloud TTS<br>Voice: en-US-Studio-O,AnkiLangs::EN
sixteen (16),sixteen,/ˌsɪksˈtin/,[sound:al_en_us_sixteen_16.mp3],Google Cloud TTS<br>Voice: en-US-Studio-Q,AnkiLangs::EN
sixty (60),sixty,/ˈsɪksti/,[sound:al_en_us_sixty_60.mp3],Google Cloud TTS<br>Voice: en-US-Studio-O,AnkiLangs::EN
sixty-one (61),sixty-one,/ˌsɪksti ˈwʌn/,[sound:al_en_us_sixty_one_61.mp3],Google Cloud TTS<br>Voice: en-US-Studio-Q,AnkiLangs::EN
sixty-two (62),sixty-two,/ˌsɪksti ˈtu/,[sound:al_en_us_sixty_two_62.mp3],Google Cloud TTS<br>Voice: en-US-Studio-Q,AnkiLangs::EN
slow,slow,/sloʊ/,[sound:al_en_us_slow.mp3],Google Cloud TTS<br>Voice: en-US-Studio-O,AnkiLangs::EN
small / little,small / little,/smɔl ˈlɪtəl/,[sound:al_en_us_small_little.mp3],Google Cloud TTS<br>Voice: en-US-Studio-O,AnkiLangs::EN
soft,soft,/sɔft/,[sound:al_en_us_soft.mp3],Google Cloud TTS<br>Voice: en-US-Studio-Q,AnkiLangs::EN
soil/earth [ground],soil/earth,/sɔɪl ɜrθ/,[sound:al_en_us_soil_earth_ground.mp3],Google Cloud TTS<br>Voice: en-US-Studio-O,AnkiLangs::EN
space (outer space),space (outer space),/ˈspeɪs/,[sound:al_en_us_space_outer_space.mp3],Google Cloud TTS<br>Voice: en-US-Studio-Q,AnkiLangs::EN
sport,sport,/spɔrt/,[sound:al_en_us_sport.mp3],Google Cloud TTS<br>Voice: en-US-Studio-Q,AnkiLangs::EN
stone,stone,/stoʊn/,[sound:al_en_us_stone.mp3],Google Cloud TTS<br>Voice: en-US-Studio-O,AnkiLangs::EN
straight,straight,/streɪt/,[sound:al_en_us_straight.mp3],Google Cloud TTS<br>Voice: en-US-Studio-O,AnkiLangs::EN
strong,strong,/strɔŋ/,[sound:al_en_us_strong.mp3],Google Cloud TTS<br>Voice: en-US-Studio-Q,AnkiLangs::EN
sugar,sugar,/ˈʃʊɡər/,[sound:al_en_us_sugar.mp3],Google Cloud TTS<br>Voice: en-US-Studio-O,AnkiLangs::EN
Sunday,Sunday,/ˈsʌndeɪ/,[sound:al_en_us_sunday.mp3],Google Cloud TTS<br>Voice: en-US-Studio-O,AnkiLangs::EN
sweat,sweat,/swɛt/,[sound:al_en_us_sweat.mp3],Google Cloud TTS<br>Voice: en-US-Studio-O,AnkiLangs::EN
tall,tall,/tɔl/,[sound:al_en_us_tall.mp3],Google Cloud TTS<br>Voice: en-US-Studio-O,AnkiLangs::EN
tea,tea,/ti/,[sound:al_en_us_tea.mp3],Google Cloud TTS<br>Voice: en-US-Studio-O,AnkiLangs::EN
technology,technology,/tɛkˈnɑlədʒi/,[sound:al_en_us_technology.mp3],Google Cloud TTS<br>Voice: en-US-Studio-Q,AnkiLangs::EN
temperature,temperature,/ˈtɛmpərətʃər/,[sound:al_en_us_temperature.mp3],Google Cloud TTS<br>Voice: en-US-Studio-O,AnkiLangs::EN
ten (10),ten,/tɛn/,[sound:al_en_us_ten_10.mp3],Google Cloud TTS<br>Voice: en-US-Studio-O,AnkiLangs::EN
"ten thousand (10,000)",ten thousand,/tɛn ˈθaʊzənd/,[sound:al_en_us_ten_thousand_10_000.mp3],Google Cloud TTS<br>Voice: en-US-Studio-O,AnkiLangs::EN
the (train) ticket,the (train) ticket,/ðə ˈtɪkɪt/,[sound:al_en_us_the_train_ticket.mp3],Google Cloud TTS<br>Voice: en-US-Studio-Q,AnkiLangs::EN
the actor,the actor,/ði ˈæktər/,[sound:al_en_us_the_actor.mp3],Google Cloud TTS<br>Voice: en-US-Studio-O,AnkiLangs::EN
the adjective,the adjective,/ði ˈædʒɪktɪv/,[sound:al_en_us_the_adjective.mp3],Google Cloud TTS<br>Voice: en-US-Studio-O,AnkiLangs::EN
the adult,the adult,/ðə əˈdʌlt/,[sound:al_en_us_the_adult.mp3],Google Cloud TTS<br>Voice: en-US-Studio-O,AnkiLangs::EN
the afternoon,the afternoon,/ði ˌæftərˈnun/,[sound:al_en_us_the_afternoon.mp3],Google Cloud TTS<br>Voice: en-US-Studio-Q,AnkiLangs::EN
the air,the air,/ði ɛr/,[sound:al_en_us_the_air.mp3],Google Cloud TTS<br>Voice: en-US-Studio-O,AnkiLangs::EN
the airport,the airport,/ði ˈɛrˌpɔrt/,[sound:al_en_us_the_airport.mp3],Google Cloud TTS<br>Voice: en-US-Studio-O,AnkiLangs::EN
the animal,the animal,/ði ˈænəməl/,[sound:al_en_us_the_animal.mp3],Google Cloud TTS<br>Voice: en-US-Studio-O,AnkiLangs::EN
the apartment,the apartment,/ði əˈpɑrtmənt/,[sound:al_en_us_the_apartment.mp3],Google Cloud TTS<br>Voice: en-US-Studio-O,AnkiLangs::EN
the apple,the apple,/ði ˈæpəl/,[sound:al_en_us_the_apple.mp3],Google Cloud TTS<br>Voice: en-US-Studio-O,AnkiLangs::EN
the arm,the arm,/ði ɑrm/,[sound:al_en_us_the_arm.mp3],Google Cloud TTS<br>Voice: en-US-Studio-O,AnkiLangs::EN
the army,the army,/ði ˈɑrmi/,[sound:al_en_us_the_army.mp3],Google Cloud TTS<br>Voice: en-US-Studio-O,AnkiLangs::EN
the artist,the artist,/ði ˈɑrtɪst/,[sound:al_en_us_the_artist.mp3],Google Cloud TTS<br>Voice: en-US-Studio-O,AnkiLangs::EN
the attack,the attack,/ði əˈtæk/,[sound:al_en_us_the_attack.mp3],Google Cloud TTS<br>Voice: en-US-Studio-O,AnkiLangs::EN
the author,the author,/ði ˈɔθər/,[sound:al_en_us_the_author.mp3],Google Cloud TTS<br>Voice: en-US-Studio-O,AnkiLangs::EN
the baby,the baby,/ðə ˈbeɪbi/,[sound:al_en_us_the_baby.mp3],Google Cloud TTS<br>Voice: en-US-Studio-Q,AnkiLangs::EN
the back [anatomy],the back,/ðə bæk/,[sound:al_en_us_the_back_anatomy.mp3],Google Cloud TTS<br>Voice: en-US-Studio-O,AnkiLangs::EN
the back [location],the back,/ðə bæk/,[sound:al_en_us_the_back_location.mp3],Google Cloud TTS<br>Voice: en-US-Studio-O,AnkiLangs::EN
the bag,the bag,/ðə bæɡ/,[sound:al_en_us_the_bag.mp3],Google Cloud TTS<br>Voice: en-US-Studio-Q,AnkiLangs::EN
the ball,the ball,/ðə bɔl/,[sound:al_en_us_the_ball.mp3],Google Cloud TTS<br>Voice: en-US-Studio-Q,AnkiLangs::EN
the banana,the banana,/ðə bəˈnænə/,[sound:al_en_us_the_banana.mp3],Google Cloud TTS<br>Voice: en-US-Studio-O,AnkiLangs::EN
the band [music],the band,/ðə bænd/,[sound:al_en_us_the_band_music.mp3],Google Cloud TTS<br>Voice: en-US-Studio-O,AnkiLangs::EN
the bank,the bank,/ðə bæŋk/,[sound:al_en_us_the_bank.mp3],Google Cloud TTS<br>Voice: en-US-Studio-O,AnkiLangs::EN
the bar,the bar,/ðə bɑr/,[sound:al_en_us_the_bar.mp3],Google Cloud TTS<br>Voice: en-US-Studio-Q,AnkiLangs::EN
the bathroom,the bathroom,/ðə ˈbæθˌrum/,[sound:al_en_us_the_bathroom.mp3],Google Cloud TTS<br>Voice: en-US-Studio-Q,AnkiLangs::EN
the beach,the beach,/ðə bitʃ/,[sound:al_en_us_the_beach.mp3],Google Cloud TTS<br>Voice: en-US-Studio-Q,AnkiLangs::EN
the beard,the beard,/ðə bɪrd/,[sound:al_en_us_the_beard.mp3],Google Cloud TTS<br>Voice: en-US-Studio-Q,AnkiLangs::EN
the bed,the bed,/ðə bɛd/,[sound:al_en_us_the_bed.mp3],Google Cloud TTS<br>Voice: en-US-Studio-O,AnkiLangs::EN
the bedroom,the bedroom,/ðə ˈbɛdˌrum/,[sound:al_en_us_the_bedroom.mp3],Google Cloud TTS<br>Voice: en-US-Studio-O,AnkiLangs::EN
the beef,the beef,/ðə bif/,[sound:al_en_us_the_beef.mp3],Google Cloud TTS<br>Voice: en-US-Studio-Q,AnkiLangs::EN
the beverage,the beverage,/ðə ˈbɛvərɪdʒ/,[sound:al_en_us_the_beverage.mp3],Google Cloud TTS<br>Voice: en-US-Studio-O,AnkiLangs::EN
the bicycle,the bicycle,/ðə ˈbaɪsɪkəl/,[sound:al_en_us_the_bicycle.mp3],Google Cloud TTS<br>Voice: en-US-Studio-O,AnkiLangs::EN
the bill [bank note],the bill,/ðə bɪl/,[sound:al_en_us_the_bill_bank_note.mp3],Google Cloud TTS<br>Voice: en-US-Studio-O,AnkiLangs::EN
the bird,the bird,/ðə bɜrd/,[sound:al_en_us_the_bird.mp3],Google Cloud TTS<br>Voice: en-US-Studio-O,AnkiLangs::EN
the boat,the boat,/ðə boʊt/,[sound:al_en_us_the_boat.mp3],Google Cloud TTS<br>Voice: en-US-Studio-O,AnkiLangs::EN
the body,the body,/ðə ˈbɑdi/,[sound:al_en_us_the_body.mp3],Google Cloud TTS<br>Voice: en-US-Studio-O,AnkiLangs::EN
the bone,the bone,/ðə boʊn/,[sound:al_en_us_the_bone.mp3],Google Cloud TTS<br>Voice: en-US-Studio-Q,AnkiLangs::EN
the book,the book,/ðə bʊk/,[sound:al_en_us_the_book.mp3],Google Cloud TTS<br>Voice: en-US-Studio-O,AnkiLangs::EN
the bottle,the bottle,/ðə ˈbɑtəl/,[sound:al_en_us_the_bottle.mp3],Google Cloud TTS<br>Voice: en-US-Studio-Q,AnkiLangs::EN
the bottom,the bottom,/ðə ˈbɑtəm/,[sound:al_en_us_the_bottom.mp3],Google Cloud TTS<br>Voice: en-US-Studio-Q,AnkiLangs::EN
the box,the box,/ðə bɑks/,[sound:al_en_us_the_box.mp3],Google Cloud TTS<br>Voice: en-US-Studio-O,AnkiLangs::EN
the boy,the boy,/ðə bɔɪ/,[sound:al_en_us_the_boy.mp3],Google Cloud TTS<br>Voice: en-US-Studio-Q,AnkiLangs::EN
the brain,the brain,/ðə breɪn/,[sound:al_en_us_the_brain.mp3],Google Cloud TTS<br>Voice: en-US-Studio-O,AnkiLangs::EN
the bread,the bread,/ðə brɛd/,[sound:al_en_us_the_bread.mp3],Google Cloud TTS<br>Voice: en-US-Studio-Q,AnkiLangs::EN
the bridge,the bridge,/ðə brɪdʒ/,[sound:al_en_us_the_bridge.mp3],Google Cloud TTS<br>Voice: en-US-Studio-Q,AnkiLangs::EN
the brother,the brother,/ðə ˈbrʌðɚ/,[sound:al_en_us_the_brother.mp3],Google Cloud TTS<br>Voice: en-US-Studio-O,AnkiLangs::EN
the building,the building,/ðə ˈbɪldɪŋ/,[sound:al_en_us_the_building.mp3],Google Cloud TTS<br>Voice: en-US-Studio-Q,AnkiLangs::EN
the bus,the bus,/ðə bʌs/,[sound:al_en_us_the_bus.mp3],Google Cloud TTS<br>Voice: en-US-Studio-Q,AnkiLangs::EN
the cake,the cake,/ðə keɪk/,[sound:al_en_us_the_cake.mp3],Google Cloud TTS<br>Voice: en-US-Studio-Q,AnkiLangs::EN
the camera,the camera,/ðə ˈkæmərə/,[sound:al_en_us_the_camera.mp3],Google Cloud TTS<br>Voice: en-US-Studio-Q,AnkiLangs::EN
the camp,the camp,/ðə kæmp/,[sound:al_en_us_the_camp.mp3],Google Cloud TTS<br>Voice: en-US-Studio-O,AnkiLangs::EN
the car,the car,/ðə kɑr/,[sound:al_en_us_the_car.mp3],Google Cloud TTS<br>Voice: en-US-Studio-O,AnkiLangs::EN
the card,the card,/ðə kɑrd/,[sound:al_en_us_the_card.mp3],Google Cloud TTS<br>Voice: en-US-Studio-O,AnkiLangs::EN
the cat,the cat,/ðə kæt/,[sound:al_en_us_the_cat.mp3],Google Cloud TTS<br>Voice: en-US-Studio-O,AnkiLangs::EN
the ceiling,the ceiling,/ðə ˈsilɪŋ/,[sound:al_en_us_the_ceiling.mp3],Google Cloud TTS<br>Voice: en-US-Studio-O,AnkiLangs::EN
the cell phone,the cell phone,/ðə sɛl foʊn/,[sound:al_en_us_the_cell_phone.mp3],Google Cloud TTS<br>Voice: en-US-Studio-Q,AnkiLangs::EN
the centimeter,the centimeter,/ðə ˈsɛntəˌmitər/,[sound:al_en_us_the_centimeter.mp3],Google Cloud TTS<br>Voice: en-US-Studio-O,AnkiLangs::EN
the chair,the chair,/ðə tʃɛr/,[sound:al_en_us_the_chair.mp3],Google Cloud TTS<br>Voice: en-US-Studio-O,AnkiLangs::EN
the cheese,the cheese,/ðə tʃiz/,[sound:al_en_us_the_cheese.mp3],Google Cloud TTS<br>Voice: en-US-Studio-O,AnkiLangs::EN
the chicken,the chicken,/ðə ˈtʃɪkən/,[sound:al_en_us_the_chicken.mp3],Google Cloud TTS<br>Voice: en-US-Studio-O,AnkiLangs::EN
the child,the child,/ðə tʃaɪld/,[sound:al_en_us_the_child.mp3],Google Cloud TTS<br>Voice: en-US-Studio-Q,AnkiLangs::EN
the church,the church,/ðə tʃɝtʃ/,[sound:al_en_us_the_church.mp3],Google Cloud TTS<br>Voice: en-US-Studio-O,AnkiLangs::EN
the circle,the circle,/ðə ˈsɜrkəl/,[sound:al_en_us_the_circle.mp3],Google Cloud TTS<br>Voice: en-US-Studio-Q,AnkiLangs::EN
the city,the city,/ðə ˈsɪti/,[sound:al_en_us_the_city.mp3],Google Cloud TTS<br>Voice: en-US-Studio-Q,AnkiLangs::EN
the clock,the clock,/ðə klɑk/,[sound:al_en_us_the_clock.mp3],Google Cloud TTS<br>Voice: en-US-Studio-O,AnkiLangs::EN
the clothing,the clothing,/ðə ˈkloʊðɪŋ/,[sound:al_en_us_the_clothing.mp3],Google Cloud TTS<br>Voice: en-US-Studio-Q,AnkiLangs::EN
the club,the club,/ðə klʌb/,[sound:al_en_us_the_club.mp3],Google Cloud TTS<br>Voice: en-US-Studio-Q,AnkiLangs::EN
the coat,the coat,/ðə koʊt/,[sound:al_en_us_the_coat.mp3],Google Cloud TTS<br>Voice: en-US-Studio-Q,AnkiLangs::EN
the color,the color,/ðə ˈkʌlər/,[sound:al_en_us_the_color.mp3],Google Cloud TTS<br>Voice: en-US-Studio-O,AnkiLangs::EN
the computer,the computer,/ðə kəmˈpjutər/,[sound:al_en_us_the_computer.mp3],Google Cloud TTS<br>Voice: en-US-Studio-O,AnkiLangs::EN
the consonant,the consonant,/ðə ˈkɑnsənənt/,[sound:al_en_us_the_consonant.mp3],Google Cloud TTS<br>Voice: en-US-Studio-O,AnkiLangs::EN
the contract,the contract,/ðə ˈkɑnˌtrækt/,[sound:al_en_us_the_contract.mp3],Google Cloud TTS<br>Voice: en-US-Studio-O,AnkiLangs::EN
the corn,the corn,/ðə kɔrn/,[sound:al_en_us_the_corn.mp3],Google Cloud TTS<br>Voice: en-US-Studio-O,AnkiLangs::EN
the corner,the corner,/ðə ˈkɔrnər/,[sound:al_en_us_the_corner.mp3],Google Cloud TTS<br>Voice: en-US-Studio-Q,AnkiLangs::EN
"the country (USA, France, etc.)","the country (USA, France, etc.)",/ðə ˈkʌntri/,[sound:al_en_us_the_country_usa_france_etc.mp3],Google Cloud TTS<br>Voice: en-US-Studio-Q,AnkiLangs::EN
the court,the court,/ðə kɔrt/,[sound:al_en_us_the_court.mp3],Google Cloud TTS<br>Voice: en-US-Studio-Q,AnkiLangs::EN
the cow,the cow,/ðə kaʊ/,[sound:al_en_us_the_cow.mp3],Google Cloud TTS<br>Voice: en-US-Studio-O,AnkiLangs::EN
the crowd,the crowd,/ðə kraʊd/,[sound:al_en_us_the_crowd.mp3],Google Cloud TTS<br>Voice: en-US-Studio-Q,AnkiLangs::EN
the cup,the cup,/ðə kʌp/,[sound:al_en_us_the_cup.mp3],Google Cloud TTS<br>Voice: en-US-Studio-O,AnkiLangs::EN
the date,the date,/ðə deɪt/,[sound:al_en_us_the_date.mp3],Google Cloud TTS<br>Voice: en-US-Studio-O,AnkiLangs::EN
the daughter,the daughter,/ðə ˈdɔːtɚ/,[sound:al_en_us_the_daughter.mp3],Google Cloud TTS<br>Voice: en-US-Studio-O,AnkiLangs::EN
the day,the day,/ðə deɪ/,[sound:al_en_us_the_day.mp3],Google Cloud TTS<br>Voice: en-US-Studio-O,AnkiLangs::EN
the direction,the direction,/ðə dəˈrɛkʃən/,[sound:al_en_us_the_direction.mp3],Google Cloud TTS<br>Voice: en-US-Studio-O,AnkiLangs::EN
the doctor,the doctor,/ðə ˈdɑktər/,[sound:al_en_us_the_doctor.mp3],Google Cloud TTS<br>Voice: en-US-Studio-O,AnkiLangs::EN
the dog,the dog,/ðə dɔɡ/,[sound:al_en_us_the_dog.mp3],Google Cloud TTS<br>Voice: en-US-Studio-Q,AnkiLangs::EN
the dollar,the dollar,/ðə ˈdɑlər/,[sound:al_en_us_the_dollar.mp3],Google Cloud TTS<br>Voice: en-US-Studio-O,AnkiLangs::EN
the door,the door,/ðə dɔr/,[sound:al_en_us_the_door.mp3],Google Cloud TTS<br>Voice: en-US-Studio-O,AnkiLangs::EN
the dot,the dot,/ðə dɑt/,[sound:al_en_us_the_dot.mp3],Google Cloud TTS<br>Voice: en-US-Studio-Q,AnkiLangs::EN
the dream,the dream,/ðə drim/,[sound:al_en_us_the_dream.mp3],Google Cloud TTS<br>Voice: en-US-Studio-O,AnkiLangs::EN
the dress,the dress,/ðə drɛs/,[sound:al_en_us_the_dress.mp3],Google Cloud TTS<br>Voice: en-US-Studio-O,AnkiLangs::EN
the drug,the drug,/ðə drʌɡ/,[sound:al_en_us_the_drug.mp3],Google Cloud TTS<br>Voice: en-US-Studio-Q,AnkiLangs::EN
the ear,the ear,/ði ɪr/,[sound:al_en_us_the_ear.mp3],Google Cloud TTS<br>Voice: en-US-Studio-Q,AnkiLangs::EN
the east,the east,/ði ist/,[sound:al_en_us_the_east.mp3],Google Cloud TTS<br>Voice: en-US-Studio-O,AnkiLangs::EN
the edge,the edge,/ði ɛdʒ/,[sound:al_en_us_the_edge.mp3],Google Cloud TTS<br>Voice: en-US-Studio-O,AnkiLangs::EN
the egg,the egg,/ði ɛɡ/,[sound:al_en_us_the_egg.mp3],Google Cloud TTS<br>Voice: en-US-Studio-Q,AnkiLangs::EN
the election,the election,/ði ɪˈlɛkʃən/,[sound:al_en_us_the_election.mp3],Google Cloud TTS<br>Voice: en-US-Studio-Q,AnkiLangs::EN
the engine,the engine,/ði ˈɛndʒən/,[sound:al_en_us_the_engine.mp3],Google Cloud TTS<br>Voice: en-US-Studio-O,AnkiLangs::EN
the evening,the evening,/ði ˈivnɪŋ/,[sound:al_en_us_the_evening.mp3],Google Cloud TTS<br>Voice: en-US-Studio-Q,AnkiLangs::EN
the eye,the eye,/ði aɪ/,[sound:al_en_us_the_eye.mp3],Google Cloud TTS<br>Voice: en-US-Studio-O,AnkiLangs::EN
the face,the face,/ðə feɪs/,[sound:al_en_us_the_face.mp3],Google Cloud TTS<br>Voice: en-US-Studio-O,AnkiLangs::EN
the Fall,the Fall,/ðə fɔl/,[sound:al_en_us_the_fall.mp3],Google Cloud TTS<br>Voice: en-US-Studio-Q,AnkiLangs::EN
the family,the family,/ðə ˈfæməli/,[sound:al_en_us_the_family.mp3],Google Cloud TTS<br>Voice: en-US-Studio-Q,AnkiLangs::EN
the fan [appliance],the fan,/ðə fæn/,[sound:al_en_us_the_fan_appliance.mp3],Google Cloud TTS<br>Voice: en-US-Studio-O,AnkiLangs::EN
the fan [person],the fan,/ðə fæn/,[sound:al_en_us_the_fan_person.mp3],Google Cloud TTS<br>Voice: en-US-Studio-O,AnkiLangs::EN
the farm,the farm,/ðə fɑrm/,[sound:al_en_us_the_farm.mp3],Google Cloud TTS<br>Voice: en-US-Studio-Q,AnkiLangs::EN
the father,the father,/ðə ˈfɑːðɚ/,[sound:al_en_us_the_father.mp3],Google Cloud TTS<br>Voice: en-US-Studio-Q,AnkiLangs::EN
the finger,the finger,/ðə ˈfɪŋɡər/,[sound:al_en_us_the_finger.mp3],Google Cloud TTS<br>Voice: en-US-Studio-O,AnkiLangs::EN
the fire,the fire,/ðə ˈfaɪər/,[sound:al_en_us_the_fire.mp3],Google Cloud TTS<br>Voice: en-US-Studio-O,AnkiLangs::EN
the fish,the fish,/ðə fɪʃ/,[sound:al_en_us_the_fish.mp3],Google Cloud TTS<br>Voice: en-US-Studio-O,AnkiLangs::EN
the floor,the floor,/ðə flɔr/,[sound:al_en_us_the_floor.mp3],Google Cloud TTS<br>Voice: en-US-Studio-Q,AnkiLangs::EN
the flower,the flower,/ðə ˈflaʊər/,[sound:al_en_us_the_flower.mp3],Google Cloud TTS<br>Voice: en-US-Studio-O,AnkiLangs::EN
the foot,the foot,/ðə fʊt/,[sound:al_en_us_the_foot.mp3],Google Cloud TTS<br>Voice: en-US-Studio-O,AnkiLangs::EN
the foot [measurement],the foot,/ðə fʊt/,[sound:al_en_us_the_foot_measurement.mp3],Google Cloud TTS<br>Voice: en-US-Studio-O,AnkiLangs::EN
the forest,the forest,/ðə ˈfɔrɪst/,[sound:al_en_us_the_forest.mp3],Google Cloud TTS<br>Voice: en-US-Studio-O,AnkiLangs::EN
the fork,the fork,/ðə fɔrk/,[sound:al_en_us_the_fork.mp3],Google Cloud TTS<br>Voice: en-US-Studio-O,AnkiLangs::EN
the friend,the friend,/ðə frɛnd/,[sound:al_en_us_the_friend.mp3],Google Cloud TTS<br>Voice: en-US-Studio-O,AnkiLangs::EN
the front,the front,/ðə frʌnt/,[sound:al_en_us_the_front.mp3],Google Cloud TTS<br>Voice: en-US-Studio-Q,AnkiLangs::EN
the game,the game,/ðə ɡeɪm/,[sound:al_en_us_the_game.mp3],Google Cloud TTS<br>Voice: en-US-Studio-O,AnkiLangs::EN
the garden,the garden,/ðə ˈɡɑrdən/,[sound:al_en_us_the_garden.mp3],Google Cloud TTS<br>Voice: en-US-Studio-O,AnkiLangs::EN
the gasoline,the gasoline,/ðə ˌɡæsəˈliːn/,[sound:al_en_us_the_gasoline.mp3],Google Cloud TTS<br>Voice: en-US-Studio-O,AnkiLangs::EN
the gift,the gift,/ðə ɡɪft/,[sound:al_en_us_the_gift.mp3],Google Cloud TTS<br>Voice: en-US-Studio-O,AnkiLangs::EN
the girl,the girl,/ðə ɡɜːrl/,[sound:al_en_us_the_girl.mp3],Google Cloud TTS<br>Voice: en-US-Studio-Q,AnkiLangs::EN
the grandfather,the grandfather,/ðə ˈɡrændˌfɑːðɚ/,[sound:al_en_us_the_grandfather.mp3],Google Cloud TTS<br>Voice: en-US-Studio-Q,AnkiLangs::EN
the grandmother,the grandmother,/ðə ˈɡrændˌmʌðɚ/,[sound:al_en_us_the_grandmother.mp3],Google Cloud TTS<br>Voice: en-US-Studio-O,AnkiLangs::EN
the grass,the grass,/ðə ɡræs/,[sound:al_en_us_the_grass.mp3],Google Cloud TTS<br>Voice: en-US-Studio-O,AnkiLangs::EN
the ground,the ground,/ðə ɡraʊnd/,[sound:al_en_us_the_ground.mp3],Google Cloud TTS<br>Voice: en-US-Studio-Q,AnkiLangs::EN
the gun,the gun,/ðə ɡʌn/,[sound:al_en_us_the_gun.mp3],Google Cloud TTS<br>Voice: en-US-Studio-O,AnkiLangs::EN
the hair,the hair,/ðə hɛr/,[sound:al_en_us_the_hair.mp3],Google Cloud TTS<br>Voice: en-US-Studio-O,AnkiLangs::EN
the half,the half,/ðə hæf/,[sound:al_en_us_the_half.mp3],Google Cloud TTS<br>Voice: en-US-Studio-O,AnkiLangs::EN
the hand,the hand,/ðə hænd/,[sound:al_en_us_the_hand.mp3],Google Cloud TTS<br>Voice: en-US-Studio-Q,AnkiLangs::EN
the hat,the hat,/ðə hæt/,[sound:al_en_us_the_hat.mp3],Google Cloud TTS<br>Voice: en-US-Studio-Q,AnkiLangs::EN
the head,the head,/ðə hɛd/,[sound:al_en_us_the_head.mp3],Google Cloud TTS<br>Voice: en-US-Studio-O,AnkiLangs::EN
the heart,the heart,/ðə hɑrt/,[sound:al_en_us_the_heart.mp3],Google Cloud TTS<br>Voice: en-US-Studio-Q,AnkiLangs::EN
the heat,the heat,/ðə hit/,[sound:al_en_us_the_heat.mp3],Google Cloud TTS<br>Voice: en-US-Studio-Q,AnkiLangs::EN
the hill,the hill,/ðə hɪl/,[sound:al_en_us_the_hill.mp3],Google Cloud TTS<br>Voice: en-US-Studio-O,AnkiLangs::EN
the hole,the hole,/ðə hoʊl/,[sound:al_en_us_the_hole.mp3],Google Cloud TTS<br>Voice: en-US-Studio-O,AnkiLangs::EN
the horse,the horse,/ðə hɔrs/,[sound:al_en_us_the_horse.mp3],Google Cloud TTS<br>Voice: en-US-Studio-O,AnkiLangs::EN
the hospital,the hospital,/ðə ˈhɑspɪt(ə)l/,[sound:al_en_us_the_hospital.mp3],Google Cloud TTS<br>Voice: en-US-Studio-O,AnkiLangs::EN
the hotel,the hotel,/ðə hoʊˈtɛl/,[sound:al_en_us_the_hotel.mp3],Google Cloud TTS<br>Voice: en-US-Studio-O,AnkiLangs::EN
the hour,the hour,/ði ˈaʊər/,[sound:al_en_us_the_hour.mp3],Google Cloud TTS<br>Voice: en-US-Studio-Q,AnkiLangs::EN
the house,the house,/ðə haʊs/,[sound:al_en_us_the_house.mp3],Google Cloud TTS<br>Voice: en-US-Studio-O,AnkiLangs::EN
the human,the human,/ðə ˈhjuːmən/,[sound:al_en_us_the_human.mp3],Google Cloud TTS<br>Voice: en-US-Studio-Q,AnkiLangs::EN
the husband,the husband,/ðə ˈhʌzbənd/,[sound:al_en_us_the_husband.mp3],Google Cloud TTS<br>Voice: en-US-Studio-O,AnkiLangs::EN
the ice,the ice,/ði aɪs/,[sound:al_en_us_the_ice.mp3],Google Cloud TTS<br>Voice: en-US-Studio-Q,AnkiLangs::EN
the image,the image,/ði ˈɪmɪdʒ/,[sound:al_en_us_the_image.mp3],Google Cloud TTS<br>Voice: en-US-Studio-Q,AnkiLangs::EN
the inch,the inch,/ði ɪntʃ/,[sound:al_en_us_the_inch.mp3],Google Cloud TTS<br>Voice: en-US-Studio-O,AnkiLangs::EN
the injury,the injury,/ði ˈɪndʒəri/,[sound:al_en_us_the_injury.mp3],Google Cloud TTS<br>Voice: en-US-Studio-O,AnkiLangs::EN
the inside,the inside,/ði ɪnˈsaɪd/,[sound:al_en_us_the_inside.mp3],Google Cloud TTS<br>Voice: en-US-Studio-Q,AnkiLangs::EN
the instrument,the instrument,/ði ˈɪnstrəmənt/,[sound:al_en_us_the_instrument.mp3],Google Cloud TTS<br>Voice: en-US-Studio-O,AnkiLangs::EN
the island,the island,/ði ˈaɪlənd/,[sound:al_en_us_the_island.mp3],Google Cloud TTS<br>Voice: en-US-Studio-O,AnkiLangs::EN
the job,the job,/ðə dʒɑb/,[sound:al_en_us_the_job.mp3],Google Cloud TTS<br>Voice: en-US-Studio-O,AnkiLangs::EN
the key,the key,/ðə ki/,[sound:al_en_us_the_key.mp3],Google Cloud TTS<br>Voice: en-US-Studio-O,AnkiLangs::EN
the kilogram,the kilogram,/ðə ˈkɪləˌɡræm/,[sound:al_en_us_the_kilogram.mp3],Google Cloud TTS<br>Voice: en-US-Studio-Q,AnkiLangs::EN
the king,the king,/ðə kɪŋ/,[sound:al_en_us_the_king.mp3],Google Cloud TTS<br>Voice: en-US-Studio-O,AnkiLangs::EN
the kitchen,the kitchen,/ðə ˈkɪtʃən/,[sound:al_en_us_the_kitchen.mp3],Google Cloud TTS<br>Voice: en-US-Studio-O,AnkiLangs::EN
the knee,the knee,/ðə ni/,[sound:al_en_us_the_knee.mp3],Google Cloud TTS<br>Voice: en-US-Studio-O,AnkiLangs::EN
the knife,the knife,/ðə naɪf/,[sound:al_en_us_the_knife.mp3],Google Cloud TTS<br>Voice: en-US-Studio-O,AnkiLangs::EN
the lake,the lake,/ðə leɪk/,[sound:al_en_us_the_lake.mp3],Google Cloud TTS<br>Voice: en-US-Studio-O,AnkiLangs::EN
the lamp,the lamp,/ðə læmp/,[sound:al_en_us_the_lamp.mp3],Google Cloud TTS<br>Voice: en-US-Studio-O,AnkiLangs::EN
the laptop,the laptop,/ðə ˈlæpˌtɑp/,[sound:al_en_us_the_laptop.mp3],Google Cloud TTS<br>Voice: en-US-Studio-Q,AnkiLangs::EN
the lawyer,the lawyer,/ðə ˈlɔjər/,[sound:al_en_us_the_lawyer.mp3],Google Cloud TTS<br>Voice: en-US-Studio-O,AnkiLangs::EN
the leaf,the leaf,/ðə lif/,[sound:al_en_us_the_leaf.mp3],Google Cloud TTS<br>Voice: en-US-Studio-O,AnkiLangs::EN
the leg,the leg,/ðə lɛɡ/,[sound:al_en_us_the_leg.mp3],Google Cloud TTS<br>Voice: en-US-Studio-O,AnkiLangs::EN
the lemon,the lemon,/ðə ˈlɛmən/,[sound:al_en_us_the_lemon.mp3],Google Cloud TTS<br>Voice: en-US-Studio-O,AnkiLangs::EN
the letter,the letter,/ðə ˈlɛtər/,[sound:al_en_us_the_letter.mp3],Google Cloud TTS<br>Voice: en-US-Studio-O,AnkiLangs::EN
the library,the library,/ðə ˈlaɪˌbrɛrɪ/,[sound:al_en_us_the_library.mp3],Google Cloud TTS<br>Voice: en-US-Studio-Q,AnkiLangs::EN
the light,the light,/ðə laɪt/,[sound:al_en_us_the_light.mp3],Google Cloud TTS<br>Voice: en-US-Studio-O,AnkiLangs::EN
the lip,the lip,/ðə lɪp/,[sound:al_en_us_the_lip.mp3],Google Cloud TTS<br>Voice: en-US-Studio-O,AnkiLangs::EN
the location,the location,/ðə loʊˈkeɪʃən/,[sound:al_en_us_the_location.mp3],Google Cloud TTS<br>Voice: en-US-Studio-Q,AnkiLangs::EN
the lock,the lock,/ðə lɑk/,[sound:al_en_us_the_lock.mp3],Google Cloud TTS<br>Voice: en-US-Studio-Q,AnkiLangs::EN
the magazine,the magazine,/ðə ˌmæɡəˈzin/,[sound:al_en_us_the_magazine.mp3],Google Cloud TTS<br>Voice: en-US-Studio-O,AnkiLangs::EN
the man,the man,/ðə mæn/,[sound:al_en_us_the_man.mp3],Google Cloud TTS<br>Voice: en-US-Studio-Q,AnkiLangs::EN
the manager,the manager,/ðə ˈmænɪdʒər/,[sound:al_en_us_the_manager.mp3],Google Cloud TTS<br>Voice: en-US-Studio-Q,AnkiLangs::EN
the map,the map,/ðə mæp/,[sound:al_en_us_the_map.mp3],Google Cloud TTS<br>Voice: en-US-Studio-Q,AnkiLangs::EN
the market,the market,/ðə ˈmɑrkɪt/,[sound:al_en_us_the_market.mp3],Google Cloud TTS<br>Voice: en-US-Studio-O,AnkiLangs::EN
the meter,the meter,/ðə ˈmitər/,[sound:al_en_us_the_meter.mp3],Google Cloud TTS<br>Voice: en-US-Studio-O,AnkiLangs::EN
the minute,the minute,/ðə ˈmɪnɪt/,[sound:al_en_us_the_minute.mp3],Google Cloud TTS<br>Voice: en-US-Studio-O,AnkiLangs::EN
the month,the month,/ðə mʌnθ/,[sound:al_en_us_the_month.mp3],Google Cloud TTS<br>Voice: en-US-Studio-Q,AnkiLangs::EN
the moon,the moon,/ðə mun/,[sound:al_en_us_the_moon.mp3],Google Cloud TTS<br>Voice: en-US-Studio-Q,AnkiLangs::EN
the morning,the morning,/ðə ˈmɔrnɪŋ/,[sound:al_en_us_the_morning.mp3],Google Cloud TTS<br>Voice: en-US-Studio-Q,AnkiLangs::EN
the mother,the mother,/ðə ˈmʌðɚ/,[sound:al_en_us_the_mother.mp3],Google Cloud TTS<br>Voice: en-US-Studio-O,AnkiLangs::EN
the mountain,the mountain,/ðə ˈmaʊntən/,[sound:al_en_us_the_mountain.mp3],Google Cloud TTS<br>Voice: en-US-Studio-O,AnkiLangs::EN
the mouse,the mouse,/ðə maʊs/,[sound:al_en_us_the_mouse.mp3],Google Cloud TTS<br>Voice: en-US-Studio-Q,AnkiLangs::EN
the mouth,the mouth,/ðə maʊθ/,[sound:al_en_us_the_mouth.mp3],Google Cloud TTS<br>Voice: en-US-Studio-O,AnkiLangs::EN
the movie,the movie,/ðə ˈmuvi/,[sound:al_en_us_the_movie.mp3],Google Cloud TTS<br>Voice: en-US-Studio-Q,AnkiLangs::EN
the neck,the neck,/ðə nɛk/,[sound:al_en_us_the_neck.mp3],Google Cloud TTS<br>Voice: en-US-Studio-O,AnkiLangs::EN
the needle,the needle,/ðə ˈnidəl/,[sound:al_en_us_the_needle.mp3],Google Cloud TTS<br>Voice: en-US-Studio-O,AnkiLangs::EN
the neighbor,the neighbor,/ðə ˈneɪbɚ/,[sound:al_en_us_the_neighbor.mp3],Google Cloud TTS<br>Voice: en-US-Studio-O,AnkiLangs::EN
the network,the network,/ðə ˈnɛtˌwɜrk/,[sound:al_en_us_the_network.mp3],Google Cloud TTS<br>Voice: en-US-Studio-O,AnkiLangs::EN
the newspaper,the newspaper,/ðə ˈnuzˌpeɪpər/,[sound:al_en_us_the_newspaper.mp3],Google Cloud TTS<br>Voice: en-US-Studio-Q,AnkiLangs::EN
the night,the night,/ðə naɪt/,[sound:al_en_us_the_night.mp3],Google Cloud TTS<br>Voice: en-US-Studio-O,AnkiLangs::EN
the north,the north,/ðə nɔrθ/,[sound:al_en_us_the_north.mp3],Google Cloud TTS<br>Voice: en-US-Studio-O,AnkiLangs::EN
the nose,the nose,/ðə noʊz/,[sound:al_en_us_the_nose.mp3],Google Cloud TTS<br>Voice: en-US-Studio-O,AnkiLangs::EN
the note,the note,/ðə noʊt/,[sound:al_en_us_the_note.mp3],Google Cloud TTS<br>Voice: en-US-Studio-O,AnkiLangs::EN
the noun,the noun,/ðə naʊn/,[sound:al_en_us_the_noun.mp3],Google Cloud TTS<br>Voice: en-US-Studio-O,AnkiLangs::EN
the number,the number,/ðə ˈnʌmbər/,[sound:al_en_us_the_number.mp3],Google Cloud TTS<br>Voice: en-US-Studio-Q,AnkiLangs::EN
the ocean,the ocean,/ði ˈoʊʃən/,[sound:al_en_us_the_ocean.mp3],Google Cloud TTS<br>Voice: en-US-Studio-O,AnkiLangs::EN
the office,the office,/ði ˈɔfɪs/,[sound:al_en_us_the_office.mp3],Google Cloud TTS<br>Voice: en-US-Studio-Q,AnkiLangs::EN
the orange,the orange,/ði ˈɔrɪndʒ/,[sound:al_en_us_the_orange.mp3],Google Cloud TTS<br>Voice: en-US-Studio-O,AnkiLangs::EN
the outside,the outside,/ði ˈaʊtˌsaɪd/,[sound:al_en_us_the_outside.mp3],Google Cloud TTS<br>Voice: en-US-Studio-O,AnkiLangs::EN
the page,the page,/ðə peɪdʒ/,[sound:al_en_us_the_page.mp3],Google Cloud TTS<br>Voice: en-US-Studio-Q,AnkiLangs::EN
the paint,the paint,/ðə peɪnt/,[sound:al_en_us_the_paint.mp3],Google Cloud TTS<br>Voice: en-US-Studio-O,AnkiLangs::EN
the pants,the pants,/ðə pænts/,[sound:al_en_us_the_pants.mp3],Google Cloud TTS<br>Voice: en-US-Studio-O,AnkiLangs::EN
the paper,the paper,/ðə ˈpeɪpər/,[sound:al_en_us_the_paper.mp3],Google Cloud TTS<br>Voice: en-US-Studio-O,AnkiLangs::EN
the parent,the parent,/ðə ˈpɛɹənt/,[sound:al_en_us_the_parent.mp3],Google Cloud TTS<br>Voice: en-US-Studio-O,AnkiLangs::EN
the park,the park,/ðə pɑrk/,[sound:al_en_us_the_park.mp3],Google Cloud TTS<br>Voice: en-US-Studio-O,AnkiLangs::EN
the patient,the patient,/ðə ˈpeɪʃənt/,[sound:al_en_us_the_patient.mp3],Google Cloud TTS<br>Voice: en-US-Studio-O,AnkiLangs::EN
the pattern,the pattern,/ðə ˈpætərn/,[sound:al_en_us_the_pattern.mp3],Google Cloud TTS<br>Voice: en-US-Studio-O,AnkiLangs::EN
the pen,the pen,/ðə pɛn/,[sound:al_en_us_the_pen.mp3],Google Cloud TTS<br>Voice: en-US-Studio-O,AnkiLangs::EN
the pencil,the pencil,/ðə ˈpɛnsəl/,[sound:al_en_us_the_pencil.mp3],Google Cloud TTS<br>Voice: en-US-Studio-Q,AnkiLangs::EN
the person,the person,/ðə ˈpɜːrsən/,[sound:al_en_us_the_person.mp3],Google Cloud TTS<br>Voice: en-US-Studio-O,AnkiLangs::EN
the photograph,the photograph,/ðə ˈfoʊtəˌɡræf/,[sound:al_en_us_the_photograph.mp3],Google Cloud TTS<br>Voice: en-US-Studio-O,AnkiLangs::EN
the piece,the piece,/ðə pis/,[sound:al_en_us_the_piece.mp3],Google Cloud TTS<br>Voice: en-US-Studio-O,AnkiLangs::EN
the pig,the pig,/ðə pɪɡ/,[sound:al_en_us_the_pig.mp3],Google Cloud TTS<br>Voice: en-US-Studio-O,AnkiLangs::EN
the plane,the plane,/ðə pleɪn/,[sound:al_en_us_the_plane.mp3],Google Cloud TTS<br>Voice: en-US-Studio-O,AnkiLangs::EN
the plant,the plant,/ðə plænt/,[sound:al_en_us_the_plant.mp3],Google Cloud TTS<br>Voice: en-US-Studio-O,AnkiLangs::EN
the plate,the plate,/ðə pleɪt/,[sound:al_en_us_the_plate.mp3],Google Cloud TTS<br>Voice: en-US-Studio-O,AnkiLangs::EN
the player,the player,/ðə ˈpleɪɚ/,[sound:al_en_us_the_player.mp3],Google Cloud TTS<br>Voice: en-US-Studio-O,AnkiLangs::EN
the pocket,the pocket,/ðə ˈpɑkɪt/,[sound:al_en_us_the_pocket.mp3],Google Cloud TTS<br>Voice: en-US-Studio-Q,AnkiLangs::EN
the police,the police,/ðə pəˈlis/,[sound:al_en_us_the_police.mp3],Google Cloud TTS<br>Voice: en-US-Studio-O,AnkiLangs::EN
the pool,the pool,/ðə pul/,[sound:al_en_us_the_pool.mp3],Google Cloud TTS<br>Voice: en-US-Studio-O,AnkiLangs::EN
the pork,the pork,/ðə pɔrk/,[sound:al_en_us_the_pork.mp3],Google Cloud TTS<br>Voice: en-US-Studio-O,AnkiLangs::EN
the pound,the pound,/ðə paʊnd/,[sound:al_en_us_the_pound.mp3],Google Cloud TTS<br>Voice: en-US-Studio-Q,AnkiLangs::EN
the president,the president,/ðə ˈprɛzɪdənt/,[sound:al_en_us_the_president.mp3],Google Cloud TTS<br>Voice: en-US-Studio-Q,AnkiLangs::EN
the price,the price,/ðə praɪs/,[sound:al_en_us_the_price.mp3],Google Cloud TTS<br>Voice: en-US-Studio-O,AnkiLangs::EN
the priest,the priest,/ðə prist/,[sound:al_en_us_the_priest.mp3],Google Cloud TTS<br>Voice: en-US-Studio-Q,AnkiLangs::EN
the program,the program,/ðə ˈproʊˌɡræm/,[sound:al_en_us_the_program.mp3],Google Cloud TTS<br>Voice: en-US-Studio-Q,AnkiLangs::EN
the queen,the queen,/ðə kwiːn/,[sound:al_en_us_the_queen.mp3],Google Cloud TTS<br>Voice: en-US-Studio-O,AnkiLangs::EN
the radio,the radio,/ðə ˈreɪdiˌoʊ/,[sound:al_en_us_the_radio.mp3],Google Cloud TTS<br>Voice: en-US-Studio-O,AnkiLangs::EN
the rain,the rain,/ðə reɪn/,[sound:al_en_us_the_rain.mp3],Google Cloud TTS<br>Voice: en-US-Studio-O,AnkiLangs::EN
the reporter,the reporter,/ðə rɪˈpɔrtər/,[sound:al_en_us_the_reporter.mp3],Google Cloud TTS<br>Voice: en-US-Studio-Q,AnkiLangs::EN
the restaurant,the restaurant,/ðə ˈrɛst(ə)ˌrɑnt/,[sound:al_en_us_the_restaurant.mp3],Google Cloud TTS<br>Voice: en-US-Studio-Q,AnkiLangs::EN
the ring,the ring,/ðə rɪŋ/,[sound:al_en_us_the_ring.mp3],Google Cloud TTS<br>Voice: en-US-Studio-Q,AnkiLangs::EN
the river,the river,/ðə ˈrɪvər/,[sound:al_en_us_the_river.mp3],Google Cloud TTS<br>Voice: en-US-Studio-Q,AnkiLangs::EN
the roof,the roof,/ðə ruf/,[sound:al_en_us_the_roof.mp3],Google Cloud TTS<br>Voice: en-US-Studio-O,AnkiLangs::EN
the room,the room,/ðə ruːm/,[sound:al_en_us_the_room.mp3],Google Cloud TTS<br>Voice: en-US-Studio-O,AnkiLangs::EN
the root,the root,/ðə rut/,[sound:al_en_us_the_root.mp3],Google Cloud TTS<br>Voice: en-US-Studio-O,AnkiLangs::EN
the sand,the sand,/ðə sænd/,[sound:al_en_us_the_sand.mp3],Google Cloud TTS<br>Voice: en-US-Studio-Q,AnkiLangs::EN
the school,the school,/ðə skuːl/,[sound:al_en_us_the_school.mp3],Google Cloud TTS<br>Voice: en-US-Studio-O,AnkiLangs::EN
the screen,the screen,/ðə skrin/,[sound:al_en_us_the_screen.mp3],Google Cloud TTS<br>Voice: en-US-Studio-O,AnkiLangs::EN
the sea,the sea,/ðə si/,[sound:al_en_us_the_sea.mp3],Google Cloud TTS<br>Voice: en-US-Studio-O,AnkiLangs::EN
the season,the season,/ðə ˈsizən/,[sound:al_en_us_the_season.mp3],Google Cloud TTS<br>Voice: en-US-Studio-O,AnkiLangs::EN
the second,the second,/ðə ˈsɛkənd/,[sound:al_en_us_the_second.mp3],Google Cloud TTS<br>Voice: en-US-Studio-O,AnkiLangs::EN
the secretary,the secretary,/ðə ˈsɛkrəˌtɛri/,[sound:al_en_us_the_secretary.mp3],Google Cloud TTS<br>Voice: en-US-Studio-Q,AnkiLangs::EN
the seed,the seed,/ðə sid/,[sound:al_en_us_the_seed.mp3],Google Cloud TTS<br>Voice: en-US-Studio-O,AnkiLangs::EN
the ship,the ship,/ðə ʃɪp/,[sound:al_en_us_the_ship.mp3],Google Cloud TTS<br>Voice: en-US-Studio-Q,AnkiLangs::EN
the shirt,the shirt,/ðə ʃɝt/,[sound:al_en_us_the_shirt.mp3],Google Cloud TTS<br>Voice: en-US-Studio-O,AnkiLangs::EN
the shoes,the shoes,/ðə ˈʃuz/,[sound:al_en_us_the_shoes.mp3],Google Cloud TTS<br>Voice: en-US-Studio-Q,AnkiLangs::EN
the shoulder,the shoulder,/ðə ˈʃoʊldər/,[sound:al_en_us_the_shoulder.mp3],Google Cloud TTS<br>Voice: en-US-Studio-O,AnkiLangs::EN
the side,the side,/ðə saɪd/,[sound:al_en_us_the_side.mp3],Google Cloud TTS<br>Voice: en-US-Studio-O,AnkiLangs::EN
the sign,the sign,/ðə saɪn/,[sound:al_en_us_the_sign.mp3],Google Cloud TTS<br>Voice: en-US-Studio-O,AnkiLangs::EN
the sister,the sister,/ðə ˈsɪstɚ/,[sound:al_en_us_the_sister.mp3],Google Cloud TTS<br>Voice: en-US-Studio-Q,AnkiLangs::EN
the skin,the skin,/ðə skɪn/,[sound:al_en_us_the_skin.mp3],Google Cloud TTS<br>Voice: en-US-Studio-O,AnkiLangs::EN
the skirt,the skirt,/ðə skɝt/,[sound:al_en_us_the_skirt.mp3],Google Cloud TTS<br>Voice: en-US-Studio-O,AnkiLangs::EN
the sky,the sky,/ðə skaɪ/,[sound:al_en_us_the_sky.mp3],Google Cloud TTS<br>Voice: en-US-Studio-Q,AnkiLangs::EN
the snow,the snow,/ðə snoʊ/,[sound:al_en_us_the_snow.mp3],Google Cloud TTS<br>Voice: en-US-Studio-O,AnkiLangs::EN
the soap,the soap,/ðə soʊp/,[sound:al_en_us_the_soap.mp3],Google Cloud TTS<br>Voice: en-US-Studio-O,AnkiLangs::EN
the soldier,the soldier,/ðə ˈsoʊldʒər/,[sound:al_en_us_the_soldier.mp3],Google Cloud TTS<br>Voice: en-US-Studio-O,AnkiLangs::EN
the son,the son,/ðə sʌn/,[sound:al_en_us_the_son.mp3],Google Cloud TTS<br>Voice: en-US-Studio-O,AnkiLangs::EN
the song,the song,/ðə sɔŋ/,[sound:al_en_us_the_song.mp3],Google Cloud TTS<br>Voice: en-US-Studio-O,AnkiLangs::EN
the sound,the sound,/ðə saʊnd/,[sound:al_en_us_the_sound.mp3],Google Cloud TTS<br>Voice: en-US-Studio-O,AnkiLangs::EN
the soup,the soup,/ðə sup/,[sound:al_en_us_the_soup.mp3],Google Cloud TTS<br>Voice: en-US-Studio-O,AnkiLangs::EN
the south,the south,/ðə saʊθ/,[sound:al_en_us_the_south.mp3],Google Cloud TTS<br>Voice: en-US-Studio-O,AnkiLangs::EN
the spoon,the spoon,/ðə spun/,[sound:al_en_us_the_spoon.mp3],Google Cloud TTS<br>Voice: en-US-Studio-Q,AnkiLangs::EN
the Spring,the Spring,/ðə sprɪŋ/,[sound:al_en_us_the_spring.mp3],Google Cloud TTS<br>Voice: en-US-Studio-O,AnkiLangs::EN
the square,the square,/ðə skwɛr/,[sound:al_en_us_the_square.mp3],Google Cloud TTS<br>Voice: en-US-Studio-Q,AnkiLangs::EN
the stain,the stain,/ðə steɪn/,[sound:al_en_us_the_stain.mp3],Google Cloud TTS<br>Voice: en-US-Studio-O,AnkiLangs::EN
the star,the star,/ðə stɑr/,[sound:al_en_us_the_star.mp3],Google Cloud TTS<br>Voice: en-US-Studio-Q,AnkiLangs::EN
the store/shop,the store/shop,/ðə ˈstɔr/,[sound:al_en_us_the_store_shop.mp3],Google Cloud TTS<br>Voice: en-US-Studio-O,AnkiLangs::EN
the street/road,the street/road,/ðə ˈstriːt/,[sound:al_en_us_the_street_road.mp3],Google Cloud TTS<br>Voice: en-US-Studio-Q,AnkiLangs::EN
the student,the student,/ðə ˈstudənt/,[sound:al_en_us_the_student.mp3],Google Cloud TTS<br>Voice: en-US-Studio-O,AnkiLangs::EN
the suit,the suit,/ðə suːt/,[sound:al_en_us_the_suit.mp3],Google Cloud TTS<br>Voice: en-US-Studio-Q,AnkiLangs::EN
the Summer,the Summer,/ðə ˈsʌmər/,[sound:al_en_us_the_summer.mp3],Google Cloud TTS<br>Voice: en-US-Studio-O,AnkiLangs::EN
the sun,the sun,/ðə sʌn/,[sound:al_en_us_the_sun.mp3],Google Cloud TTS<br>Voice: en-US-Studio-Q,AnkiLangs::EN
the T-shirt,the T-shirt,/ðə ˈti ʃɝt/,[sound:al_en_us_the_t_shirt.mp3],Google Cloud TTS<br>Voice: en-US-Studio-O,AnkiLangs::EN
the table,the table,/ðə ˈteɪbəl/,[sound:al_en_us_the_table.mp3],Google Cloud TTS<br>Voice: en-US-Studio-Q,AnkiLangs::EN
the teacher,the teacher,/ðə ˈtitʃər/,[sound:al_en_us_the_teacher.mp3],Google Cloud TTS<br>Voice: en-US-Studio-Q,AnkiLangs::EN
the team,the team,/ðə tim/,[sound:al_en_us_the_team.mp3],Google Cloud TTS<br>Voice: en-US-Studio-O,AnkiLangs::EN
the tear,the tear,/ðə tɪr/,[sound:al_en_us_the_tear.mp3],Google Cloud TTS<br>Voice: en-US-Studio-O,AnkiLangs::EN
the telephone,the telephone,/ðə ˈtɛləˌfoʊn/,[sound:al_en_us_the_telephone.mp3],Google Cloud TTS<br>Voice: en-US-Studio-Q,AnkiLangs::EN
the television,the television,/ðə ˈtɛləˌvɪʒən/,[sound:al_en_us_the_television.mp3],Google Cloud TTS<br>Voice: en-US-Studio-O,AnkiLangs::EN
the theater,the theater,/ðə ˈθiətɚ/,[sound:al_en_us_the_theater.mp3],Google Cloud TTS<br>Voice: en-US-Studio-O,AnkiLangs::EN
the time,the time,/ðə taɪm/,[sound:al_en_us_the_time.mp3],Google Cloud TTS<br>Voice: en-US-Studio-O,AnkiLangs::EN
the tire,the tire,/ðə ˈtaɪɚ/,[sound:al_en_us_the_tire.mp3],Google Cloud TTS<br>Voice: en-US-Studio-Q,AnkiLangs::EN
the toe,the toe,/ðə toʊ/,[sound:al_en_us_the_toe.mp3],Google Cloud TTS<br>Voice: en-US-Studio-Q,AnkiLangs::EN
the tongue,the tongue,/ðə tʌŋ/,[sound:al_en_us_the_tongue.mp3],Google Cloud TTS<br>Voice: en-US-Studio-O,AnkiLangs::EN
the tool,the tool,/ðə tul/,[sound:al_en_us_the_tool.mp3],Google Cloud TTS<br>Voice: en-US-Studio-Q,AnkiLangs::EN
the tooth,the tooth,/ðə tuθ/,[sound:al_en_us_the_tooth.mp3],Google Cloud TTS<br>Voice: en-US-Studio-Q,AnkiLangs::EN
the top,the top,/ðə tɑp/,[sound:al_en_us_the_top.mp3],Google Cloud TTS<br>Voice: en-US-Studio-Q,AnkiLangs::EN
the town,the town,/ðə taʊn/,[sound:al_en_us_the_town.mp3],Google Cloud TTS<br>Voice: en-US-Studio-Q,AnkiLangs::EN
the train,the train,/ðə treɪn/,[sound:al_en_us_the_train.mp3],Google Cloud TTS<br>Voice: en-US-Studio-O,AnkiLangs::EN
the train station,the train station,/ðə ˈtreɪn ˌsteɪʃən/,[sound:al_en_us_the_train_station.mp3],Google Cloud TTS<br>Voice: en-US-Studio-O,AnkiLangs::EN
the tree,the tree,/ðə tri/,[sound:al_en_us_the_tree.mp3],Google Cloud TTS<br>Voice: en-US-Studio-O,AnkiLangs::EN
the truck,the truck,/ðə trʌk/,[sound:al_en_us_the_truck.mp3],Google Cloud TTS<br>Voice: en-US-Studio-O,AnkiLangs::EN
the university,the university,/ði ˌjuːnəˈvɜrsɪti/,[sound:al_en_us_the_university.mp3],Google Cloud TTS<br>Voice: en-US-Studio-O,AnkiLangs::EN
the valley,the valley,/ðə ˈvæli/,[sound:al_en_us_the_valley.mp3],Google Cloud TTS<br>Voice: en-US-Studio-Q,AnkiLangs::EN
the verb,the verb,/ðə vɜrb/,[sound:al_en_us_the_verb.mp3],Google Cloud TTS<br>Voice: en-US-Studio-O,AnkiLangs::EN
the victim,the victim,/ðə ˈvɪktɪm/,[sound:al_en_us_the_victim.mp3],Google Cloud TTS<br>Voice: en-US-Studio-Q,AnkiLangs::EN
the voice,the voice,/ðə vɔɪs/,[sound:al_en_us_the_voice.mp3],Google Cloud TTS<br>Voice: en-US-Studio-Q,AnkiLangs::EN
the vowel,the vowel,/ðə ˈvaʊəl/,[sound:al_en_us_the_vowel.mp3],Google Cloud TTS<br>Voice: en-US-Studio-O,AnkiLangs::EN
the waiter,the waiter,/ðə ˈweɪtər/,[sound:al_en_us_the_waiter.mp3],Google Cloud TTS<br>Voice: en-US-Studio-Q,AnkiLangs::EN
the wall,the wall,/ðə wɔl/,[sound:al_en_us_the_wall.mp3],Google Cloud TTS<br>Voice: en-US-Studio-Q,AnkiLangs::EN
the wave,the wave,/ðə weɪv/,[sound:al_en_us_the_wave.mp3],Google Cloud TTS<br>Voice: en-US-Studio-O,AnkiLangs::EN
the week,the week,/ðə wik/,[sound:al_en_us_the_week.mp3],Google Cloud TTS<br>Voice: en-US-Studio-O,AnkiLangs::EN
the west,the west,/ðə wɛst/,[sound:al_en_us_the_west.mp3],Google Cloud TTS<br>Voice: en-US-Studio-O,AnkiLangs::EN
the wife,the wife,/ðə waɪf/,[sound:al_en_us_the_wife.mp3],Google Cloud TTS<br>Voice: en-US-Studio-Q,AnkiLangs::EN
the wind,the wind,/ðə wɪnd/,[sound:al_en_us_the_wind.mp3],Google Cloud TTS<br>Voice: en-US-Studio-O,AnkiLangs::EN
the window,the window,/ðə ˈwɪndoʊ/,[sound:al_en_us_the_window.mp3],Google Cloud TTS<br>Voice: en-US-Studio-O,AnkiLangs::EN
the wing,the wing,/ðə wɪŋ/,[sound:al_en_us_the_wing.mp3],Google Cloud TTS<br>Voice: en-US-Studio-O,AnkiLangs::EN
the Winter,the Winter,/ðə ˈwɪntər/,[sound:al_en_us_the_winter.mp3],Google Cloud TTS<br>Voice: en-US-Studio-O,AnkiLangs::EN
the woman,the woman,/ðə ˈwʊmən/,[sound:al_en_us_the_woman.mp3],Google Cloud TTS<br>Voice: en-US-Studio-O,AnkiLangs::EN
the world,the world,/ðə wɜrld/,[sound:al_en_us_the_world.mp3],Google Cloud TTS<br>Voice: en-US-Studio-Q,AnkiLangs::EN
the yard,the yard,/ðə jɑrd/,[sound:al_en_us_the_yard.mp3],Google Cloud TTS<br>Voice: en-US-Studio-O,AnkiLangs::EN
the year,the year,/ðə jɪr/,[sound:al_en_us_the_year.mp3],Google Cloud TTS<br>Voice: en-US-Studio-O,AnkiLangs::EN
they,they,/ðeɪ/,[sound:al_en_us_they.mp3],Google Cloud TTS<br>Voice: en-US-Studio-O,AnkiLangs::EN
thick,thick,/θɪk/,[sound:al_en_us_thick.mp3],Google Cloud TTS<br>Voice: en-US-Studio-O,AnkiLangs::EN
thin,thin,/θɪn/,[sound:al_en_us_thin.mp3],Google Cloud TTS<br>Voice: en-US-Studio-O,AnkiLangs::EN
third (3rd),third,/θɜrd/,[sound:al_en_us_third_3rd.mp3],Google Cloud TTS<br>Voice: en-US-Studio-Q,AnkiLangs::EN
thirteen (13),thirteen,/ˌθɜrˈtin/,[sound:al_en_us_thirteen_13.mp3],Google Cloud TTS<br>Voice: en-US-Studio-O,AnkiLangs::EN
thirty (30),thirty,/ˈθɜrti/,[sound:al_en_us_thirty_30.mp3],Google Cloud TTS<br>Voice: en-US-Studio-O,AnkiLangs::EN
thirty-one (31),thirty-one,/ˌθɜrti ˈwʌn/,[sound:al_en_us_thirty_one_31.mp3],Google Cloud TTS<br>Voice: en-US-Studio-O,AnkiLangs::EN
thirty-two (32),thirty-two,/ˌθɜrti ˈtu/,[sound:al_en_us_thirty_two_32.mp3],Google Cloud TTS<br>Voice: en-US-Studio-O,AnkiLangs::EN
three (3),three,/θri/,[sound:al_en_us_three_3.mp3],Google Cloud TTS<br>Voice: en-US-Studio-O,AnkiLangs::EN
Thursday,Thursday,/ˈθɜrzdeɪ/,[sound:al_en_us_thursday.mp3],Google Cloud TTS<br>Voice: en-US-Studio-Q,AnkiLangs::EN
tight,tight,/taɪt/,[sound:al_en_us_tight.mp3],Google Cloud TTS<br>Voice: en-US-Studio-O,AnkiLangs::EN
to beat,to beat,/tu bit/,[sound:al_en_us_to_beat.mp3],Google Cloud TTS<br>Voice: en-US-Studio-O,AnkiLangs::EN
to bend,to bend,/tu bɛnd/,[sound:al_en_us_to_bend.mp3],Google Cloud TTS<br>Voice: en-US-Studio-Q,AnkiLangs::EN
to break,to break,/tu breɪk/,[sound:al_en_us_to_break.mp3],Google Cloud TTS<br>Voice: en-US-Studio-O,AnkiLangs::EN
to build,to build,/tu bɪld/,[sound:al_en_us_to_build.mp3],Google Cloud TTS<br>Voice: en-US-Studio-Q,AnkiLangs::EN
to burn,to burn,/tu bɜrn/,[sound:al_en_us_to_burn.mp3],Google Cloud TTS<br>Voice: en-US-Studio-Q,AnkiLangs::EN
to buy,to buy,/tu baɪ/,[sound:al_en_us_to_buy.mp3],Google Cloud TTS<br>Voice: en-US-Studio-O,AnkiLangs::EN
to call,to call,/tu kɔl/,[sound:al_en_us_to_call.mp3],Google Cloud TTS<br>Voice: en-US-Studio-O,AnkiLangs::EN
to carry,to carry,/tu ˈkæri/,[sound:al_en_us_to_carry.mp3],Google Cloud TTS<br>Voice: en-US-Studio-Q,AnkiLangs::EN
to catch,to catch,/tu kætʃ/,[sound:al_en_us_to_catch.mp3],Google Cloud TTS<br>Voice: en-US-Studio-Q,AnkiLangs::EN
to clean,to clean,/tu klin/,[sound:al_en_us_to_clean.mp3],Google Cloud TTS<br>Voice: en-US-Studio-Q,AnkiLangs::EN
to close,to close,/tu kloʊz/,[sound:al_en_us_to_close.mp3],Google Cloud TTS<br>Voice: en-US-Studio-O,AnkiLangs::EN
to cook,to cook,/tu kʊk/,[sound:al_en_us_to_cook.mp3],Google Cloud TTS<br>Voice: en-US-Studio-O,AnkiLangs::EN
to count,to count,/tu kaʊnt/,[sound:al_en_us_to_count.mp3],Google Cloud TTS<br>Voice: en-US-Studio-Q,AnkiLangs::EN
to cry,to cry,/tu kraɪ/,[sound:al_en_us_to_cry.mp3],Google Cloud TTS<br>Voice: en-US-Studio-O,AnkiLangs::EN
to cut,to cut,/tu kʌt/,[sound:al_en_us_to_cut.mp3],Google Cloud TTS<br>Voice: en-US-Studio-O,AnkiLangs::EN
to dance,to dance,/tu dæns/,[sound:al_en_us_to_dance.mp3],Google Cloud TTS<br>Voice: en-US-Studio-O,AnkiLangs::EN
to die,to die,/tu daɪ/,[sound:al_en_us_to_die.mp3],Google Cloud TTS<br>Voice: en-US-Studio-O,AnkiLangs::EN
to dig,to dig,/tu dɪɡ/,[sound:al_en_us_to_dig.mp3],Google Cloud TTS<br>Voice: en-US-Studio-Q,AnkiLangs::EN
to draw,to draw,/tu drɔ/,[sound:al_en_us_to_draw.mp3],Google Cloud TTS<br>Voice: en-US-Studio-O,AnkiLangs::EN
to drink,to drink,/tu drɪŋk/,[sound:al_en_us_to_drink.mp3],Google Cloud TTS<br>Voice: en-US-Studio-O,AnkiLangs::EN
to drive,to drive,/tu draɪv/,[sound:al_en_us_to_drive.mp3],Google Cloud TTS<br>Voice: en-US-Studio-O,AnkiLangs::EN
to eat,to eat,/tu it/,[sound:al_en_us_to_eat.mp3],Google Cloud TTS<br>Voice: en-US-Studio-O,AnkiLangs::EN
to explode,to explode,/tu ɪkˈsploʊd/,[sound:al_en_us_to_explode.mp3],Google Cloud TTS<br>Voice: en-US-Studio-O,AnkiLangs::EN
to fall,to fall,/tu fɔl/,[sound:al_en_us_to_fall.mp3],Google Cloud TTS<br>Voice: en-US-Studio-Q,AnkiLangs::EN
to feed,to feed,/tu fid/,[sound:al_en_us_to_feed.mp3],Google Cloud TTS<br>Voice: en-US-Studio-O,AnkiLangs::EN
to fight,to fight,/tu faɪt/,[sound:al_en_us_to_fight.mp3],Google Cloud TTS<br>Voice: en-US-Studio-O,AnkiLangs::EN
to find,to find,/tu faɪnd/,[sound:al_en_us_to_find.mp3],Google Cloud TTS<br>Voice: en-US-Studio-O,AnkiLangs::EN
to fly,to fly,/tu flaɪ/,[sound:al_en_us_to_fly.mp3],Google Cloud TTS<br>Voice: en-US-Studio-O,AnkiLangs::EN
to follow,to follow,/tu ˈfɑloʊ/,[sound:al_en_us_to_follow.mp3],Google Cloud TTS<br>Voice: en-US-Studio-O,AnkiLangs::EN
to go,to go,/tu ɡoʊ/,[sound:al_en_us_to_go.mp3],Google Cloud TTS<br>Voice: en-US-Studio-O,AnkiLangs::EN
to grow,to grow,/tu ɡroʊ/,[sound:al_en_us_to_grow.mp3],Google Cloud TTS<br>Voice: en-US-Studio-O,AnkiLangs::EN
to hang,to hang,/tu hæŋ/,[sound:al_en_us_to_hang.mp3],Google Cloud TTS<br>Voice: en-US-Studio-Q,AnkiLangs::EN
to hear,to hear,/tu hɪr/,[sound:al_en_us_to_hear.mp3],Google Cloud TTS<br>Voice: en-US-Studio-O,AnkiLangs::EN
to jump,to jump,/tu dʒʌmp/,[sound:al_en_us_to_jump.mp3],Google Cloud TTS<br>Voice: en-US-Studio-Q,AnkiLangs::EN
to kill,to kill,/tu kɪl/,[sound:al_en_us_to_kill.mp3],Google Cloud TTS<br>Voice: en-US-Studio-Q,AnkiLangs::EN
to kiss,to kiss,/tu kɪs/,[sound:al_en_us_to_kiss.mp3],Google Cloud TTS<br>Voice: en-US-Studio-O,AnkiLangs::EN
to laugh,to laugh,/tu læf/,[sound:al_en_us_to_laugh.mp3],Google Cloud TTS<br>Voice: en-US-Studio-O,AnkiLangs::EN
to learn,to learn,/tu lɜrn/,[sound:al_en_us_to_learn.mp3],Google Cloud TTS<br>Voice: en-US-Studio-Q,AnkiLangs::EN
to lie down,to lie down,/tu laɪ daʊn/,[sound:al_en_us_to_lie_down.mp3],Google Cloud TTS<br>Voice: en-US-Studio-Q,AnkiLangs::EN
to lift,to lift,/tu lɪft/,[sound:al_en_us_to_lift.mp3],Google Cloud TTS<br>Voice: en-US-Studio-Q,AnkiLangs::EN
to listen,to listen,/tu ˈlɪsən/,[sound:al_en_us_to_listen.mp3],Google Cloud TTS<br>Voice: en-US-Studio-O,AnkiLangs::EN
to lose,to lose,/tu luz/,[sound:al_en_us_to_lose.mp3],Google Cloud TTS<br>Voice: en-US-Studio-O,AnkiLangs::EN
to love,to love,/tu lʌv/,[sound:al_en_us_to_love.mp3],Google Cloud TTS<br>Voice: en-US-Studio-Q,AnkiLangs::EN
to marry,to marry,/tu ˈmæri/,[sound:al_en_us_to_marry.mp3],Google Cloud TTS<br>Voice: en-US-Studio-O,AnkiLangs::EN
to melt,to melt,/tu mɛlt/,[sound:al_en_us_to_melt.mp3],Google Cloud TTS<br>Voice: en-US-Studio-O,AnkiLangs::EN
to mix / to stir,to mix / to stir,/tu mɪks stɜr/,[sound:al_en_us_to_mix_to_stir.mp3],Google Cloud TTS<br>Voice: en-US-Studio-O,AnkiLangs::EN
to open,to open,/tu ˈoʊpən/,[sound:al_en_us_to_open.mp3],Google Cloud TTS<br>Voice: en-US-Studio-O,AnkiLangs::EN
to pass by,to pass by,/tu pæs baɪ/,[sound:al_en_us_to_pass_by.mp3],Google Cloud TTS<br>Voice: en-US-Studio-Q,AnkiLangs::EN
to pay,to pay,/tu peɪ/,[sound:al_en_us_to_pay.mp3],Google Cloud TTS<br>Voice: en-US-Studio-O,AnkiLangs::EN
to play,to play,/tu pleɪ/,[sound:al_en_us_to_play.mp3],Google Cloud TTS<br>Voice: en-US-Studio-O,AnkiLangs::EN
to pray,to pray,/tu preɪ/,[sound:al_en_us_to_pray.mp3],Google Cloud TTS<br>Voice: en-US-Studio-O,AnkiLangs::EN
to pull,to pull,/tu pʊl/,[sound:al_en_us_to_pull.mp3],Google Cloud TTS<br>Voice: en-US-Studio-O,AnkiLangs::EN
to push,to push,/tu pʊʃ/,[sound:al_en_us_to_push.mp3],Google Cloud TTS<br>Voice: en-US-Studio-O,AnkiLangs::EN
to run,to run,/tu rʌn/,[sound:al_en_us_to_run.mp3],Google Cloud TTS<br>Voice: en-US-Studio-Q,AnkiLangs::EN
to see,to see,/tu si/,[sound:al_en_us_to_see.mp3],Google Cloud TTS<br>Voice: en-US-Studio-O,AnkiLangs::EN
to sell,to sell,/tu sɛl/,[sound:al_en_us_to_sell.mp3],Google Cloud TTS<br>Voice: en-US-Studio-O,AnkiLangs::EN
to shake,to shake,/tu ʃeɪk/,[sound:al_en_us_to_shake.mp3],Google Cloud TTS<br>Voice: en-US-Studio-O,AnkiLangs::EN
to shoot (a gun),to shoot,/tu ʃut/,[sound:al_en_us_to_shoot_a_gun.mp3],Google Cloud TTS<br>Voice: en-US-Studio-O,AnkiLangs::EN
to sign,to sign,/tu saɪn/,[sound:al_en_us_to_sign.mp3],Google Cloud TTS<br>Voice: en-US-Studio-O,AnkiLangs::EN
to sing,to sing,/tu sɪŋ/,[sound:al_en_us_to_sing.mp3],Google Cloud TTS<br>Voice: en-US-Studio-O,AnkiLangs::EN
to sit,to sit,/tu sɪt/,[sound:al_en_us_to_sit.mp3],Google Cloud TTS<br>Voice: en-US-Studio-O,AnkiLangs::EN
to sleep,to sleep,/tu slip/,[sound:al_en_us_to_sleep.mp3],Google Cloud TTS<br>Voice: en-US-Studio-Q,AnkiLangs::EN
to smell,to smell,/tu smɛl/,[sound:al_en_us_to_smell.mp3],Google Cloud TTS<br>Voice: en-US-Studio-O,AnkiLangs::EN
to smile,to smile,/tu smaɪl/,[sound:al_en_us_to_smile.mp3],Google Cloud TTS<br>Voice: en-US-Studio-Q,AnkiLangs::EN
to speak / to say,to speak / to say,/tu spik seɪ/,[sound:al_en_us_to_speak_to_say.mp3],Google Cloud TTS<br>Voice: en-US-Studio-Q,AnkiLangs::EN
to stand,to stand,/tu stænd/,[sound:al_en_us_to_stand.mp3],Google Cloud TTS<br>Voice: en-US-Studio-O,AnkiLangs::EN
to stop,to stop,/tu stɑp/,[sound:al_en_us_to_stop.mp3],Google Cloud TTS<br>Voice: en-US-Studio-O,AnkiLangs::EN
to swim,to swim,/tu swɪm/,[sound:al_en_us_to_swim.mp3],Google Cloud TTS<br>Voice: en-US-Studio-Q,AnkiLangs::EN
to taste,to taste,/tu teɪst/,[sound:al_en_us_to_taste.mp3],Google Cloud TTS<br>Voice: en-US-Studio-Q,AnkiLangs::EN
to teach,to teach,/tu titʃ/,[sound:al_en_us_to_teach.mp3],Google Cloud TTS<br>Voice: en-US-Studio-Q,AnkiLangs::EN
to think,to think,/tu θɪŋk/,[sound:al_en_us_to_think.mp3],Google Cloud TTS<br>Voice: en-US-Studio-O,AnkiLangs::EN
to throw,to throw,/tu θroʊ/,[sound:al_en_us_to_throw.mp3],Google Cloud TTS<br>Voice: en-US-Studio-O,AnkiLangs::EN
to touch,to touch,/tu tʌtʃ/,[sound:al_en_us_to_touch.mp3],Google Cloud TTS<br>Voice: en-US-Studio-Q,AnkiLangs::EN
to turn,to turn,/tu tɜrn/,[sound:al_en_us_to_turn.mp3],Google Cloud TTS<br>Voice: en-US-Studio-O,AnkiLangs::EN
to wake up,to wake up,/tu weɪk ʌp/,[sound:al_en_us_to_wake_up.mp3],Google Cloud TTS<br>Voice: en-US-Studio-O,AnkiLangs::EN
to walk,to walk,/tu wɔk/,[sound:al_en_us_to_walk.mp3],Google Cloud TTS<br>Voice: en-US-Studio-O,AnkiLangs::EN
to wash,to wash,/tu wɑʃ/,[sound:al_en_us_to_wash.mp3],Google Cloud TTS<br>Voice: en-US-Studio-O,AnkiLangs::EN
to watch,to watch,/tu wɑtʃ/,[sound:al_en_us_to_watch.mp3],Google Cloud TTS<br>Voice: en-US-Studio-Q,AnkiLangs::EN
to wear,to wear,/tu wɛr/,[sound:al_en_us_to_wear.mp3],Google Cloud TTS<br>Voice: en-US-Studio-O,AnkiLangs::EN
to win,to win,/tu wɪn/,[sound:al_en_us_to_win.mp3],Google Cloud TTS<br>Voice: en-US-Studio-O,AnkiLangs::EN
to work,to work,/tu wɜrk/,[sound:al_en_us_to_work.mp3],Google Cloud TTS<br>Voice: en-US-Studio-O,AnkiLangs::EN
to write,to write,/tu raɪt/,[sound:al_en_us_to_write.mp3],Google Cloud TTS<br>Voice: en-US-Studio-O,AnkiLangs::EN
transportation,transportation,/ˌtrænspərˈteɪʃən/,[sound:al_en_us_transportation.mp3],Google Cloud TTS<br>Voice: en-US-Studio-Q,AnkiLangs::EN
Tuesday,Tuesday,/ˈtuzdeɪ/,[sound:al_en_us_tuesday.mp3],Google Cloud TTS<br>Voice: en-US-Studio-Q,AnkiLangs::EN
twelve (12),twelve,/twɛlv/,[sound:al_en_us_twelve_12.mp3],Google Cloud TTS<br>Voice: en-US-Studio-O,AnkiLangs::EN
twenty (20),twenty,/ˈtwɛnti/,[sound:al_en_us_twenty_20.mp3],Google Cloud TTS<br>Voice: en-US-Studio-Q,AnkiLangs::EN
twenty-one (21),twenty-one,/ˌtwɛnti ˈwʌn/,[sound:al_en_us_twenty_one_21.mp3],Google Cloud TTS<br>Voice: en-US-Studio-O,AnkiLangs::EN
twenty-two (22),twenty-two,/ˌtwɛnti ˈtu/,[sound:al_en_us_twenty_two_22.mp3],Google Cloud TTS<br>Voice: en-US-Studio-O,AnkiLangs::EN
two (2),two,/tu/,[sound:al_en_us_two_2.mp3],Google Cloud TTS<br>Voice: en-US-Studio-O,AnkiLangs::EN
ugly,ugly,/ˈʌɡli/,[sound:al_en_us_ugly.mp3],Google Cloud TTS<br>Voice: en-US-Studio-O,AnkiLangs::EN
up,up,/ʌp/,[sound:al_en_us_up.mp3],Google Cloud TTS<br>Voice: en-US-Studio-O,AnkiLangs::EN
war,war,/wɔr/,[sound:al_en_us_war.mp3],Google Cloud TTS<br>Voice: en-US-Studio-O,AnkiLangs::EN
warm,warm,/wɔrm/,[sound:al_en_us_warm.mp3],Google Cloud TTS<br>Voice: en-US-Studio-O,AnkiLangs::EN
water,water,/ˈwɔtər/,[sound:al_en_us_water.mp3],Google Cloud TTS<br>Voice: en-US-Studio-Q,AnkiLangs::EN
we,we,/wi/,[sound:al_en_us_we.mp3],Google Cloud TTS<br>Voice: en-US-Studio-O,AnkiLangs::EN
weak,weak,/wik/,[sound:al_en_us_weak.mp3],Google Cloud TTS<br>Voice: en-US-Studio-Q,AnkiLangs::EN
wedding,wedding,/ˈwɛdɪŋ/,[sound:al_en_us_wedding.mp3],Google Cloud TTS<br>Voice: en-US-Studio-Q,AnkiLangs::EN
Wednesday,Wednesday,/ˈwɛnzdeɪ/,[sound:al_en_us_wednesday.mp3],Google Cloud TTS<br>Voice: en-US-Studio-O,AnkiLangs::EN
weight,weight,/weɪt/,[sound:al_en_us_weight.mp3],Google Cloud TTS<br>Voice: en-US-Studio-O,AnkiLangs::EN
wet,wet,/wɛt/,[sound:al_en_us_wet.mp3],Google Cloud TTS<br>Voice: en-US-Studio-O,AnkiLangs::EN
white,white,/waɪt/,[sound:al_en_us_white.mp3],Google Cloud TTS<br>Voice: en-US-Studio-O,AnkiLangs::EN
wide,wide,/waɪd/,[sound:al_en_us_wide.mp3],Google Cloud TTS<br>Voice: en-US-Studio-Q,AnkiLangs::EN
wine,wine,/waɪn/,[sound:al_en_us_wine.mp3],Google Cloud TTS<br>Voice: en-US-Studio-Q,AnkiLangs::EN
wood,wood,/wʊd/,[sound:al_en_us_wood.mp3],Google Cloud TTS<br>Voice: en-US-Studio-Q,AnkiLangs::EN
yellow,yellow,/ˈjɛloʊ/,[sound:al_en_us_yellow.mp3],Google Cloud TTS<br>Voice: en-US-Studio-O,AnkiLangs::EN
yes,yes,/jɛs/,[sound:al_en_us_yes.mp3],Google Cloud TTS<br>Voice: en-US-Studio-O,AnkiLangs::EN
"you [plural, y'all]",you,/ju/,[sound:al_en_us_you_plural_y_all.mp3],Google Cloud TTS<br>Voice: en-US-Studio-O,AnkiLangs::EN
you [singular],you,/ju/,[sound:al_en_us_you_singular.mp3],Google Cloud TTS<br>Voice: en-US-Studio-Q,AnkiLangs::EN
young,young,/jʌŋ/,[sound:al_en_us_young.mp3],Google Cloud TTS<br>Voice: en-US-Studio-O,AnkiLangs::EN
