key,text:nl,ipa:nl,audio:nl,audio source:nl,tags:nl
alive,levend,/ˈleːvənt/,[sound:al_nl_nl_alive.mp3],Google Cloud TTS<br>Voice: nl-NL-Standard-F,AnkiLangs::NL
April,april,/aːˈprɪl/,[sound:al_nl_nl_april.mp3],Google Cloud TTS<br>Voice: nl-NL-Standard-F,AnkiLangs::NL
art,kunst,/kʏnst/,[sound:al_nl_nl_art.mp3],Google Cloud TTS<br>Voice: nl-NL-Standard-G,AnkiLangs::NL
August,augustus,/ɑuˈɣʏstʏs/,[sound:al_nl_nl_august.mp3],Google Cloud TTS<br>Voice: nl-NL-Standard-F,AnkiLangs::NL
bad,slecht,/slɛxt/,[sound:al_nl_nl_bad.mp3],Google Cloud TTS<br>Voice: nl-NL-Standard-F,AnkiLangs::NL
beautiful,mooi,/moːi/,[sound:al_nl_nl_beautiful.mp3],Google Cloud TTS<br>Voice: nl-NL-Standard-F,AnkiLangs::NL
beer,bier,/bir/,[sound:al_nl_nl_beer.mp3],Google Cloud TTS<br>Voice: nl-NL-Standard-F,AnkiLangs::NL
big / large,groot,/ɣroːt/,[sound:al_nl_nl_big_large.mp3],Google Cloud TTS<br>Voice: nl-NL-Standard-G,AnkiLangs::NL
black,zwart,/zʋɑrt/,[sound:al_nl_nl_black.mp3],Google Cloud TTS<br>Voice: nl-NL-Standard-F,AnkiLangs::NL
blind,blind,/blɪnt/,[sound:al_nl_nl_blind.mp3],Google Cloud TTS<br>Voice: nl-NL-Standard-F,AnkiLangs::NL
blood,bloed,/blut/,[sound:al_nl_nl_blood.mp3],Google Cloud TTS<br>Voice: nl-NL-Standard-F,AnkiLangs::NL
blue,blauw,/blaːu/,[sound:al_nl_nl_blue.mp3],Google Cloud TTS<br>Voice: nl-NL-Standard-F,AnkiLangs::NL
breakfast,ontbijt,/ˈɔntbɛit/,[sound:al_nl_nl_breakfast.mp3],Google Cloud TTS<br>Voice: nl-NL-Standard-F,AnkiLangs::NL
brown,bruin,/brœyn/,[sound:al_nl_nl_brown.mp3],Google Cloud TTS<br>Voice: nl-NL-Standard-G,AnkiLangs::NL
cheap,goedkoop,/ˈɣutkoːp/,[sound:al_nl_nl_cheap.mp3],Google Cloud TTS<br>Voice: nl-NL-Standard-F,AnkiLangs::NL
clay,klei,/klɛi/,[sound:al_nl_nl_clay.mp3],Google Cloud TTS<br>Voice: nl-NL-Standard-F,AnkiLangs::NL
clean,schoon,/sxoːn/,[sound:al_nl_nl_clean.mp3],Google Cloud TTS<br>Voice: nl-NL-Standard-F,AnkiLangs::NL
coffee,koffie,/ˈkɔfi/,[sound:al_nl_nl_coffee.mp3],Google Cloud TTS<br>Voice: nl-NL-Standard-F,AnkiLangs::NL
cold,koud,/kɑut/,[sound:al_nl_nl_cold.mp3],Google Cloud TTS<br>Voice: nl-NL-Standard-F,AnkiLangs::NL
cool,koel,/kul/,[sound:al_nl_nl_cool.mp3],Google Cloud TTS<br>Voice: nl-NL-Standard-F,AnkiLangs::NL
copper,koper,/ˈkoːpər/,[sound:al_nl_nl_copper.mp3],Google Cloud TTS<br>Voice: nl-NL-Standard-F,AnkiLangs::NL
curved,gebogen,/ɣəˈboːɣə(n)/,[sound:al_nl_nl_curved.mp3],Google Cloud TTS<br>Voice: nl-NL-Standard-G,AnkiLangs::NL
dark,donker,/ˈdɔŋkər/,[sound:al_nl_nl_dark.mp3],Google Cloud TTS<br>Voice: nl-NL-Standard-F,AnkiLangs::NL
dark blue,donkerblauw,/ˈdɔŋkərˌblaːu/,[sound:al_nl_nl_dark_blue.mp3],Google Cloud TTS<br>Voice: nl-NL-Standard-G,AnkiLangs::NL
dead,dood,/doːt/,[sound:al_nl_nl_dead.mp3],Google Cloud TTS<br>Voice: nl-NL-Standard-G,AnkiLangs::NL
deaf,doof,/doːf/,[sound:al_nl_nl_deaf.mp3],Google Cloud TTS<br>Voice: nl-NL-Standard-F,AnkiLangs::NL
death,dood,/doːt/,[sound:al_nl_nl_death.mp3],Google Cloud TTS<br>Voice: nl-NL-Standard-F,AnkiLangs::NL
December,december,/deːˈsɛmbər/,[sound:al_nl_nl_december.mp3],Google Cloud TTS<br>Voice: nl-NL-Standard-G,AnkiLangs::NL
deep,diep,/dip/,[sound:al_nl_nl_deep.mp3],Google Cloud TTS<br>Voice: nl-NL-Standard-G,AnkiLangs::NL
diamond,diamant,/ˌdiaːˈmɑnt/,[sound:al_nl_nl_diamond.mp3],Google Cloud TTS<br>Voice: nl-NL-Standard-G,AnkiLangs::NL
dinner,avondeten,/ˈaːvɔntˌeːtə(n)/,[sound:al_nl_nl_dinner.mp3],Google Cloud TTS<br>Voice: nl-NL-Standard-F,AnkiLangs::NL
dirty,vuil,/vœyl/,[sound:al_nl_nl_dirty.mp3],Google Cloud TTS<br>Voice: nl-NL-Standard-F,AnkiLangs::NL
disease,ziekte,/ˈziktə/,[sound:al_nl_nl_disease.mp3],Google Cloud TTS<br>Voice: nl-NL-Standard-G,AnkiLangs::NL
down,naar beneden,/naːr bəˈneːdə(n)/,[sound:al_nl_nl_down.mp3],Google Cloud TTS<br>Voice: nl-NL-Standard-F,AnkiLangs::NL
dry,droog,/droːx/,[sound:al_nl_nl_dry.mp3],Google Cloud TTS<br>Voice: nl-NL-Standard-F,AnkiLangs::NL
dust,stof,/stɔf/,[sound:al_nl_nl_dust.mp3],Google Cloud TTS<br>Voice: nl-NL-Standard-G,AnkiLangs::NL
Earth,aarde,/ˈaːrdə/,[sound:al_nl_nl_earth.mp3],Google Cloud TTS<br>Voice: nl-NL-Standard-F,AnkiLangs::NL
eight (8),acht,/ɑxt/,[sound:al_nl_nl_eight_8.mp3],Google Cloud TTS<br>Voice: nl-NL-Standard-G,AnkiLangs::NL
eighteen (18),achttien,/ˈɑxtˌtin/,[sound:al_nl_nl_eighteen_18.mp3],Google Cloud TTS<br>Voice: nl-NL-Standard-G,AnkiLangs::NL
eighty (80),tachtig,/ˈtɑxtəx/,[sound:al_nl_nl_eighty_80.mp3],Google Cloud TTS<br>Voice: nl-NL-Standard-G,AnkiLangs::NL
eighty-one (81),eenentachtig,/ˌeːnənˈtɑxtəx/,[sound:al_nl_nl_eighty_one_81.mp3],Google Cloud TTS<br>Voice: nl-NL-Standard-F,AnkiLangs::NL
eighty-two (82),tweeëntachtig,/ˌtʋeːənˈtɑxtəx/,[sound:al_nl_nl_eighty_two_82.mp3],Google Cloud TTS<br>Voice: nl-NL-Standard-G,AnkiLangs::NL
eleven (11),elf,/ɛlf/,[sound:al_nl_nl_eleven_11.mp3],Google Cloud TTS<br>Voice: nl-NL-Standard-F,AnkiLangs::NL
energy,energie,/ˌeːnərˈɣi/,[sound:al_nl_nl_energy.mp3],Google Cloud TTS<br>Voice: nl-NL-Standard-G,AnkiLangs::NL
exercise,oefening,/ˈufənɪŋ/,[sound:al_nl_nl_exercise.mp3],Google Cloud TTS<br>Voice: nl-NL-Standard-F,AnkiLangs::NL
expensive,duur,/dyr/,[sound:al_nl_nl_expensive.mp3],Google Cloud TTS<br>Voice: nl-NL-Standard-G,AnkiLangs::NL
famous,beroemd,/bəˈrumt/,[sound:al_nl_nl_famous.mp3],Google Cloud TTS<br>Voice: nl-NL-Standard-G,AnkiLangs::NL
fast,snel,/snɛl/,[sound:al_nl_nl_fast.mp3],Google Cloud TTS<br>Voice: nl-NL-Standard-F,AnkiLangs::NL
February,februari,/feːˈbruːaːri/,[sound:al_nl_nl_february.mp3],Google Cloud TTS<br>Voice: nl-NL-Standard-F,AnkiLangs::NL
female,vrouwelijk,/ˈvrɑuələk/,[sound:al_nl_nl_female.mp3],Google Cloud TTS<br>Voice: nl-NL-Standard-F,AnkiLangs::NL
fifteen (15),vijftien,/ˈvɛiftˌin/,[sound:al_nl_nl_fifteen_15.mp3],Google Cloud TTS<br>Voice: nl-NL-Standard-F,AnkiLangs::NL
fifth (5th),vijfde,/ˈvɛifdə/,[sound:al_nl_nl_fifth_5th.mp3],Google Cloud TTS<br>Voice: nl-NL-Standard-G,AnkiLangs::NL
fifty (50),vijftig,/ˈvɛiftəx/,[sound:al_nl_nl_fifty_50.mp3],Google Cloud TTS<br>Voice: nl-NL-Standard-F,AnkiLangs::NL
fifty-one (51),eenenvijftig,/ˌeːnənˈvɛiftəx/,[sound:al_nl_nl_fifty_one_51.mp3],Google Cloud TTS<br>Voice: nl-NL-Standard-F,AnkiLangs::NL
fifty-two (52),tweeënvijftig,/ˌtʋeːənˈvɛiftəx/,[sound:al_nl_nl_fifty_two_52.mp3],Google Cloud TTS<br>Voice: nl-NL-Standard-F,AnkiLangs::NL
first (1st),eerste,/ˈeːrstə/,[sound:al_nl_nl_first_1st.mp3],Google Cloud TTS<br>Voice: nl-NL-Standard-G,AnkiLangs::NL
five (5),vijf,/vɛif/,[sound:al_nl_nl_five_5.mp3],Google Cloud TTS<br>Voice: nl-NL-Standard-G,AnkiLangs::NL
flat,plat,/plɑt/,[sound:al_nl_nl_flat.mp3],Google Cloud TTS<br>Voice: nl-NL-Standard-G,AnkiLangs::NL
food,voedsel,/ˈvutsəl/,[sound:al_nl_nl_food.mp3],Google Cloud TTS<br>Voice: nl-NL-Standard-G,AnkiLangs::NL
forty (40),veertig,/ˈveːrtəx/,[sound:al_nl_nl_forty_40.mp3],Google Cloud TTS<br>Voice: nl-NL-Standard-F,AnkiLangs::NL
forty-one (41),eenenveertig,/ˌeːnənˈveːrtəx/,[sound:al_nl_nl_forty_one_41.mp3],Google Cloud TTS<br>Voice: nl-NL-Standard-G,AnkiLangs::NL
forty-two (42),tweeënveertig,/ˌtʋeːənˈveːrtəx/,[sound:al_nl_nl_forty_two_42.mp3],Google Cloud TTS<br>Voice: nl-NL-Standard-G,AnkiLangs::NL
four (4),vier,/vir/,[sound:al_nl_nl_four_4.mp3],Google Cloud TTS<br>Voice: nl-NL-Standard-F,AnkiLangs::NL
fourteen (14),veertien,/ˌvɛrˈtin/,[sound:al_nl_nl_fourteen_14.mp3],Google Cloud TTS<br>Voice: nl-NL-Standard-G,AnkiLangs::NL
fourth (4th),vierde,/ˈvirdə/,[sound:al_nl_nl_fourth_4th.mp3],Google Cloud TTS<br>Voice: nl-NL-Standard-F,AnkiLangs::NL
Friday,vrijdag,/ˈvrɛidɑx/,[sound:al_nl_nl_friday.mp3],Google Cloud TTS<br>Voice: nl-NL-Standard-F,AnkiLangs::NL
glass [material],glas,/ɣlɑs/,[sound:al_nl_nl_glass.mp3],Google Cloud TTS<br>Voice: nl-NL-Standard-F,AnkiLangs::NL
God,God,/ɣɔt/,[sound:al_nl_nl_god.mp3],Google Cloud TTS<br>Voice: nl-NL-Standard-F,AnkiLangs::NL
gold,goud,/ɣɑut/,[sound:al_nl_nl_gold.mp3],Google Cloud TTS<br>Voice: nl-NL-Standard-G,AnkiLangs::NL
good,goed,/ɣut/,[sound:al_nl_nl_good.mp3],Google Cloud TTS<br>Voice: nl-NL-Standard-G,AnkiLangs::NL
gray,grijs,/ɣrɛis/,[sound:al_nl_nl_gray.mp3],Google Cloud TTS<br>Voice: nl-NL-Standard-G,AnkiLangs::NL
green,groen,/ɣrun/,[sound:al_nl_nl_green.mp3],Google Cloud TTS<br>Voice: nl-NL-Standard-F,AnkiLangs::NL
happy,gelukkig,/ɣəˈlʏkəx/,[sound:al_nl_nl_happy.mp3],Google Cloud TTS<br>Voice: nl-NL-Standard-G,AnkiLangs::NL
hard,hard,/hɑrt/,[sound:al_nl_nl_hard.mp3],Google Cloud TTS<br>Voice: nl-NL-Standard-F,AnkiLangs::NL
he,hij,/hɛi/,[sound:al_nl_nl_he.mp3],Google Cloud TTS<br>Voice: nl-NL-Standard-F,AnkiLangs::NL
healthy,gezond,/ɣəˈzɔnt/,[sound:al_nl_nl_healthy.mp3],Google Cloud TTS<br>Voice: nl-NL-Standard-F,AnkiLangs::NL
heaven,hemel,/ˈheːməl/,[sound:al_nl_nl_heaven.mp3],Google Cloud TTS<br>Voice: nl-NL-Standard-G,AnkiLangs::NL
heavy,zwaar,/zʋaːr/,[sound:al_nl_nl_heavy.mp3],Google Cloud TTS<br>Voice: nl-NL-Standard-G,AnkiLangs::NL
hell,hel,/hɛl/,[sound:al_nl_nl_hell.mp3],Google Cloud TTS<br>Voice: nl-NL-Standard-G,AnkiLangs::NL
high,hoog,/hoːx/,[sound:al_nl_nl_high.mp3],Google Cloud TTS<br>Voice: nl-NL-Standard-F,AnkiLangs::NL
hot,heet,/heːt/,[sound:al_nl_nl_hot.mp3],Google Cloud TTS<br>Voice: nl-NL-Standard-F,AnkiLangs::NL
I,ik,/ɪk/,[sound:al_nl_nl_i.mp3],Google Cloud TTS<br>Voice: nl-NL-Standard-G,AnkiLangs::NL
it,het,/hɛt/,[sound:al_nl_nl_it.mp3],Google Cloud TTS<br>Voice: nl-NL-Standard-F,AnkiLangs::NL
January,januari,/ˌjɑnyˈaːri/,[sound:al_nl_nl_january.mp3],Google Cloud TTS<br>Voice: nl-NL-Standard-G,AnkiLangs::NL
juice,sap,/sɑp/,[sound:al_nl_nl_juice.mp3],Google Cloud TTS<br>Voice: nl-NL-Standard-G,AnkiLangs::NL
July,juli,/ˈjyli/,[sound:al_nl_nl_july.mp3],Google Cloud TTS<br>Voice: nl-NL-Standard-G,AnkiLangs::NL
June,juni,/ˈjyni/,[sound:al_nl_nl_june.mp3],Google Cloud TTS<br>Voice: nl-NL-Standard-F,AnkiLangs::NL
left,links,/lɪŋks/,[sound:al_nl_nl_left.mp3],Google Cloud TTS<br>Voice: nl-NL-Standard-G,AnkiLangs::NL
"light [opposite of ""dark""]",licht,/lɪxt/,[sound:al_nl_nl_light_opposite_of_dark.mp3],Google Cloud TTS<br>Voice: nl-NL-Standard-F,AnkiLangs::NL
"light [opposite of ""heavy""]",licht,/lɪxt/,[sound:al_nl_nl_light_opposite_of_heavy.mp3],Google Cloud TTS<br>Voice: nl-NL-Standard-F,AnkiLangs::NL
light blue,lichtblauw,/ˈlɪxtˌblaːu/,[sound:al_nl_nl_light_blue.mp3],Google Cloud TTS<br>Voice: nl-NL-Standard-G,AnkiLangs::NL
long,lang,/lɑŋ/,[sound:al_nl_nl_long.mp3],Google Cloud TTS<br>Voice: nl-NL-Standard-G,AnkiLangs::NL
loose,los,/lɔs/,[sound:al_nl_nl_loose.mp3],Google Cloud TTS<br>Voice: nl-NL-Standard-G,AnkiLangs::NL
loud,luid,/lœyt/,[sound:al_nl_nl_loud.mp3],Google Cloud TTS<br>Voice: nl-NL-Standard-G,AnkiLangs::NL
low,laag,/laːx/,[sound:al_nl_nl_low.mp3],Google Cloud TTS<br>Voice: nl-NL-Standard-F,AnkiLangs::NL
lunch,lunch,/lʏnʃ/,[sound:al_nl_nl_lunch.mp3],Google Cloud TTS<br>Voice: nl-NL-Standard-F,AnkiLangs::NL
male,mannelijk,/ˈmɑnələk/,[sound:al_nl_nl_male.mp3],Google Cloud TTS<br>Voice: nl-NL-Standard-G,AnkiLangs::NL
March,maart,/maːrt/,[sound:al_nl_nl_march.mp3],Google Cloud TTS<br>Voice: nl-NL-Standard-F,AnkiLangs::NL
marriage,huwelijk,/ˈhyʋələk/,[sound:al_nl_nl_marriage.mp3],Google Cloud TTS<br>Voice: nl-NL-Standard-F,AnkiLangs::NL
material,materiaal,/maːteːriˈaːl/,[sound:al_nl_nl_material.mp3],Google Cloud TTS<br>Voice: nl-NL-Standard-F,AnkiLangs::NL
May,mei,/mɛi/,[sound:al_nl_nl_may.mp3],Google Cloud TTS<br>Voice: nl-NL-Standard-F,AnkiLangs::NL
mean,gemeen,/ɣəˈmeːn/,[sound:al_nl_nl_mean.mp3],Google Cloud TTS<br>Voice: nl-NL-Standard-F,AnkiLangs::NL
medicine,geneeskunde,/ɣəˈneːskʏndə/,[sound:al_nl_nl_medicine.mp3],Google Cloud TTS<br>Voice: nl-NL-Standard-G,AnkiLangs::NL
metal,metaal,/meːˈtaːl/,[sound:al_nl_nl_metal.mp3],Google Cloud TTS<br>Voice: nl-NL-Standard-F,AnkiLangs::NL
milk,melk,/mɛlk/,[sound:al_nl_nl_milk.mp3],Google Cloud TTS<br>Voice: nl-NL-Standard-G,AnkiLangs::NL
Monday,maandag,/ˈmaːndɑx/,[sound:al_nl_nl_monday.mp3],Google Cloud TTS<br>Voice: nl-NL-Standard-G,AnkiLangs::NL
money,geld,/ɣɛlt/,[sound:al_nl_nl_money.mp3],Google Cloud TTS<br>Voice: nl-NL-Standard-G,AnkiLangs::NL
murder,moord,/moːrt/,[sound:al_nl_nl_murder.mp3],Google Cloud TTS<br>Voice: nl-NL-Standard-G,AnkiLangs::NL
music,muziek,/myˈzik/,[sound:al_nl_nl_music.mp3],Google Cloud TTS<br>Voice: nl-NL-Standard-F,AnkiLangs::NL
narrow,smal,/smɑl/,[sound:al_nl_nl_narrow.mp3],Google Cloud TTS<br>Voice: nl-NL-Standard-F,AnkiLangs::NL
nature,natuur,/naːˈtyr/,[sound:al_nl_nl_nature.mp3],Google Cloud TTS<br>Voice: nl-NL-Standard-G,AnkiLangs::NL
new,nieuw,/niʋ/,[sound:al_nl_nl_new.mp3],Google Cloud TTS<br>Voice: nl-NL-Standard-G,AnkiLangs::NL
nice,aardig,/ˈaːrdəx/,[sound:al_nl_nl_nice.mp3],Google Cloud TTS<br>Voice: nl-NL-Standard-F,AnkiLangs::NL
nine (9),negen,/ˈneːɣə(n)/,[sound:al_nl_nl_nine_9.mp3],Google Cloud TTS<br>Voice: nl-NL-Standard-G,AnkiLangs::NL
nineteen (19),negentien,/ˌneːɣənˈtin/,[sound:al_nl_nl_nineteen_19.mp3],Google Cloud TTS<br>Voice: nl-NL-Standard-G,AnkiLangs::NL
ninety (90),negentig,/ˈneːɣəntəx/,[sound:al_nl_nl_ninety_90.mp3],Google Cloud TTS<br>Voice: nl-NL-Standard-F,AnkiLangs::NL
ninety-one (91),eenennegentig,/ˌeːnənˈneːɣəntəx/,[sound:al_nl_nl_ninety_one_91.mp3],Google Cloud TTS<br>Voice: nl-NL-Standard-G,AnkiLangs::NL
ninety-two (92),tweeënnegentig,/ˌtʋeːənˈneːɣəntəx/,[sound:al_nl_nl_ninety_two_92.mp3],Google Cloud TTS<br>Voice: nl-NL-Standard-F,AnkiLangs::NL
no,nee,/neː/,[sound:al_nl_nl_no.mp3],Google Cloud TTS<br>Voice: nl-NL-Standard-G,AnkiLangs::NL
November,november,/noːˈvɛmbər/,[sound:al_nl_nl_november.mp3],Google Cloud TTS<br>Voice: nl-NL-Standard-F,AnkiLangs::NL
nuclear,nucleair,/nykleːˈɛːr/,[sound:al_nl_nl_nuclear.mp3],Google Cloud TTS<br>Voice: nl-NL-Standard-F,AnkiLangs::NL
October,oktober,/ɔkˈtoːbər/,[sound:al_nl_nl_october.mp3],Google Cloud TTS<br>Voice: nl-NL-Standard-G,AnkiLangs::NL
oil,olie,/ˈoːli/,[sound:al_nl_nl_oil.mp3],Google Cloud TTS<br>Voice: nl-NL-Standard-F,AnkiLangs::NL
"old [opposite of ""new""]",oud,/ɑut/,[sound:al_nl_nl_old_opposite_of_new.mp3],Google Cloud TTS<br>Voice: nl-NL-Standard-F,AnkiLangs::NL
"old [opposite of ""young""]",oud,/ɑut/,[sound:al_nl_nl_old_opposite_of_young.mp3],Google Cloud TTS<br>Voice: nl-NL-Standard-G,AnkiLangs::NL
one (1),een,/eːn/,[sound:al_nl_nl_one_1.mp3],Google Cloud TTS<br>Voice: nl-NL-Standard-F,AnkiLangs::NL
"one billion (1,000,000,000)",een miljard,/eːn mɪlˈjɑrt/,[sound:al_nl_nl_one_billion_1_000_000_000.mp3],Google Cloud TTS<br>Voice: nl-NL-Standard-F,AnkiLangs::NL
one hundred (100),honderd,/ˈhɔndərt/,[sound:al_nl_nl_one_hundred_100.mp3],Google Cloud TTS<br>Voice: nl-NL-Standard-G,AnkiLangs::NL
one hundred eleven (111),honderdelf,/ˈhɔndərtˌɛlf/,[sound:al_nl_nl_one_hundred_eleven_111.mp3],Google Cloud TTS<br>Voice: nl-NL-Standard-G,AnkiLangs::NL
one hundred one (101),honderdeen,/ˈhɔndərtˌeːn/,[sound:al_nl_nl_one_hundred_one_101.mp3],Google Cloud TTS<br>Voice: nl-NL-Standard-F,AnkiLangs::NL
one hundred ten (110),honderdtien,/ˈhɔndərtˌtin/,[sound:al_nl_nl_one_hundred_ten_110.mp3],Google Cloud TTS<br>Voice: nl-NL-Standard-F,AnkiLangs::NL
"one hundred thousand (100,000)",honderdduizend,/ˈhɔndərtˌdœyzənt/,[sound:al_nl_nl_one_hundred_thousand_100_000.mp3],Google Cloud TTS<br>Voice: nl-NL-Standard-G,AnkiLangs::NL
one hundred two (102),honderdtwee,/ˈhɔndərtˌtʋeː/,[sound:al_nl_nl_one_hundred_two_102.mp3],Google Cloud TTS<br>Voice: nl-NL-Standard-G,AnkiLangs::NL
"one million (1,000,000)",een miljoen,/eːn mɪlˈjun/,[sound:al_nl_nl_one_million_1_000_000.mp3],Google Cloud TTS<br>Voice: nl-NL-Standard-F,AnkiLangs::NL
one thousand (1000),duizend,/ˈdœyzənt/,[sound:al_nl_nl_one_thousand_1000.mp3],Google Cloud TTS<br>Voice: nl-NL-Standard-F,AnkiLangs::NL
one thousand one (1001),duizendeen,/ˈdœyzəntˌeːn/,[sound:al_nl_nl_one_thousand_one_1001.mp3],Google Cloud TTS<br>Voice: nl-NL-Standard-F,AnkiLangs::NL
orange,oranje,/oːˈrɑɲə/,[sound:al_nl_nl_orange.mp3],Google Cloud TTS<br>Voice: nl-NL-Standard-F,AnkiLangs::NL
pain,pijn,/pɛin/,[sound:al_nl_nl_pain.mp3],Google Cloud TTS<br>Voice: nl-NL-Standard-F,AnkiLangs::NL
peace,vrede,/ˈvreːdə/,[sound:al_nl_nl_peace.mp3],Google Cloud TTS<br>Voice: nl-NL-Standard-G,AnkiLangs::NL
pink,roze,/ˈroːzə/,[sound:al_nl_nl_pink.mp3],Google Cloud TTS<br>Voice: nl-NL-Standard-F,AnkiLangs::NL
plastic,plastic,/ˈplɑstɪk/,[sound:al_nl_nl_plastic.mp3],Google Cloud TTS<br>Voice: nl-NL-Standard-F,AnkiLangs::NL
poison,gif,/ɣɪf/,[sound:al_nl_nl_poison.mp3],Google Cloud TTS<br>Voice: nl-NL-Standard-F,AnkiLangs::NL
poor,arm,/ɑrm/,[sound:al_nl_nl_poor.mp3],Google Cloud TTS<br>Voice: nl-NL-Standard-G,AnkiLangs::NL
prison,gevangenis,/ɣəˈvɑŋənɪs/,[sound:al_nl_nl_prison.mp3],Google Cloud TTS<br>Voice: nl-NL-Standard-F,AnkiLangs::NL
quiet,stil,/stɪl/,[sound:al_nl_nl_quiet.mp3],Google Cloud TTS<br>Voice: nl-NL-Standard-G,AnkiLangs::NL
race [ethnicity],ras,/rɑs/,[sound:al_nl_nl_race_ethnicity.mp3],Google Cloud TTS<br>Voice: nl-NL-Standard-G,AnkiLangs::NL
race [sport],race,/ˈreːsə/,[sound:al_nl_nl_race_sport.mp3],Google Cloud TTS<br>Voice: nl-NL-Standard-F,AnkiLangs::NL
red,rood,/roːt/,[sound:al_nl_nl_red.mp3],Google Cloud TTS<br>Voice: nl-NL-Standard-F,AnkiLangs::NL
relationship,relatie,/reːˈlaːtsi/,[sound:al_nl_nl_relationship.mp3],Google Cloud TTS<br>Voice: nl-NL-Standard-G,AnkiLangs::NL
religion,religie,/reːˈliɣi/,[sound:al_nl_nl_religion.mp3],Google Cloud TTS<br>Voice: nl-NL-Standard-G,AnkiLangs::NL
rice,rijst,/rɛist/,[sound:al_nl_nl_rice.mp3],Google Cloud TTS<br>Voice: nl-NL-Standard-G,AnkiLangs::NL
rich,rijk,/rɛik/,[sound:al_nl_nl_rich.mp3],Google Cloud TTS<br>Voice: nl-NL-Standard-G,AnkiLangs::NL
right [direction],rechts,/rɛxts/,[sound:al_nl_nl_right.mp3],Google Cloud TTS<br>Voice: nl-NL-Standard-G,AnkiLangs::NL
sad,verdrietig,/vərˈdritəx/,[sound:al_nl_nl_sad.mp3],Google Cloud TTS<br>Voice: nl-NL-Standard-F,AnkiLangs::NL
salt,zout,/zɑut/,[sound:al_nl_nl_salt.mp3],Google Cloud TTS<br>Voice: nl-NL-Standard-F,AnkiLangs::NL
Saturday,zaterdag,/ˈzaːtərdɑx/,[sound:al_nl_nl_saturday.mp3],Google Cloud TTS<br>Voice: nl-NL-Standard-F,AnkiLangs::NL
science,wetenschap,/ˈʋeːtənsxɑp/,[sound:al_nl_nl_science.mp3],Google Cloud TTS<br>Voice: nl-NL-Standard-F,AnkiLangs::NL
second (2nd),tweede,/ˈtʋeːdə/,[sound:al_nl_nl_second_2nd.mp3],Google Cloud TTS<br>Voice: nl-NL-Standard-G,AnkiLangs::NL
September,september,/sɛpˈtɛmbər/,[sound:al_nl_nl_september.mp3],Google Cloud TTS<br>Voice: nl-NL-Standard-F,AnkiLangs::NL
seven (7),zeven,/ˈzeːvə(n)/,[sound:al_nl_nl_seven_7.mp3],Google Cloud TTS<br>Voice: nl-NL-Standard-F,AnkiLangs::NL
seventeen (17),zeventien,/ˌzeːvənˈtin/,[sound:al_nl_nl_seventeen_17.mp3],Google Cloud TTS<br>Voice: nl-NL-Standard-F,AnkiLangs::NL
seventy (70),zeventig,/ˈzeːvəntəx/,[sound:al_nl_nl_seventy_70.mp3],Google Cloud TTS<br>Voice: nl-NL-Standard-F,AnkiLangs::NL
seventy-one (71),eenzeventig,/ˌeːnˈzeːvəntəx/,[sound:al_nl_nl_seventy_one_71.mp3],Google Cloud TTS<br>Voice: nl-NL-Standard-F,AnkiLangs::NL
seventy-two (72),tweeënzeventig,/ˌtʋeːənˈzeːvəntəx/,[sound:al_nl_nl_seventy_two_72.mp3],Google Cloud TTS<br>Voice: nl-NL-Standard-F,AnkiLangs::NL
sex [gender],geslacht,/ɣəˈslɑxt/,[sound:al_nl_nl_sex_gender.mp3],Google Cloud TTS<br>Voice: nl-NL-Standard-F,AnkiLangs::NL
sex [the act],seks,/sɛks/,[sound:al_nl_nl_sex_the_act.mp3],Google Cloud TTS<br>Voice: nl-NL-Standard-F,AnkiLangs::NL
shallow,ondiep,/ˈɔndip/,[sound:al_nl_nl_shallow.mp3],Google Cloud TTS<br>Voice: nl-NL-Standard-F,AnkiLangs::NL
she,zij,/zɛi/,[sound:al_nl_nl_she.mp3],Google Cloud TTS<br>Voice: nl-NL-Standard-G,AnkiLangs::NL
"short [opposite of ""long""]",kort,/kɔrt/,[sound:al_nl_nl_short_opposite_of_long.mp3],Google Cloud TTS<br>Voice: nl-NL-Standard-F,AnkiLangs::NL
"short [opposite of ""tall""]",kort,/kɔrt/,[sound:al_nl_nl_short_opposite_of_tall.mp3],Google Cloud TTS<br>Voice: nl-NL-Standard-F,AnkiLangs::NL
sick,ziek,/zik/,[sound:al_nl_nl_sick.mp3],Google Cloud TTS<br>Voice: nl-NL-Standard-G,AnkiLangs::NL
silver,zilver,/ˈzɪlvər/,[sound:al_nl_nl_silver.mp3],Google Cloud TTS<br>Voice: nl-NL-Standard-G,AnkiLangs::NL
six (6),zes,/zɛs/,[sound:al_nl_nl_six_6.mp3],Google Cloud TTS<br>Voice: nl-NL-Standard-F,AnkiLangs::NL
sixteen (16),zestien,/zɛsˈtin/,[sound:al_nl_nl_sixteen_16.mp3],Google Cloud TTS<br>Voice: nl-NL-Standard-F,AnkiLangs::NL
sixty (60),zestig,/ˈzɛstəx/,[sound:al_nl_nl_sixty_60.mp3],Google Cloud TTS<br>Voice: nl-NL-Standard-G,AnkiLangs::NL
sixty-one (61),eenenzestig,/ˌeːnənˈzɛstəx/,[sound:al_nl_nl_sixty_one_61.mp3],Google Cloud TTS<br>Voice: nl-NL-Standard-F,AnkiLangs::NL
sixty-two (62),tweeënzestig,/ˌtʋeːənˈzɛstəx/,[sound:al_nl_nl_sixty_two_62.mp3],Google Cloud TTS<br>Voice: nl-NL-Standard-G,AnkiLangs::NL
slow,langzaam,/ˈlɑŋzaːm/,[sound:al_nl_nl_slow.mp3],Google Cloud TTS<br>Voice: nl-NL-Standard-G,AnkiLangs::NL
small / little,klein,/klɛin/,[sound:al_nl_nl_small_little.mp3],Google Cloud TTS<br>Voice: nl-NL-Standard-F,AnkiLangs::NL
soft,zacht,/zɑxt/,[sound:al_nl_nl_soft.mp3],Google Cloud TTS<br>Voice: nl-NL-Standard-F,AnkiLangs::NL
soil/earth [ground],grond,/ɣrɔnt/,[sound:al_nl_nl_soil_earth_ground.mp3],Google Cloud TTS<br>Voice: nl-NL-Standard-F,AnkiLangs::NL
space (outer space),de ruimte,/də ˈrœymtə/,[sound:al_nl_nl_space_outer_space.mp3],Google Cloud TTS<br>Voice: nl-NL-Standard-G,AnkiLangs::NL
sport,sport,/spɔrt/,[sound:al_nl_nl_sport.mp3],Google Cloud TTS<br>Voice: nl-NL-Standard-G,AnkiLangs::NL
stone,steen,/steːn/,[sound:al_nl_nl_stone.mp3],Google Cloud TTS<br>Voice: nl-NL-Standard-G,AnkiLangs::NL
straight,recht,/rɛxt/,[sound:al_nl_nl_straight.mp3],Google Cloud TTS<br>Voice: nl-NL-Standard-G,AnkiLangs::NL
strong,sterk,/stɛrk/,[sound:al_nl_nl_strong.mp3],Google Cloud TTS<br>Voice: nl-NL-Standard-G,AnkiLangs::NL
sugar,suiker,/ˈsœykər/,[sound:al_nl_nl_sugar.mp3],Google Cloud TTS<br>Voice: nl-NL-Standard-F,AnkiLangs::NL
Sunday,zondag,/ˈzɔndɑx/,[sound:al_nl_nl_sunday.mp3],Google Cloud TTS<br>Voice: nl-NL-Standard-F,AnkiLangs::NL
sweat,zweet,/zʋeːt/,[sound:al_nl_nl_sweat.mp3],Google Cloud TTS<br>Voice: nl-NL-Standard-F,AnkiLangs::NL
tall,lang,/lɑŋ/,[sound:al_nl_nl_tall.mp3],Google Cloud TTS<br>Voice: nl-NL-Standard-G,AnkiLangs::NL
tea,thee,/teː/,[sound:al_nl_nl_tea.mp3],Google Cloud TTS<br>Voice: nl-NL-Standard-G,AnkiLangs::NL
technology,technologie,/tɛxnoːloːˈɣi/,[sound:al_nl_nl_technology.mp3],Google Cloud TTS<br>Voice: nl-NL-Standard-F,AnkiLangs::NL
temperature,temperatuur,/tɛmpəraːˈtyr/,[sound:al_nl_nl_temperature.mp3],Google Cloud TTS<br>Voice: nl-NL-Standard-F,AnkiLangs::NL
ten (10),tien,/tin/,[sound:al_nl_nl_ten_10.mp3],Google Cloud TTS<br>Voice: nl-NL-Standard-F,AnkiLangs::NL
"ten thousand (10,000)",tienduizend,/ˈtinˌdœyzənt/,[sound:al_nl_nl_ten_thousand_10_000.mp3],Google Cloud TTS<br>Voice: nl-NL-Standard-F,AnkiLangs::NL
the (train) ticket,het kaartje,/hɛt ˈkaːrtjə/,[sound:al_nl_nl_the_train_ticket.mp3],Google Cloud TTS<br>Voice: nl-NL-Standard-G,AnkiLangs::NL
the actor,de acteur,/də ɑkˈtør/,[sound:al_nl_nl_the_actor.mp3],Google Cloud TTS<br>Voice: nl-NL-Standard-F,AnkiLangs::NL
the adjective,het bijvoeglijk naamwoord,/hɛt ˈbɛivuɣələk ˈnaːmʋɔrt/,[sound:al_nl_nl_the_adjective.mp3],Google Cloud TTS<br>Voice: nl-NL-Standard-G,AnkiLangs::NL
the adult,de volwassene,/də vɔlˈʋɑsənə/,[sound:al_nl_nl_the_adult.mp3],Google Cloud TTS<br>Voice: nl-NL-Standard-F,AnkiLangs::NL
the afternoon,de middag,/də ˈmɪdɑx/,[sound:al_nl_nl_the_afternoon.mp3],Google Cloud TTS<br>Voice: nl-NL-Standard-G,AnkiLangs::NL
the air,de lucht,/də lʏxt/,[sound:al_nl_nl_the_air.mp3],Google Cloud TTS<br>Voice: nl-NL-Standard-G,AnkiLangs::NL
the airport,de luchthaven,/də ˈlʏxtˌhaːvə(n)/,[sound:al_nl_nl_the_airport.mp3],Google Cloud TTS<br>Voice: nl-NL-Standard-F,AnkiLangs::NL
the animal,het dier,/hɛt dir/,[sound:al_nl_nl_the_animal.mp3],Google Cloud TTS<br>Voice: nl-NL-Standard-F,AnkiLangs::NL
the apartment,het appartement,/hɛt ɑpɑrtəˈmɛnt/,[sound:al_nl_nl_the_apartment.mp3],Google Cloud TTS<br>Voice: nl-NL-Standard-G,AnkiLangs::NL
the apple,de appel,/də ˈɑpəl/,[sound:al_nl_nl_the_apple.mp3],Google Cloud TTS<br>Voice: nl-NL-Standard-F,AnkiLangs::NL
the arm,de arm,/də ɑrm/,[sound:al_nl_nl_the_arm.mp3],Google Cloud TTS<br>Voice: nl-NL-Standard-F,AnkiLangs::NL
the army,het leger,/hɛt ˈleːɣər/,[sound:al_nl_nl_the_army.mp3],Google Cloud TTS<br>Voice: nl-NL-Standard-F,AnkiLangs::NL
the artist,de kunstenaar,/də ˈkʏnstəˌnaːr/,[sound:al_nl_nl_the_artist.mp3],Google Cloud TTS<br>Voice: nl-NL-Standard-F,AnkiLangs::NL
the attack,de aanval,/də ˈaːnvɑl/,[sound:al_nl_nl_the_attack.mp3],Google Cloud TTS<br>Voice: nl-NL-Standard-F,AnkiLangs::NL
the author,de auteur,/də ɔˈtør/,[sound:al_nl_nl_the_author.mp3],Google Cloud TTS<br>Voice: nl-NL-Standard-F,AnkiLangs::NL
the baby,de baby,/də ˈbeːbi/,[sound:al_nl_nl_the_baby.mp3],Google Cloud TTS<br>Voice: nl-NL-Standard-G,AnkiLangs::NL
the back [anatomy],de rug,/də rʏx/,[sound:al_nl_nl_the_back_anatomy.mp3],Google Cloud TTS<br>Voice: nl-NL-Standard-G,AnkiLangs::NL
the back [location],de achterkant,/də ˈɑxtərˌkɑnt/,[sound:al_nl_nl_the_back_location.mp3],Google Cloud TTS<br>Voice: nl-NL-Standard-G,AnkiLangs::NL
the bag,de tas,/də tɑs/,[sound:al_nl_nl_the_bag.mp3],Google Cloud TTS<br>Voice: nl-NL-Standard-F,AnkiLangs::NL
the ball,de bal,/də bɑl/,[sound:al_nl_nl_the_ball.mp3],Google Cloud TTS<br>Voice: nl-NL-Standard-G,AnkiLangs::NL
the banana,de banaan,/də baːˈnaːn/,[sound:al_nl_nl_the_banana.mp3],Google Cloud TTS<br>Voice: nl-NL-Standard-F,AnkiLangs::NL
the band [music],de band,/də bɑnt/,[sound:al_nl_nl_the_band_music.mp3],Google Cloud TTS<br>Voice: nl-NL-Standard-F,AnkiLangs::NL
the bank,de bank,/də bɑŋk/,[sound:al_nl_nl_the_bank.mp3],Google Cloud TTS<br>Voice: nl-NL-Standard-G,AnkiLangs::NL
the bar,de bar,/də bɑr/,[sound:al_nl_nl_the_bar.mp3],Google Cloud TTS<br>Voice: nl-NL-Standard-F,AnkiLangs::NL
the bathroom,de badkamer,/də ˈbɑtˌkaːmər/,[sound:al_nl_nl_the_bathroom.mp3],Google Cloud TTS<br>Voice: nl-NL-Standard-G,AnkiLangs::NL
the beach,het strand,/hɛt strɑnt/,[sound:al_nl_nl_the_beach.mp3],Google Cloud TTS<br>Voice: nl-NL-Standard-G,AnkiLangs::NL
the beard,de baard,/də baːrt/,[sound:al_nl_nl_the_beard.mp3],Google Cloud TTS<br>Voice: nl-NL-Standard-G,AnkiLangs::NL
the bed,het bed,/hɛt bɛt/,[sound:al_nl_nl_the_bed.mp3],Google Cloud TTS<br>Voice: nl-NL-Standard-G,AnkiLangs::NL
the bedroom,de slaapkamer,/də ˈslaːpˌkaːmər/,[sound:al_nl_nl_the_bedroom.mp3],Google Cloud TTS<br>Voice: nl-NL-Standard-G,AnkiLangs::NL
the beef,het rundvlees,/hɛt ˈrʏntˌvleːs/,[sound:al_nl_nl_the_beef.mp3],Google Cloud TTS<br>Voice: nl-NL-Standard-G,AnkiLangs::NL
the beverage,de drank,/də drɑŋk/,[sound:al_nl_nl_the_beverage.mp3],Google Cloud TTS<br>Voice: nl-NL-Standard-F,AnkiLangs::NL
the bicycle,de fiets,/də fits/,[sound:al_nl_nl_the_bicycle.mp3],Google Cloud TTS<br>Voice: nl-NL-Standard-F,AnkiLangs::NL
the bill [bank note],het biljet,/hɛt bɪˈljɛt/,[sound:al_nl_nl_the_bill_bank_note.mp3],Google Cloud TTS<br>Voice: nl-NL-Standard-G,AnkiLangs::NL
the bird,de vogel,/də ˈvoːɣəl/,[sound:al_nl_nl_the_bird.mp3],Google Cloud TTS<br>Voice: nl-NL-Standard-F,AnkiLangs::NL
the boat,de boot,/də boːt/,[sound:al_nl_nl_the_boat.mp3],Google Cloud TTS<br>Voice: nl-NL-Standard-F,AnkiLangs::NL
the body,het lichaam,/hɛt ˈlɪxaːm/,[sound:al_nl_nl_the_body.mp3],Google Cloud TTS<br>Voice: nl-NL-Standard-F,AnkiLangs::NL
the bone,het bot,/hɛt bɔt/,[sound:al_nl_nl_the_bone.mp3],Google Cloud TTS<br>Voice: nl-NL-Standard-G,AnkiLangs::NL
the book,het boek,/hɛt buk/,[sound:al_nl_nl_the_book.mp3],Google Cloud TTS<br>Voice: nl-NL-Standard-F,AnkiLangs::NL
the bottle,de fles,/də flɛs/,[sound:al_nl_nl_the_bottle.mp3],Google Cloud TTS<br>Voice: nl-NL-Standard-F,AnkiLangs::NL
the bottom,de onderkant,/də ˈɔndərˌkɑnt/,[sound:al_nl_nl_the_bottom.mp3],Google Cloud TTS<br>Voice: nl-NL-Standard-G,AnkiLangs::NL
the box,de doos,/də doːs/,[sound:al_nl_nl_the_box.mp3],Google Cloud TTS<br>Voice: nl-NL-Standard-F,AnkiLangs::NL
the boy,de jongen,/də ˈjɔŋə(n)/,[sound:al_nl_nl_the_boy.mp3],Google Cloud TTS<br>Voice: nl-NL-Standard-F,AnkiLangs::NL
the brain,de hersenen,/də ˈhɛrsənə(n)/,[sound:al_nl_nl_the_brain.mp3],Google Cloud TTS<br>Voice: nl-NL-Standard-F,AnkiLangs::NL
the bread,het brood,/hɛt broːt/,[sound:al_nl_nl_the_bread.mp3],Google Cloud TTS<br>Voice: nl-NL-Standard-F,AnkiLangs::NL
the bridge,de brug,/də brʏx/,[sound:al_nl_nl_the_bridge.mp3],Google Cloud TTS<br>Voice: nl-NL-Standard-F,AnkiLangs::NL
the brother,de broer,/də brur/,[sound:al_nl_nl_the_brother.mp3],Google Cloud TTS<br>Voice: nl-NL-Standard-F,AnkiLangs::NL
the building,het gebouw,/hɛt ɣəˈbɑu/,[sound:al_nl_nl_the_building.mp3],Google Cloud TTS<br>Voice: nl-NL-Standard-F,AnkiLangs::NL
the bus,de bus,/də bʏs/,[sound:al_nl_nl_the_bus.mp3],Google Cloud TTS<br>Voice: nl-NL-Standard-G,AnkiLangs::NL
the cake,de taart,/də taːrt/,[sound:al_nl_nl_the_cake.mp3],Google Cloud TTS<br>Voice: nl-NL-Standard-F,AnkiLangs::NL
the camera,de camera,/də ˈkaːməraː/,[sound:al_nl_nl_the_camera.mp3],Google Cloud TTS<br>Voice: nl-NL-Standard-F,AnkiLangs::NL
the camp,het kamp,/hɛt kɑmp/,[sound:al_nl_nl_the_camp.mp3],Google Cloud TTS<br>Voice: nl-NL-Standard-F,AnkiLangs::NL
the car,de auto,/də ˈɔtoː/,[sound:al_nl_nl_the_car.mp3],Google Cloud TTS<br>Voice: nl-NL-Standard-F,AnkiLangs::NL
the card,de kaart,/də kaːrt/,[sound:al_nl_nl_the_card.mp3],Google Cloud TTS<br>Voice: nl-NL-Standard-G,AnkiLangs::NL
the cat,de kat,/də kɑt/,[sound:al_nl_nl_the_cat.mp3],Google Cloud TTS<br>Voice: nl-NL-Standard-G,AnkiLangs::NL
the ceiling,het plafond,/hɛt plaːˈfɔnt/,[sound:al_nl_nl_the_ceiling.mp3],Google Cloud TTS<br>Voice: nl-NL-Standard-G,AnkiLangs::NL
the cell phone,de mobiele telefoon,/də moːˈbilə teːləˈfoːn/,[sound:al_nl_nl_the_cell_phone.mp3],Google Cloud TTS<br>Voice: nl-NL-Standard-F,AnkiLangs::NL
the centimeter,de centimeter,/də ˈsɛntiˌmeːtər/,[sound:al_nl_nl_the_centimeter.mp3],Google Cloud TTS<br>Voice: nl-NL-Standard-G,AnkiLangs::NL
the chair,de stoel,/də stul/,[sound:al_nl_nl_the_chair.mp3],Google Cloud TTS<br>Voice: nl-NL-Standard-F,AnkiLangs::NL
the cheese,de kaas,/də kaːs/,[sound:al_nl_nl_the_cheese.mp3],Google Cloud TTS<br>Voice: nl-NL-Standard-G,AnkiLangs::NL
the chicken,de kip,/də kɪp/,[sound:al_nl_nl_the_chicken.mp3],Google Cloud TTS<br>Voice: nl-NL-Standard-G,AnkiLangs::NL
the child,het kind,/hɛt kɪnt/,[sound:al_nl_nl_the_child.mp3],Google Cloud TTS<br>Voice: nl-NL-Standard-F,AnkiLangs::NL
the church,de kerk,/də kɛrk/,[sound:al_nl_nl_the_church.mp3],Google Cloud TTS<br>Voice: nl-NL-Standard-G,AnkiLangs::NL
the circle,de cirkel,/də ˈsɪrkəl/,[sound:al_nl_nl_the_circle.mp3],Google Cloud TTS<br>Voice: nl-NL-Standard-G,AnkiLangs::NL
the city,de stad,/də stɑt/,[sound:al_nl_nl_the_city.mp3],Google Cloud TTS<br>Voice: nl-NL-Standard-G,AnkiLangs::NL
the clock,de klok,/də klɔk/,[sound:al_nl_nl_the_clock.mp3],Google Cloud TTS<br>Voice: nl-NL-Standard-F,AnkiLangs::NL
the clothing,de kleding,/də ˈkleːdɪŋ/,[sound:al_nl_nl_the_clothing.mp3],Google Cloud TTS<br>Voice: nl-NL-Standard-F,AnkiLangs::NL
the club,de club,/də klʏp/,[sound:al_nl_nl_the_club.mp3],Google Cloud TTS<br>Voice: nl-NL-Standard-G,AnkiLangs::NL
the coat,de jas,/də jɑs/,[sound:al_nl_nl_the_coat.mp3],Google Cloud TTS<br>Voice: nl-NL-Standard-F,AnkiLangs::NL
the color,de kleur,/də kløːr/,[sound:al_nl_nl_the_color.mp3],Google Cloud TTS<br>Voice: nl-NL-Standard-F,AnkiLangs::NL
the computer,de computer,/də kɔmˈpjutər/,[sound:al_nl_nl_the_computer.mp3],Google Cloud TTS<br>Voice: nl-NL-Standard-F,AnkiLangs::NL
the consonant,de medeklinker,/də ˈmeːdəˌklɪŋkər/,[sound:al_nl_nl_the_consonant.mp3],Google Cloud TTS<br>Voice: nl-NL-Standard-G,AnkiLangs::NL
the contract,het contract,/hɛt kɔnˈtrɑkt/,[sound:al_nl_nl_the_contract.mp3],Google Cloud TTS<br>Voice: nl-NL-Standard-F,AnkiLangs::NL
the corn,de maïs,/də maːˈis/,[sound:al_nl_nl_the_corn.mp3],Google Cloud TTS<br>Voice: nl-NL-Standard-G,AnkiLangs::NL
the corner,de hoek,/də huk/,[sound:al_nl_nl_the_corner.mp3],Google Cloud TTS<br>Voice: nl-NL-Standard-F,AnkiLangs::NL
"the country (USA, France, etc.)",het land,/hɛt lɑnt/,[sound:al_nl_nl_the_country_usa_france_etc.mp3],Google Cloud TTS<br>Voice: nl-NL-Standard-F,AnkiLangs::NL
the court,de rechtbank,/də ˈrɛxtˌbɑŋk/,[sound:al_nl_nl_the_court.mp3],Google Cloud TTS<br>Voice: nl-NL-Standard-G,AnkiLangs::NL
the cow,de koe,/də ku/,[sound:al_nl_nl_the_cow.mp3],Google Cloud TTS<br>Voice: nl-NL-Standard-G,AnkiLangs::NL
the crowd,de menigte,/də məˈnɪxtə/,[sound:al_nl_nl_the_crowd.mp3],Google Cloud TTS<br>Voice: nl-NL-Standard-F,AnkiLangs::NL
the cup,de kop,/də kɔp/,[sound:al_nl_nl_the_cup.mp3],Google Cloud TTS<br>Voice: nl-NL-Standard-G,AnkiLangs::NL
the date,de datum,/də ˈdaːtʏm/,[sound:al_nl_nl_the_date.mp3],Google Cloud TTS<br>Voice: nl-NL-Standard-G,AnkiLangs::NL
the daughter,de dochter,/də ˈdɔxtər/,[sound:al_nl_nl_the_daughter.mp3],Google Cloud TTS<br>Voice: nl-NL-Standard-F,AnkiLangs::NL
the day,de dag,/də dɑx/,[sound:al_nl_nl_the_day.mp3],Google Cloud TTS<br>Voice: nl-NL-Standard-G,AnkiLangs::NL
the direction,de richting,/də ˈrɪxtɪŋ/,[sound:al_nl_nl_the_direction.mp3],Google Cloud TTS<br>Voice: nl-NL-Standard-F,AnkiLangs::NL
the doctor,de dokter,/də ˈdɔktər/,[sound:al_nl_nl_the_doctor.mp3],Google Cloud TTS<br>Voice: nl-NL-Standard-F,AnkiLangs::NL
the dog,de hond,/də hɔnt/,[sound:al_nl_nl_the_dog.mp3],Google Cloud TTS<br>Voice: nl-NL-Standard-G,AnkiLangs::NL
the dollar,de dollar,/də ˈdɔlɑr/,[sound:al_nl_nl_the_dollar.mp3],Google Cloud TTS<br>Voice: nl-NL-Standard-F,AnkiLangs::NL
the door,de deur,/də dør/,[sound:al_nl_nl_the_door.mp3],Google Cloud TTS<br>Voice: nl-NL-Standard-F,AnkiLangs::NL
the dot,de punt,/də pʏnt/,[sound:al_nl_nl_the_dot.mp3],Google Cloud TTS<br>Voice: nl-NL-Standard-F,AnkiLangs::NL
the dream,de droom,/də droːm/,[sound:al_nl_nl_the_dream.mp3],Google Cloud TTS<br>Voice: nl-NL-Standard-G,AnkiLangs::NL
the dress,de jurk,/də jʏrk/,[sound:al_nl_nl_the_dress.mp3],Google Cloud TTS<br>Voice: nl-NL-Standard-G,AnkiLangs::NL
the drug,het medicijn,/hɛt meːdiˈsɛin/,[sound:al_nl_nl_the_drug.mp3],Google Cloud TTS<br>Voice: nl-NL-Standard-F,AnkiLangs::NL
the ear,het oor,/hɛt oːr/,[sound:al_nl_nl_the_ear.mp3],Google Cloud TTS<br>Voice: nl-NL-Standard-G,AnkiLangs::NL
the east,het oosten,/hɛt ˈoːstə(n)/,[sound:al_nl_nl_the_east.mp3],Google Cloud TTS<br>Voice: nl-NL-Standard-F,AnkiLangs::NL
the edge,de rand,/də rɑnt/,[sound:al_nl_nl_the_edge.mp3],Google Cloud TTS<br>Voice: nl-NL-Standard-G,AnkiLangs::NL
the egg,het ei,/hɛt ɛi/,[sound:al_nl_nl_the_egg.mp3],Google Cloud TTS<br>Voice: nl-NL-Standard-G,AnkiLangs::NL
the election,de verkiezing,/də vərˈkizɪŋ/,[sound:al_nl_nl_the_election.mp3],Google Cloud TTS<br>Voice: nl-NL-Standard-G,AnkiLangs::NL
the engine,de motor,/də ˈmoːtɔr/,[sound:al_nl_nl_the_engine.mp3],Google Cloud TTS<br>Voice: nl-NL-Standard-F,AnkiLangs::NL
the evening,de avond,/də ˈaːvɔnt/,[sound:al_nl_nl_the_evening.mp3],Google Cloud TTS<br>Voice: nl-NL-Standard-F,AnkiLangs::NL
the eye,het oog,/hɛt oːx/,[sound:al_nl_nl_the_eye.mp3],Google Cloud TTS<br>Voice: nl-NL-Standard-G,AnkiLangs::NL
the face,het gezicht,/hɛt ɣəˈzɪxt/,[sound:al_nl_nl_the_face.mp3],Google Cloud TTS<br>Voice: nl-NL-Standard-G,AnkiLangs::NL
the Fall,de herfst,/də hɛrfst/,[sound:al_nl_nl_the_fall.mp3],Google Cloud TTS<br>Voice: nl-NL-Standard-F,AnkiLangs::NL
the family,de familie,/də faːˈmili/,[sound:al_nl_nl_the_family.mp3],Google Cloud TTS<br>Voice: nl-NL-Standard-F,AnkiLangs::NL
the fan [appliance],de ventilator,/də vɛntiˈlaːtɔr/,[sound:al_nl_nl_the_fan_appliance.mp3],Google Cloud TTS<br>Voice: nl-NL-Standard-G,AnkiLangs::NL
the fan [person],de fan,/də fɛn/,[sound:al_nl_nl_the_fan_person.mp3],Google Cloud TTS<br>Voice: nl-NL-Standard-F,AnkiLangs::NL
the farm,de boerderij,/də ˈburdərɛi/,[sound:al_nl_nl_the_farm.mp3],Google Cloud TTS<br>Voice: nl-NL-Standard-G,AnkiLangs::NL
the father,de vader,/də ˈvaːdər/,[sound:al_nl_nl_the_father.mp3],Google Cloud TTS<br>Voice: nl-NL-Standard-F,AnkiLangs::NL
the finger,de vinger,/də ˈvɪŋər/,[sound:al_nl_nl_the_finger.mp3],Google Cloud TTS<br>Voice: nl-NL-Standard-G,AnkiLangs::NL
the fire,het vuur,/hɛt vyr/,[sound:al_nl_nl_the_fire.mp3],Google Cloud TTS<br>Voice: nl-NL-Standard-G,AnkiLangs::NL
the fish,de vis,/də vɪs/,[sound:al_nl_nl_the_fish.mp3],Google Cloud TTS<br>Voice: nl-NL-Standard-F,AnkiLangs::NL
the floor,de vloer,/də vlur/,[sound:al_nl_nl_the_floor.mp3],Google Cloud TTS<br>Voice: nl-NL-Standard-F,AnkiLangs::NL
the flower,de bloem,/də blum/,[sound:al_nl_nl_the_flower.mp3],Google Cloud TTS<br>Voice: nl-NL-Standard-F,AnkiLangs::NL
the foot,de voet,/də vut/,[sound:al_nl_nl_the_foot.mp3],Google Cloud TTS<br>Voice: nl-NL-Standard-F,AnkiLangs::NL
the foot [measurement],de voet,/də vut/,[sound:al_nl_nl_the_foot_measurement.mp3],Google Cloud TTS<br>Voice: nl-NL-Standard-F,AnkiLangs::NL
the forest,het bos,/hɛt bɔs/,[sound:al_nl_nl_the_forest.mp3],Google Cloud TTS<br>Voice: nl-NL-Standard-G,AnkiLangs::NL
the fork,de vork,/də vɔrk/,[sound:al_nl_nl_the_fork.mp3],Google Cloud TTS<br>Voice: nl-NL-Standard-F,AnkiLangs::NL
the friend,de vriend,/də vrint/,[sound:al_nl_nl_the_friend.mp3],Google Cloud TTS<br>Voice: nl-NL-Standard-G,AnkiLangs::NL
the front,de voorkant,/də ˈvoːrˌkɑnt/,[sound:al_nl_nl_the_front.mp3],Google Cloud TTS<br>Voice: nl-NL-Standard-F,AnkiLangs::NL
the game,het spel,/hɛt spɛl/,[sound:al_nl_nl_the_game.mp3],Google Cloud TTS<br>Voice: nl-NL-Standard-F,AnkiLangs::NL
the garden,de tuin,/də tœyn/,[sound:al_nl_nl_the_garden.mp3],Google Cloud TTS<br>Voice: nl-NL-Standard-G,AnkiLangs::NL
the gasoline,de benzine,/də bɛnˈzinə/,[sound:al_nl_nl_the_gasoline.mp3],Google Cloud TTS<br>Voice: nl-NL-Standard-G,AnkiLangs::NL
the gift,het cadeau,/hɛt kaːˈdoː/,[sound:al_nl_nl_the_gift.mp3],Google Cloud TTS<br>Voice: nl-NL-Standard-F,AnkiLangs::NL
the girl,het meisje,/hɛt ˈmɛiʃə/,[sound:al_nl_nl_the_girl.mp3],Google Cloud TTS<br>Voice: nl-NL-Standard-G,AnkiLangs::NL
the grandfather,de grootvader,/də ˈɣroːtˌvaːdər/,[sound:al_nl_nl_the_grandfather.mp3],Google Cloud TTS<br>Voice: nl-NL-Standard-F,AnkiLangs::NL
the grandmother,de grootmoeder,/də ˈɣroːtˌmudər/,[sound:al_nl_nl_the_grandmother.mp3],Google Cloud TTS<br>Voice: nl-NL-Standard-F,AnkiLangs::NL
the grass,het gras,/hɛt ɣrɑs/,[sound:al_nl_nl_the_grass.mp3],Google Cloud TTS<br>Voice: nl-NL-Standard-F,AnkiLangs::NL
the ground,de grond,/də ɣrɔnt/,[sound:al_nl_nl_the_ground.mp3],Google Cloud TTS<br>Voice: nl-NL-Standard-G,AnkiLangs::NL
the gun,het geweer,/hɛt ɣəˈʋeːr/,[sound:al_nl_nl_the_gun.mp3],Google Cloud TTS<br>Voice: nl-NL-Standard-G,AnkiLangs::NL
the hair,het haar,/hɛt haːr/,[sound:al_nl_nl_the_hair.mp3],Google Cloud TTS<br>Voice: nl-NL-Standard-F,AnkiLangs::NL
the half,de helft,/də hɛlft/,[sound:al_nl_nl_the_half.mp3],Google Cloud TTS<br>Voice: nl-NL-Standard-F,AnkiLangs::NL
the hand,de hand,/də hɑnt/,[sound:al_nl_nl_the_hand.mp3],Google Cloud TTS<br>Voice: nl-NL-Standard-F,AnkiLangs::NL
the hat,de hoed,/də hut/,[sound:al_nl_nl_the_hat.mp3],Google Cloud TTS<br>Voice: nl-NL-Standard-F,AnkiLangs::NL
the head,het hoofd,/hɛt hoːft/,[sound:al_nl_nl_the_head.mp3],Google Cloud TTS<br>Voice: nl-NL-Standard-G,AnkiLangs::NL
the heart,het hart,/hɛt hɑrt/,[sound:al_nl_nl_the_heart.mp3],Google Cloud TTS<br>Voice: nl-NL-Standard-F,AnkiLangs::NL
the heat,de hitte,/də ˈhɪtə/,[sound:al_nl_nl_the_heat.mp3],Google Cloud TTS<br>Voice: nl-NL-Standard-F,AnkiLangs::NL
the hill,de heuvel,/də ˈhøːvəl/,[sound:al_nl_nl_the_hill.mp3],Google Cloud TTS<br>Voice: nl-NL-Standard-G,AnkiLangs::NL
the hole,het gat,/hɛt ɣɑt/,[sound:al_nl_nl_the_hole.mp3],Google Cloud TTS<br>Voice: nl-NL-Standard-G,AnkiLangs::NL
the horse,het paard,/hɛt paːrt/,[sound:al_nl_nl_the_horse.mp3],Google Cloud TTS<br>Voice: nl-NL-Standard-F,AnkiLangs::NL
the hospital,het ziekenhuis,/hɛt ˈzikə(n)ˌhœys/,[sound:al_nl_nl_the_hospital.mp3],Google Cloud TTS<br>Voice: nl-NL-Standard-G,AnkiLangs::NL
the hotel,het hotel,/hɛt hoːˈtɛl/,[sound:al_nl_nl_the_hotel.mp3],Google Cloud TTS<br>Voice: nl-NL-Standard-F,AnkiLangs::NL
the hour,het uur,/hɛt yr/,[sound:al_nl_nl_the_hour.mp3],Google Cloud TTS<br>Voice: nl-NL-Standard-F,AnkiLangs::NL
the house,het huis,/hɛt hœys/,[sound:al_nl_nl_the_house.mp3],Google Cloud TTS<br>Voice: nl-NL-Standard-G,AnkiLangs::NL
the human,de mens,/də mɛns/,[sound:al_nl_nl_the_human.mp3],Google Cloud TTS<br>Voice: nl-NL-Standard-F,AnkiLangs::NL
the husband,de echtgenoot,/də ˈɛxtɣəˌnoːt/,[sound:al_nl_nl_the_husband.mp3],Google Cloud TTS<br>Voice: nl-NL-Standard-G,AnkiLangs::NL
the ice,het ijs,/hɛt ɛis/,[sound:al_nl_nl_the_ice.mp3],Google Cloud TTS<br>Voice: nl-NL-Standard-F,AnkiLangs::NL
the image,de afbeelding,/də ˈɑfˌbeːldɪŋ/,[sound:al_nl_nl_the_image.mp3],Google Cloud TTS<br>Voice: nl-NL-Standard-F,AnkiLangs::NL
the inch,de inch,/də ɪnʃ/,[sound:al_nl_nl_the_inch.mp3],Google Cloud TTS<br>Voice: nl-NL-Standard-G,AnkiLangs::NL
the injury,de verwonding,/də vərˈʋɔndɪŋ/,[sound:al_nl_nl_the_injury.mp3],Google Cloud TTS<br>Voice: nl-NL-Standard-G,AnkiLangs::NL
the inside,de binnenkant,/də ˈbɪnə(n)ˌkɑnt/,[sound:al_nl_nl_the_inside.mp3],Google Cloud TTS<br>Voice: nl-NL-Standard-G,AnkiLangs::NL
the instrument,het instrument,/hɛt ɪnstrʏˈmɛnt/,[sound:al_nl_nl_the_instrument.mp3],Google Cloud TTS<br>Voice: nl-NL-Standard-F,AnkiLangs::NL
the island,het eiland,/hɛt ˈɛilɑnt/,[sound:al_nl_nl_the_island.mp3],Google Cloud TTS<br>Voice: nl-NL-Standard-F,AnkiLangs::NL
the job,de baan,/də baːn/,[sound:al_nl_nl_the_job.mp3],Google Cloud TTS<br>Voice: nl-NL-Standard-F,AnkiLangs::NL
the key,de sleutel,/də ˈsløːtəl/,[sound:al_nl_nl_the_key.mp3],Google Cloud TTS<br>Voice: nl-NL-Standard-F,AnkiLangs::NL
the kilogram,de kilogram,/də ˈkiloːˌɣrɑm/,[sound:al_nl_nl_the_kilogram.mp3],Google Cloud TTS<br>Voice: nl-NL-Standard-G,AnkiLangs::NL
the king,de koning,/də ˈkoːnɪŋ/,[sound:al_nl_nl_the_king.mp3],Google Cloud TTS<br>Voice: nl-NL-Standard-G,AnkiLangs::NL
the kitchen,de keuken,/də ˈkøːkə(n)/,[sound:al_nl_nl_the_kitchen.mp3],Google Cloud TTS<br>Voice: nl-NL-Standard-G,AnkiLangs::NL
the knee,de knie,/də kni/,[sound:al_nl_nl_the_knee.mp3],Google Cloud TTS<br>Voice: nl-NL-Standard-F,AnkiLangs::NL
the knife,het mes,/hɛt mɛs/,[sound:al_nl_nl_the_knife.mp3],Google Cloud TTS<br>Voice: nl-NL-Standard-G,AnkiLangs::NL
the lake,het meer,/hɛt meːr/,[sound:al_nl_nl_the_lake.mp3],Google Cloud TTS<br>Voice: nl-NL-Standard-G,AnkiLangs::NL
the lamp,de lamp,/də lɑmp/,[sound:al_nl_nl_the_lamp.mp3],Google Cloud TTS<br>Voice: nl-NL-Standard-G,AnkiLangs::NL
the laptop,de laptop,/də ˈlɛptɔp/,[sound:al_nl_nl_the_laptop.mp3],Google Cloud TTS<br>Voice: nl-NL-Standard-G,AnkiLangs::NL
the lawyer,de advocaat,/də ɑtvoːˈkaːt/,[sound:al_nl_nl_the_lawyer.mp3],Google Cloud TTS<br>Voice: nl-NL-Standard-F,AnkiLangs::NL
the leaf,het blad,/hɛt blɑt/,[sound:al_nl_nl_the_leaf.mp3],Google Cloud TTS<br>Voice: nl-NL-Standard-F,AnkiLangs::NL
the leg,het been,/hɛt beːn/,[sound:al_nl_nl_the_leg.mp3],Google Cloud TTS<br>Voice: nl-NL-Standard-G,AnkiLangs::NL
the lemon,de citroen,/də siˈtrun/,[sound:al_nl_nl_the_lemon.mp3],Google Cloud TTS<br>Voice: nl-NL-Standard-F,AnkiLangs::NL
the letter,de brief,/də brif/,[sound:al_nl_nl_the_letter.mp3],Google Cloud TTS<br>Voice: nl-NL-Standard-G,AnkiLangs::NL
the library,de bibliotheek,/də ˌbibliˈoteːk/,[sound:al_nl_nl_the_library.mp3],Google Cloud TTS<br>Voice: nl-NL-Standard-F,AnkiLangs::NL
the light,het licht,/hɛt lɪxt/,[sound:al_nl_nl_the_light.mp3],Google Cloud TTS<br>Voice: nl-NL-Standard-F,AnkiLangs::NL
the lip,de lip,/də lɪp/,[sound:al_nl_nl_the_lip.mp3],Google Cloud TTS<br>Voice: nl-NL-Standard-G,AnkiLangs::NL
the location,de locatie,/də loːˈkaːtsi/,[sound:al_nl_nl_the_location.mp3],Google Cloud TTS<br>Voice: nl-NL-Standard-G,AnkiLangs::NL
the lock,het slot,/hɛt slɔt/,[sound:al_nl_nl_the_lock.mp3],Google Cloud TTS<br>Voice: nl-NL-Standard-G,AnkiLangs::NL
the magazine,het tijdschrift,/hɛt ˈtɛitsxrɪft/,[sound:al_nl_nl_the_magazine.mp3],Google Cloud TTS<br>Voice: nl-NL-Standard-G,AnkiLangs::NL
the man,de man,/də mɑn/,[sound:al_nl_nl_the_man.mp3],Google Cloud TTS<br>Voice: nl-NL-Standard-F,AnkiLangs::NL
the manager,de manager,/də ˈmɛnədʒər/,[sound:al_nl_nl_the_manager.mp3],Google Cloud TTS<br>Voice: nl-NL-Standard-G,AnkiLangs::NL
the map,de kaart,/də kaːrt/,[sound:al_nl_nl_the_map.mp3],Google Cloud TTS<br>Voice: nl-NL-Standard-F,AnkiLangs::NL
the market,de markt,/də mɑrkt/,[sound:al_nl_nl_the_market.mp3],Google Cloud TTS<br>Voice: nl-NL-Standard-G,AnkiLangs::NL
the meter,de meter,/də ˈmeːtər/,[sound:al_nl_nl_the_meter.mp3],Google Cloud TTS<br>Voice: nl-NL-Standard-F,AnkiLangs::NL
the minute,de minuut,/də miˈnyt/,[sound:al_nl_nl_the_minute.mp3],Google Cloud TTS<br>Voice: nl-NL-Standard-G,AnkiLangs::NL
the month,de maand,/də maːnt/,[sound:al_nl_nl_the_month.mp3],Google Cloud TTS<br>Voice: nl-NL-Standard-F,AnkiLangs::NL
the moon,de maan,/də maːn/,[sound:al_nl_nl_the_moon.mp3],Google Cloud TTS<br>Voice: nl-NL-Standard-F,AnkiLangs::NL
the morning,de ochtend,/də ˈɔxtənt/,[sound:al_nl_nl_the_morning.mp3],Google Cloud TTS<br>Voice: nl-NL-Standard-G,AnkiLangs::NL
the mother,de moeder,/də ˈmudər/,[sound:al_nl_nl_the_mother.mp3],Google Cloud TTS<br>Voice: nl-NL-Standard-G,AnkiLangs::NL
the mountain,de berg,/də bɛrɣ/,[sound:al_nl_nl_the_mountain.mp3],Google Cloud TTS<br>Voice: nl-NL-Standard-F,AnkiLangs::NL
the mouse,de muis,/də mœys/,[sound:al_nl_nl_the_mouse.mp3],Google Cloud TTS<br>Voice: nl-NL-Standard-G,AnkiLangs::NL
the mouth,de mond,/də mɔnt/,[sound:al_nl_nl_the_mouth.mp3],Google Cloud TTS<br>Voice: nl-NL-Standard-G,AnkiLangs::NL
the movie,de film,/də fɪlm/,[sound:al_nl_nl_the_movie.mp3],Google Cloud TTS<br>Voice: nl-NL-Standard-F,AnkiLangs::NL
the neck,de nek,/də nɛk/,[sound:al_nl_nl_the_neck.mp3],Google Cloud TTS<br>Voice: nl-NL-Standard-G,AnkiLangs::NL
the needle,de naald,/də naːlt/,[sound:al_nl_nl_the_needle.mp3],Google Cloud TTS<br>Voice: nl-NL-Standard-G,AnkiLangs::NL
the neighbor,de buurman,/də ˈbyrmɑn/,[sound:al_nl_nl_the_neighbor.mp3],Google Cloud TTS<br>Voice: nl-NL-Standard-G,AnkiLangs::NL
the network,het netwerk,/hɛt ˈnɛtʋɛrk/,[sound:al_nl_nl_the_network.mp3],Google Cloud TTS<br>Voice: nl-NL-Standard-G,AnkiLangs::NL
the newspaper,de krant,/də krɑnt/,[sound:al_nl_nl_the_newspaper.mp3],Google Cloud TTS<br>Voice: nl-NL-Standard-G,AnkiLangs::NL
the night,de nacht,/də nɑxt/,[sound:al_nl_nl_the_night.mp3],Google Cloud TTS<br>Voice: nl-NL-Standard-G,AnkiLangs::NL
the north,het noorden,/hɛt ˈnoːrdə(n)/,[sound:al_nl_nl_the_north.mp3],Google Cloud TTS<br>Voice: nl-NL-Standard-F,AnkiLangs::NL
the nose,de neus,/də nøːs/,[sound:al_nl_nl_the_nose.mp3],Google Cloud TTS<br>Voice: nl-NL-Standard-F,AnkiLangs::NL
the note,de notitie,/də noːˈtitsi/,[sound:al_nl_nl_the_note.mp3],Google Cloud TTS<br>Voice: nl-NL-Standard-G,AnkiLangs::NL
the noun,het zelfstandig naamwoord,/hɛt ˈzɛlfstɑndəx ˈnaːmʋɔrt/,[sound:al_nl_nl_the_noun.mp3],Google Cloud TTS<br>Voice: nl-NL-Standard-G,AnkiLangs::NL
the number,het nummer,/hɛt ˈnʏmər/,[sound:al_nl_nl_the_number.mp3],Google Cloud TTS<br>Voice: nl-NL-Standard-F,AnkiLangs::NL
the ocean,de oceaan,/də oːseːˈaːn/,[sound:al_nl_nl_the_ocean.mp3],Google Cloud TTS<br>Voice: nl-NL-Standard-G,AnkiLangs::NL
the office,het kantoor,/hɛt kɑnˈtoːr/,[sound:al_nl_nl_the_office.mp3],Google Cloud TTS<br>Voice: nl-NL-Standard-G,AnkiLangs::NL
the orange,de sinaasappel,/də siˈnaːsˌɑpəl/,[sound:al_nl_nl_the_orange.mp3],Google Cloud TTS<br>Voice: nl-NL-Standard-F,AnkiLangs::NL
the outside,de buitenkant,/də ˈbœytə(n)ˌkɑnt/,[sound:al_nl_nl_the_outside.mp3],Google Cloud TTS<br>Voice: nl-NL-Standard-G,AnkiLangs::NL
the page,de pagina,/də paːˈɣinaː/,[sound:al_nl_nl_the_page.mp3],Google Cloud TTS<br>Voice: nl-NL-Standard-G,AnkiLangs::NL
the paint,de verf,/də vɛrf/,[sound:al_nl_nl_the_paint.mp3],Google Cloud TTS<br>Voice: nl-NL-Standard-F,AnkiLangs::NL
the pants,de broek,/də bruk/,[sound:al_nl_nl_the_pants.mp3],Google Cloud TTS<br>Voice: nl-NL-Standard-G,AnkiLangs::NL
the paper,het papier,/hɛt paːˈpir/,[sound:al_nl_nl_the_paper.mp3],Google Cloud TTS<br>Voice: nl-NL-Standard-G,AnkiLangs::NL
the parent,de ouder,/də ˈɑudər/,[sound:al_nl_nl_the_parent.mp3],Google Cloud TTS<br>Voice: nl-NL-Standard-G,AnkiLangs::NL
the park,het park,/hɛt pɑrk/,[sound:al_nl_nl_the_park.mp3],Google Cloud TTS<br>Voice: nl-NL-Standard-G,AnkiLangs::NL
the patient,de patiënt,/də paːsiˈɛnt/,[sound:al_nl_nl_the_patient.mp3],Google Cloud TTS<br>Voice: nl-NL-Standard-G,AnkiLangs::NL
the pattern,het patroon,/hɛt paːˈtroːn/,[sound:al_nl_nl_the_pattern.mp3],Google Cloud TTS<br>Voice: nl-NL-Standard-F,AnkiLangs::NL
the pen,de pen,/də pɛn/,[sound:al_nl_nl_the_pen.mp3],Google Cloud TTS<br>Voice: nl-NL-Standard-G,AnkiLangs::NL
the pencil,het potlood,/hɛt ˈpɔtˌloːt/,[sound:al_nl_nl_the_pencil.mp3],Google Cloud TTS<br>Voice: nl-NL-Standard-F,AnkiLangs::NL
the person,de persoon,/də pərˈsoːn/,[sound:al_nl_nl_the_person.mp3],Google Cloud TTS<br>Voice: nl-NL-Standard-F,AnkiLangs::NL
the photograph,de foto,/də ˈfoːtoː/,[sound:al_nl_nl_the_photograph.mp3],Google Cloud TTS<br>Voice: nl-NL-Standard-G,AnkiLangs::NL
the piece,het stuk,/hɛt stʏk/,[sound:al_nl_nl_the_piece.mp3],Google Cloud TTS<br>Voice: nl-NL-Standard-G,AnkiLangs::NL
the pig,het varken,/hɛt ˈvɑrkə(n)/,[sound:al_nl_nl_the_pig.mp3],Google Cloud TTS<br>Voice: nl-NL-Standard-F,AnkiLangs::NL
the plane,het vliegtuig,/hɛt ˈvliɣˌtœyɣ/,[sound:al_nl_nl_the_plane.mp3],Google Cloud TTS<br>Voice: nl-NL-Standard-F,AnkiLangs::NL
the plant,de plant,/də plɑnt/,[sound:al_nl_nl_the_plant.mp3],Google Cloud TTS<br>Voice: nl-NL-Standard-G,AnkiLangs::NL
the plate,het bord,/hɛt bɔrt/,[sound:al_nl_nl_the_plate.mp3],Google Cloud TTS<br>Voice: nl-NL-Standard-F,AnkiLangs::NL
the player,de speler,/də ˈspeːlər/,[sound:al_nl_nl_the_player.mp3],Google Cloud TTS<br>Voice: nl-NL-Standard-F,AnkiLangs::NL
the pocket,de zak,/də zɑk/,[sound:al_nl_nl_the_pocket.mp3],Google Cloud TTS<br>Voice: nl-NL-Standard-F,AnkiLangs::NL
the police,de politie,/də poːˈlitsi/,[sound:al_nl_nl_the_police.mp3],Google Cloud TTS<br>Voice: nl-NL-Standard-F,AnkiLangs::NL
the pool,het zwembad,/hɛt ˈzʋɛmˌbɑt/,[sound:al_nl_nl_the_pool.mp3],Google Cloud TTS<br>Voice: nl-NL-Standard-F,AnkiLangs::NL
the pork,het varkensvlees,/hɛt ˈvɑrkə(n)sˌvleːs/,[sound:al_nl_nl_the_pork.mp3],Google Cloud TTS<br>Voice: nl-NL-Standard-F,AnkiLangs::NL
the pound,het pond,/hɛt pɔnt/,[sound:al_nl_nl_the_pound.mp3],Google Cloud TTS<br>Voice: nl-NL-Standard-G,AnkiLangs::NL
the president,de president,/də preːziˈdɛnt/,[sound:al_nl_nl_the_president.mp3],Google Cloud TTS<br>Voice: nl-NL-Standard-F,AnkiLangs::NL
the price,de prijs,/də prɛis/,[sound:al_nl_nl_the_price.mp3],Google Cloud TTS<br>Voice: nl-NL-Standard-G,AnkiLangs::NL
the priest,de priester,/də ˈpristər/,[sound:al_nl_nl_the_priest.mp3],Google Cloud TTS<br>Voice: nl-NL-Standard-G,AnkiLangs::NL
the program,het programma,/hɛt proːˈɣrɑmaː/,[sound:al_nl_nl_the_program.mp3],Google Cloud TTS<br>Voice: nl-NL-Standard-F,AnkiLangs::NL
the queen,de koningin,/də ˈkoːnɪŋɪn/,[sound:al_nl_nl_the_queen.mp3],Google Cloud TTS<br>Voice: nl-NL-Standard-G,AnkiLangs::NL
the radio,de radio,/də ˈraːdioː/,[sound:al_nl_nl_the_radio.mp3],Google Cloud TTS<br>Voice: nl-NL-Standard-G,AnkiLangs::NL
the rain,de regen,/də ˈreːɣə(n)/,[sound:al_nl_nl_the_rain.mp3],Google Cloud TTS<br>Voice: nl-NL-Standard-G,AnkiLangs::NL
the reporter,de verslaggever,/də vərˈslɑxˌɣeːvər/,[sound:al_nl_nl_the_reporter.mp3],Google Cloud TTS<br>Voice: nl-NL-Standard-F,AnkiLangs::NL
the restaurant,het restaurant,/hɛt rɛstoːˈrɑnt/,[sound:al_nl_nl_the_restaurant.mp3],Google Cloud TTS<br>Voice: nl-NL-Standard-F,AnkiLangs::NL
the ring,de ring,/də rɪŋ/,[sound:al_nl_nl_the_ring.mp3],Google Cloud TTS<br>Voice: nl-NL-Standard-F,AnkiLangs::NL
the river,de rivier,/də riˈvir/,[sound:al_nl_nl_the_river.mp3],Google Cloud TTS<br>Voice: nl-NL-Standard-F,AnkiLangs::NL
the roof,het dak,/hɛt dɑk/,[sound:al_nl_nl_the_roof.mp3],Google Cloud TTS<br>Voice: nl-NL-Standard-G,AnkiLangs::NL
the room,de kamer,/də ˈkaːmər/,[sound:al_nl_nl_the_room.mp3],Google Cloud TTS<br>Voice: nl-NL-Standard-F,AnkiLangs::NL
the root,de wortel,/də ˈʋɔrtəl/,[sound:al_nl_nl_the_root.mp3],Google Cloud TTS<br>Voice: nl-NL-Standard-F,AnkiLangs::NL
the sand,het zand,/hɛt zɑnt/,[sound:al_nl_nl_the_sand.mp3],Google Cloud TTS<br>Voice: nl-NL-Standard-G,AnkiLangs::NL
the school,de school,/də sxoːl/,[sound:al_nl_nl_the_school.mp3],Google Cloud TTS<br>Voice: nl-NL-Standard-F,AnkiLangs::NL
the screen,het scherm,/hɛt sxɛrm/,[sound:al_nl_nl_the_screen.mp3],Google Cloud TTS<br>Voice: nl-NL-Standard-F,AnkiLangs::NL
the sea,de zee,/də zeː/,[sound:al_nl_nl_the_sea.mp3],Google Cloud TTS<br>Voice: nl-NL-Standard-F,AnkiLangs::NL
the season,het seizoen,/hɛt sɛiˈzun/,[sound:al_nl_nl_the_season.mp3],Google Cloud TTS<br>Voice: nl-NL-Standard-G,AnkiLangs::NL
the second,de seconde,/də səˈkɔndə/,[sound:al_nl_nl_the_second.mp3],Google Cloud TTS<br>Voice: nl-NL-Standard-F,AnkiLangs::NL
the secretary,de secretaresse,/də ˌseːkreːtaːˈrɛsə/,[sound:al_nl_nl_the_secretary.mp3],Google Cloud TTS<br>Voice: nl-NL-Standard-G,AnkiLangs::NL
the seed,het zaad,/hɛt zaːt/,[sound:al_nl_nl_the_seed.mp3],Google Cloud TTS<br>Voice: nl-NL-Standard-G,AnkiLangs::NL
the ship,het schip,/hɛt sxɪp/,[sound:al_nl_nl_the_ship.mp3],Google Cloud TTS<br>Voice: nl-NL-Standard-G,AnkiLangs::NL
the shirt,het overhemd,/hɛt ˈoːvərˌhɛmt/,[sound:al_nl_nl_the_shirt.mp3],Google Cloud TTS<br>Voice: nl-NL-Standard-G,AnkiLangs::NL
the shoes,de schoenen,/də ˈsxunə(n)/,[sound:al_nl_nl_the_shoes.mp3],Google Cloud TTS<br>Voice: nl-NL-Standard-G,AnkiLangs::NL
the shoulder,de schouder,/də ˈsxɑudər/,[sound:al_nl_nl_the_shoulder.mp3],Google Cloud TTS<br>Voice: nl-NL-Standard-F,AnkiLangs::NL
the side,de kant,/də kɑnt/,[sound:al_nl_nl_the_side.mp3],Google Cloud TTS<br>Voice: nl-NL-Standard-G,AnkiLangs::NL
the sign,het teken,/hɛt ˈteːkə(n)/,[sound:al_nl_nl_the_sign.mp3],Google Cloud TTS<br>Voice: nl-NL-Standard-G,AnkiLangs::NL
the sister,de zus,/də zʏs/,[sound:al_nl_nl_the_sister.mp3],Google Cloud TTS<br>Voice: nl-NL-Standard-G,AnkiLangs::NL
the skin,de huid,/də hœyt/,[sound:al_nl_nl_the_skin.mp3],Google Cloud TTS<br>Voice: nl-NL-Standard-F,AnkiLangs::NL
the skirt,de rok,/də rɔk/,[sound:al_nl_nl_the_skirt.mp3],Google Cloud TTS<br>Voice: nl-NL-Standard-G,AnkiLangs::NL
the sky,de lucht,/də lʏxt/,[sound:al_nl_nl_the_sky.mp3],Google Cloud TTS<br>Voice: nl-NL-Standard-G,AnkiLangs::NL
the snow,de sneeuw,/də sneːu/,[sound:al_nl_nl_the_snow.mp3],Google Cloud TTS<br>Voice: nl-NL-Standard-F,AnkiLangs::NL
the soap,de zeep,/də zeːp/,[sound:al_nl_nl_the_soap.mp3],Google Cloud TTS<br>Voice: nl-NL-Standard-G,AnkiLangs::NL
the soldier,de soldaat,/də sɔlˈdaːt/,[sound:al_nl_nl_the_soldier.mp3],Google Cloud TTS<br>Voice: nl-NL-Standard-G,AnkiLangs::NL
the son,de zoon,/də zoːn/,[sound:al_nl_nl_the_son.mp3],Google Cloud TTS<br>Voice: nl-NL-Standard-F,AnkiLangs::NL
the song,het lied,/hɛt lit/,[sound:al_nl_nl_the_song.mp3],Google Cloud TTS<br>Voice: nl-NL-Standard-G,AnkiLangs::NL
the sound,het geluid,/hɛt ɣəˈlœyt/,[sound:al_nl_nl_the_sound.mp3],Google Cloud TTS<br>Voice: nl-NL-Standard-F,AnkiLangs::NL
the soup,de soep,/də sup/,[sound:al_nl_nl_the_soup.mp3],Google Cloud TTS<br>Voice: nl-NL-Standard-G,AnkiLangs::NL
the south,het zuiden,/hɛt ˈzœydə(n)/,[sound:al_nl_nl_the_south.mp3],Google Cloud TTS<br>Voice: nl-NL-Standard-G,AnkiLangs::NL
the spoon,de lepel,/də ˈleːpəl/,[sound:al_nl_nl_the_spoon.mp3],Google Cloud TTS<br>Voice: nl-NL-Standard-G,AnkiLangs::NL
the Spring,de lente,/də ˈlɛntə/,[sound:al_nl_nl_the_spring.mp3],Google Cloud TTS<br>Voice: nl-NL-Standard-F,AnkiLangs::NL
the square,het vierkant,/hɛt ˈvirkɑnt/,[sound:al_nl_nl_the_square.mp3],Google Cloud TTS<br>Voice: nl-NL-Standard-F,AnkiLangs::NL
the stain,de vlek,/də vlɛk/,[sound:al_nl_nl_the_stain.mp3],Google Cloud TTS<br>Voice: nl-NL-Standard-F,AnkiLangs::NL
the star,de ster,/də stɛr/,[sound:al_nl_nl_the_star.mp3],Google Cloud TTS<br>Voice: nl-NL-Standard-F,AnkiLangs::NL
the store/shop,de winkel,/də ˈʋɪŋkəl/,[sound:al_nl_nl_the_store_shop.mp3],Google Cloud TTS<br>Voice: nl-NL-Standard-G,AnkiLangs::NL
the street/road,de straat,/də straːt/,[sound:al_nl_nl_the_street_road.mp3],Google Cloud TTS<br>Voice: nl-NL-Standard-F,AnkiLangs::NL
the student,de student,/də stʏˈdɛnt/,[sound:al_nl_nl_the_student.mp3],Google Cloud TTS<br>Voice: nl-NL-Standard-F,AnkiLangs::NL
the suit,het pak,/hɛt pɑk/,[sound:al_nl_nl_the_suit.mp3],Google Cloud TTS<br>Voice: nl-NL-Standard-F,AnkiLangs::NL
the Summer,de zomer,/də ˈzoːmər/,[sound:al_nl_nl_the_summer.mp3],Google Cloud TTS<br>Voice: nl-NL-Standard-G,AnkiLangs::NL
the sun,de zon,/də zɔn/,[sound:al_nl_nl_the_sun.mp3],Google Cloud TTS<br>Voice: nl-NL-Standard-G,AnkiLangs::NL
the T-shirt,het T-shirt,/hɛt ˈtiːʃɛrt/,[sound:al_nl_nl_the_t_shirt.mp3],Google Cloud TTS<br>Voice: nl-NL-Standard-G,AnkiLangs::NL
the table,de tafel,/də ˈtaːfəl/,[sound:al_nl_nl_the_table.mp3],Google Cloud TTS<br>Voice: nl-NL-Standard-G,AnkiLangs::NL
the teacher,de leraar,/də ləˈraːr/,[sound:al_nl_nl_the_teacher.mp3],Google Cloud TTS<br>Voice: nl-NL-Standard-G,AnkiLangs::NL
the team,het team,/hɛt tim/,[sound:al_nl_nl_the_team.mp3],Google Cloud TTS<br>Voice: nl-NL-Standard-F,AnkiLangs::NL
the tear,de traan,/də traːn/,[sound:al_nl_nl_the_tear.mp3],Google Cloud TTS<br>Voice: nl-NL-Standard-F,AnkiLangs::NL
the telephone,de telefoon,/də teːləˈfoːn/,[sound:al_nl_nl_the_telephone.mp3],Google Cloud TTS<br>Voice: nl-NL-Standard-G,AnkiLangs::NL
the television,de televisie,/də teːləˈvizi/,[sound:al_nl_nl_the_television.mp3],Google Cloud TTS<br>Voice: nl-NL-Standard-G,AnkiLangs::NL
the theater,het theater,/hɛt teːˈaːtər/,[sound:al_nl_nl_the_theater.mp3],Google Cloud TTS<br>Voice: nl-NL-Standard-F,AnkiLangs::NL
the time,de tijd,/də tɛit/,[sound:al_nl_nl_the_time.mp3],Google Cloud TTS<br>Voice: nl-NL-Standard-G,AnkiLangs::NL
the tire,de band,/də bɑnt/,[sound:al_nl_nl_the_tire.mp3],Google Cloud TTS<br>Voice: nl-NL-Standard-G,AnkiLangs::NL
the toe,de teen,/də teːn/,[sound:al_nl_nl_the_toe.mp3],Google Cloud TTS<br>Voice: nl-NL-Standard-F,AnkiLangs::NL
the tongue,de tong,/də tɔŋ/,[sound:al_nl_nl_the_tongue.mp3],Google Cloud TTS<br>Voice: nl-NL-Standard-G,AnkiLangs::NL
the tool,het gereedschap,/hɛt ɣəˈreːtsxɑp/,[sound:al_nl_nl_the_tool.mp3],Google Cloud TTS<br>Voice: nl-NL-Standard-G,AnkiLangs::NL
the tooth,de tand,/də tɑnt/,[sound:al_nl_nl_the_tooth.mp3],Google Cloud TTS<br>Voice: nl-NL-Standard-G,AnkiLangs::NL
the top,de bovenkant,/də ˈboːvəŋˌkɑnt/,[sound:al_nl_nl_the_top.mp3],Google Cloud TTS<br>Voice: nl-NL-Standard-G,AnkiLangs::NL
the town,het stadje,/hɛt ˈstɑtjə/,[sound:al_nl_nl_the_town.mp3],Google Cloud TTS<br>Voice: nl-NL-Standard-F,AnkiLangs::NL
the train,de trein,/də trɛin/,[sound:al_nl_nl_the_train.mp3],Google Cloud TTS<br>Voice: nl-NL-Standard-G,AnkiLangs::NL
the train station,het treinstation,/hɛt ˈtrɛinstaːˌsɪɔn/,[sound:al_nl_nl_the_train_station.mp3],Google Cloud TTS<br>Voice: nl-NL-Standard-F,AnkiLangs::NL
the tree,de boom,/də boːm/,[sound:al_nl_nl_the_tree.mp3],Google Cloud TTS<br>Voice: nl-NL-Standard-G,AnkiLangs::NL
the truck,de vrachtwagen,/də ˈvrɑxtˌʋaːɣə(n)/,[sound:al_nl_nl_the_truck.mp3],Google Cloud TTS<br>Voice: nl-NL-Standard-G,AnkiLangs::NL
the university,de universiteit,/də ʏnivɛrsiˈtɛit/,[sound:al_nl_nl_the_university.mp3],Google Cloud TTS<br>Voice: nl-NL-Standard-G,AnkiLangs::NL
the valley,de vallei,/də vɑˈlɛi/,[sound:al_nl_nl_the_valley.mp3],Google Cloud TTS<br>Voice: nl-NL-Standard-F,AnkiLangs::NL
the verb,het werkwoord,/hɛt ˈʋɛrkˌʋoːrt/,[sound:al_nl_nl_the_verb.mp3],Google Cloud TTS<br>Voice: nl-NL-Standard-G,AnkiLangs::NL
the victim,het slachtoffer,/hɛt ˈslɑxtˌɔfər/,[sound:al_nl_nl_the_victim.mp3],Google Cloud TTS<br>Voice: nl-NL-Standard-G,AnkiLangs::NL
the voice,de stem,/də stɛm/,[sound:al_nl_nl_the_voice.mp3],Google Cloud TTS<br>Voice: nl-NL-Standard-G,AnkiLangs::NL
the vowel,de klinker,/də ˈklɪŋkər/,[sound:al_nl_nl_the_vowel.mp3],Google Cloud TTS<br>Voice: nl-NL-Standard-F,AnkiLangs::NL
the waiter,de ober,/də ˈoːbər/,[sound:al_nl_nl_the_waiter.mp3],Google Cloud TTS<br>Voice: nl-NL-Standard-G,AnkiLangs::NL
the wall,de muur,/də myr/,[sound:al_nl_nl_the_wall.mp3],Google Cloud TTS<br>Voice: nl-NL-Standard-F,AnkiLangs::NL
the wave,de golf,/də ɣɔlf/,[sound:al_nl_nl_the_wave.mp3],Google Cloud TTS<br>Voice: nl-NL-Standard-F,AnkiLangs::NL
the week,de week,/də ʋeːk/,[sound:al_nl_nl_the_week.mp3],Google Cloud TTS<br>Voice: nl-NL-Standard-G,AnkiLangs::NL
the west,het westen,/hɛt ˈʋɛstə(n)/,[sound:al_nl_nl_the_west.mp3],Google Cloud TTS<br>Voice: nl-NL-Standard-F,AnkiLangs::NL
the wife,de vrouw,/də vrɑu/,[sound:al_nl_nl_the_wife.mp3],Google Cloud TTS<br>Voice: nl-NL-Standard-F,AnkiLangs::NL
the wind,de wind,/də ʋɪnt/,[sound:al_nl_nl_the_wind.mp3],Google Cloud TTS<br>Voice: nl-NL-Standard-G,AnkiLangs::NL
the window,het raam,/hɛt raːm/,[sound:al_nl_nl_the_window.mp3],Google Cloud TTS<br>Voice: nl-NL-Standard-F,AnkiLangs::NL
the wing,de vleugel,/də ˈvløːɣəl/,[sound:al_nl_nl_the_wing.mp3],Google Cloud TTS<br>Voice: nl-NL-Standard-G,AnkiLangs::NL
the Winter,de winter,/də ˈʋɪntər/,[sound:al_nl_nl_the_winter.mp3],Google Cloud TTS<br>Voice: nl-NL-Standard-F,AnkiLangs::NL
the woman,de vrouw,/də vrɑu/,[sound:al_nl_nl_the_woman.mp3],Google Cloud TTS<br>Voice: nl-NL-Standard-F,AnkiLangs::NL
the world,de wereld,/də ˈʋeːrəlt/,[sound:al_nl_nl_the_world.mp3],Google Cloud TTS<br>Voice: nl-NL-Standard-G,AnkiLangs::NL
the yard,de tuin,/də tœyn/,[sound:al_nl_nl_the_yard.mp3],Google Cloud TTS<br>Voice: nl-NL-Standard-G,AnkiLangs::NL
the year,het jaar,/hɛt jaːr/,[sound:al_nl_nl_the_year.mp3],Google Cloud TTS<br>Voice: nl-NL-Standard-G,AnkiLangs::NL
they,zij,/zɛi/,[sound:al_nl_nl_they.mp3],Google Cloud TTS<br>Voice: nl-NL-Standard-F,AnkiLangs::NL
thick,dik,/dɪk/,[sound:al_nl_nl_thick.mp3],Google Cloud TTS<br>Voice: nl-NL-Standard-G,AnkiLangs::NL
thin,dun,/dʏn/,[sound:al_nl_nl_thin.mp3],Google Cloud TTS<br>Voice: nl-NL-Standard-G,AnkiLangs::NL
third (3rd),derde,/ˈdɛrdə/,[sound:al_nl_nl_third_3rd.mp3],Google Cloud TTS<br>Voice: nl-NL-Standard-G,AnkiLangs::NL
thirteen (13),dertien,/dɛrˈtin/,[sound:al_nl_nl_thirteen_13.mp3],Google Cloud TTS<br>Voice: nl-NL-Standard-G,AnkiLangs::NL
thirty (30),dertig,/ˈdɛrtəx/,[sound:al_nl_nl_thirty_30.mp3],Google Cloud TTS<br>Voice: nl-NL-Standard-G,AnkiLangs::NL
thirty-one (31),eenendertig,/ˌeːnənˈdɛrtəx/,[sound:al_nl_nl_thirty_one_31.mp3],Google Cloud TTS<br>Voice: nl-NL-Standard-G,AnkiLangs::NL
thirty-two (32),tweeëndertig,/ˌtʋeːənˈdɛrtəx/,[sound:al_nl_nl_thirty_two_32.mp3],Google Cloud TTS<br>Voice: nl-NL-Standard-G,AnkiLangs::NL
three (3),drie,/dri/,[sound:al_nl_nl_three_3.mp3],Google Cloud TTS<br>Voice: nl-NL-Standard-F,AnkiLangs::NL
Thursday,donderdag,/ˈdɔndərdɑx/,[sound:al_nl_nl_thursday.mp3],Google Cloud TTS<br>Voice: nl-NL-Standard-G,AnkiLangs::NL
tight,strak,/strɑk/,[sound:al_nl_nl_tight.mp3],Google Cloud TTS<br>Voice: nl-NL-Standard-F,AnkiLangs::NL
to beat,slaan,/slaːn/,[sound:al_nl_nl_to_beat.mp3],Google Cloud TTS<br>Voice: nl-NL-Standard-F,AnkiLangs::NL
to bend,buigen,/ˈbœyɣə(n)/,[sound:al_nl_nl_to_bend.mp3],Google Cloud TTS<br>Voice: nl-NL-Standard-G,AnkiLangs::NL
to break,breken,/ˈbreːkə(n)/,[sound:al_nl_nl_to_break.mp3],Google Cloud TTS<br>Voice: nl-NL-Standard-F,AnkiLangs::NL
to build,bouwen,/ˈbɑuʋə(n)/,[sound:al_nl_nl_to_build.mp3],Google Cloud TTS<br>Voice: nl-NL-Standard-F,AnkiLangs::NL
to burn,branden,/ˈbrɑndə(n)/,[sound:al_nl_nl_to_burn.mp3],Google Cloud TTS<br>Voice: nl-NL-Standard-F,AnkiLangs::NL
to buy,kopen,/ˈkoːpə(n)/,[sound:al_nl_nl_to_buy.mp3],Google Cloud TTS<br>Voice: nl-NL-Standard-F,AnkiLangs::NL
to call,roepen,/ˈrupə(n)/,[sound:al_nl_nl_to_call.mp3],Google Cloud TTS<br>Voice: nl-NL-Standard-F,AnkiLangs::NL
to carry,dragen,/ˈdraːɣə(n)/,[sound:al_nl_nl_to_carry.mp3],Google Cloud TTS<br>Voice: nl-NL-Standard-F,AnkiLangs::NL
to catch,vangen,/ˈvɑŋə(n)/,[sound:al_nl_nl_to_catch.mp3],Google Cloud TTS<br>Voice: nl-NL-Standard-F,AnkiLangs::NL
to clean,schoonmaken,/ˈsxoːnˌmaːkə(n)/,[sound:al_nl_nl_to_clean.mp3],Google Cloud TTS<br>Voice: nl-NL-Standard-F,AnkiLangs::NL
to close,sluiten,/ˈslœytə(n)/,[sound:al_nl_nl_to_close.mp3],Google Cloud TTS<br>Voice: nl-NL-Standard-F,AnkiLangs::NL
to cook,koken,/ˈkoːkə(n)/,[sound:al_nl_nl_to_cook.mp3],Google Cloud TTS<br>Voice: nl-NL-Standard-F,AnkiLangs::NL
to count,tellen,/ˈtɛlə(n)/,[sound:al_nl_nl_to_count.mp3],Google Cloud TTS<br>Voice: nl-NL-Standard-G,AnkiLangs::NL
to cry,huilen,/ˈhœylə(n)/,[sound:al_nl_nl_to_cry.mp3],Google Cloud TTS<br>Voice: nl-NL-Standard-F,AnkiLangs::NL
to cut,snijden,/ˈsnɛidə(n)/,[sound:al_nl_nl_to_cut.mp3],Google Cloud TTS<br>Voice: nl-NL-Standard-F,AnkiLangs::NL
to dance,dansen,/ˈdɑnsə(n)/,[sound:al_nl_nl_to_dance.mp3],Google Cloud TTS<br>Voice: nl-NL-Standard-G,AnkiLangs::NL
to die,sterven,/ˈstɛrvə(n)/,[sound:al_nl_nl_to_die.mp3],Google Cloud TTS<br>Voice: nl-NL-Standard-G,AnkiLangs::NL
to dig,graven,/ˈɣraːvə(n)/,[sound:al_nl_nl_to_dig.mp3],Google Cloud TTS<br>Voice: nl-NL-Standard-G,AnkiLangs::NL
to draw,tekenen,/ˈteːkənə(n)/,[sound:al_nl_nl_to_draw.mp3],Google Cloud TTS<br>Voice: nl-NL-Standard-F,AnkiLangs::NL
to drink,drinken,/ˈdrɪŋkə(n)/,[sound:al_nl_nl_to_drink.mp3],Google Cloud TTS<br>Voice: nl-NL-Standard-F,AnkiLangs::NL
to drive,rijden,/ˈrɛidə(n)/,[sound:al_nl_nl_to_drive.mp3],Google Cloud TTS<br>Voice: nl-NL-Standard-F,AnkiLangs::NL
to eat,eten,/ˈeːtə(n)/,[sound:al_nl_nl_to_eat.mp3],Google Cloud TTS<br>Voice: nl-NL-Standard-G,AnkiLangs::NL
to explode,ontploffen,/ɔntˈplɔfə(n)/,[sound:al_nl_nl_to_explode.mp3],Google Cloud TTS<br>Voice: nl-NL-Standard-F,AnkiLangs::NL
to fall,vallen,/ˈvɑlə(n)/,[sound:al_nl_nl_to_fall.mp3],Google Cloud TTS<br>Voice: nl-NL-Standard-F,AnkiLangs::NL
to feed,voeden,/ˈvudə(n)/,[sound:al_nl_nl_to_feed.mp3],Google Cloud TTS<br>Voice: nl-NL-Standard-G,AnkiLangs::NL
to fight,vechten,/ˈvɛxtə(n)/,[sound:al_nl_nl_to_fight.mp3],Google Cloud TTS<br>Voice: nl-NL-Standard-G,AnkiLangs::NL
to find,vinden,/ˈvɪndə(n)/,[sound:al_nl_nl_to_find.mp3],Google Cloud TTS<br>Voice: nl-NL-Standard-G,AnkiLangs::NL
to fly,vliegen,/ˈvliɣə(n)/,[sound:al_nl_nl_to_fly.mp3],Google Cloud TTS<br>Voice: nl-NL-Standard-F,AnkiLangs::NL
to follow,volgen,/ˈvɔlɣə(n)/,[sound:al_nl_nl_to_follow.mp3],Google Cloud TTS<br>Voice: nl-NL-Standard-F,AnkiLangs::NL
to go,gaan,/ɣaːn/,[sound:al_nl_nl_to_go.mp3],Google Cloud TTS<br>Voice: nl-NL-Standard-F,AnkiLangs::NL
to grow,groeien,/ˈɣruiə(n)/,[sound:al_nl_nl_to_grow.mp3],Google Cloud TTS<br>Voice: nl-NL-Standard-F,AnkiLangs::NL
to hang,hangen,/ˈhɑŋə(n)/,[sound:al_nl_nl_to_hang.mp3],Google Cloud TTS<br>Voice: nl-NL-Standard-G,AnkiLangs::NL
to hear,horen,/ˈhoːrə(n)/,[sound:al_nl_nl_to_hear.mp3],Google Cloud TTS<br>Voice: nl-NL-Standard-F,AnkiLangs::NL
to jump,springen,/ˈsprɪŋə(n)/,[sound:al_nl_nl_to_jump.mp3],Google Cloud TTS<br>Voice: nl-NL-Standard-F,AnkiLangs::NL
to kill,doden,/ˈdoːdə(n)/,[sound:al_nl_nl_to_kill.mp3],Google Cloud TTS<br>Voice: nl-NL-Standard-G,AnkiLangs::NL
to kiss,kussen,/ˈkʏsə(n)/,[sound:al_nl_nl_to_kiss.mp3],Google Cloud TTS<br>Voice: nl-NL-Standard-G,AnkiLangs::NL
to laugh,lachen,/ˈlɑxə(n)/,[sound:al_nl_nl_to_laugh.mp3],Google Cloud TTS<br>Voice: nl-NL-Standard-G,AnkiLangs::NL
to learn,leren,/ˈleːrə(n)/,[sound:al_nl_nl_to_learn.mp3],Google Cloud TTS<br>Voice: nl-NL-Standard-F,AnkiLangs::NL
to lie down,liggen,/ˈlɪɣə(n)/,[sound:al_nl_nl_to_lie_down.mp3],Google Cloud TTS<br>Voice: nl-NL-Standard-G,AnkiLangs::NL
to lift,tillen,/ˈtɪlə(n)/,[sound:al_nl_nl_to_lift.mp3],Google Cloud TTS<br>Voice: nl-NL-Standard-F,AnkiLangs::NL
to listen,luisteren,/ˈlœystərə(n)/,[sound:al_nl_nl_to_listen.mp3],Google Cloud TTS<br>Voice: nl-NL-Standard-G,AnkiLangs::NL
to lose,verliezen,/vərˈlizə(n)/,[sound:al_nl_nl_to_lose.mp3],Google Cloud TTS<br>Voice: nl-NL-Standard-G,AnkiLangs::NL
to love,houden van,/ˈhɑudə(n) vɑn/,[sound:al_nl_nl_to_love.mp3],Google Cloud TTS<br>Voice: nl-NL-Standard-F,AnkiLangs::NL
to marry,trouwen,/ˈtrɑuʋə(n)/,[sound:al_nl_nl_to_marry.mp3],Google Cloud TTS<br>Voice: nl-NL-Standard-G,AnkiLangs::NL
to melt,smelten,/ˈsmɛltə(n)/,[sound:al_nl_nl_to_melt.mp3],Google Cloud TTS<br>Voice: nl-NL-Standard-G,AnkiLangs::NL
to mix / to stir,mengen,/ˈmɛŋə(n)/,[sound:al_nl_nl_to_mix_to_stir.mp3],Google Cloud TTS<br>Voice: nl-NL-Standard-G,AnkiLangs::NL
to open,openen,/ˈoːpənə(n)/,[sound:al_nl_nl_to_open.mp3],Google Cloud TTS<br>Voice: nl-NL-Standard-F,AnkiLangs::NL
to pass by,passeren,/pɑˈseːrə(n)/,[sound:al_nl_nl_to_pass_by.mp3],Google Cloud TTS<br>Voice: nl-NL-Standard-G,AnkiLangs::NL
to pay,betalen,/bəˈtaːlə(n)/,[sound:al_nl_nl_to_pay.mp3],Google Cloud TTS<br>Voice: nl-NL-Standard-F,AnkiLangs::NL
to play,spelen,/ˈspeːlə(n)/,[sound:al_nl_nl_to_play.mp3],Google Cloud TTS<br>Voice: nl-NL-Standard-G,AnkiLangs::NL
to pray,bidden,/ˈbɪdə(n)/,[sound:al_nl_nl_to_pray.mp3],Google Cloud TTS<br>Voice: nl-NL-Standard-G,AnkiLangs::NL
to pull,trekken,/ˈtrɛkə(n)/,[sound:al_nl_nl_to_pull.mp3],Google Cloud TTS<br>Voice: nl-NL-Standard-G,AnkiLangs::NL
to push,duwen,/ˈdyʋə(n)/,[sound:al_nl_nl_to_push.mp3],Google Cloud TTS<br>Voice: nl-NL-Standard-G,AnkiLangs::NL
to run,rennen,/ˈrɛnə(n)/,[sound:al_nl_nl_to_run.mp3],Google Cloud TTS<br>Voice: nl-NL-Standard-G,AnkiLangs::NL
to see,zien,/zin/,[sound:al_nl_nl_to_see.mp3],Google Cloud TTS<br>Voice: nl-NL-Standard-G,AnkiLangs::NL
to sell,verkopen,/vərˈkoːpə(n)/,[sound:al_nl_nl_to_sell.mp3],Google Cloud TTS<br>Voice: nl-NL-Standard-F,AnkiLangs::NL
to shake,schudden,/ˈsxʏdə(n)/,[sound:al_nl_nl_to_shake.mp3],Google Cloud TTS<br>Voice: nl-NL-Standard-F,AnkiLangs::NL
to shoot (a gun),schieten,/ˈsxitə(n)/,[sound:al_nl_nl_to_shoot_a_gun.mp3],Google Cloud TTS<br>Voice: nl-NL-Standard-G,AnkiLangs::NL
to sign,ondertekenen,/ˈɔndərˌteːkənə(n)/,[sound:al_nl_nl_to_sign.mp3],Google Cloud TTS<br>Voice: nl-NL-Standard-G,AnkiLangs::NL
to sing,zingen,/ˈzɪŋə(n)/,[sound:al_nl_nl_to_sing.mp3],Google Cloud TTS<br>Voice: nl-NL-Standard-F,AnkiLangs::NL
to sit,zitten,/ˈzɪtə(n)/,[sound:al_nl_nl_to_sit.mp3],Google Cloud TTS<br>Voice: nl-NL-Standard-G,AnkiLangs::NL
to sleep,slapen,/ˈslaːpə(n)/,[sound:al_nl_nl_to_sleep.mp3],Google Cloud TTS<br>Voice: nl-NL-Standard-G,AnkiLangs::NL
to smell,ruiken,/ˈrœykə(n)/,[sound:al_nl_nl_to_smell.mp3],Google Cloud TTS<br>Voice: nl-NL-Standard-G,AnkiLangs::NL
to smile,glimlachen,/ˈɣlɪmˌlɑxə(n)/,[sound:al_nl_nl_to_smile.mp3],Google Cloud TTS<br>Voice: nl-NL-Standard-F,AnkiLangs::NL
to speak / to say,spreken,/ˈspreːkə(n)/,[sound:al_nl_nl_to_speak_to_say.mp3],Google Cloud TTS<br>Voice: nl-NL-Standard-G,AnkiLangs::NL
to stand,staan,/staːn/,[sound:al_nl_nl_to_stand.mp3],Google Cloud TTS<br>Voice: nl-NL-Standard-G,AnkiLangs::NL
to stop,stoppen,/ˈstɔpə(n)/,[sound:al_nl_nl_to_stop.mp3],Google Cloud TTS<br>Voice: nl-NL-Standard-F,AnkiLangs::NL
to swim,zwemmen,/ˈzʋɛmə(n)/,[sound:al_nl_nl_to_swim.mp3],Google Cloud TTS<br>Voice: nl-NL-Standard-G,AnkiLangs::NL
to taste,proeven,/ˈpruvə(n)/,[sound:al_nl_nl_to_taste.mp3],Google Cloud TTS<br>Voice: nl-NL-Standard-F,AnkiLangs::NL
to teach,lesgeven,/ˈlɛsˌɣeːvə(n)/,[sound:al_nl_nl_to_teach.mp3],Google Cloud TTS<br>Voice: nl-NL-Standard-G,AnkiLangs::NL
to think,denken,/ˈdɛŋkə(n)/,[sound:al_nl_nl_to_think.mp3],Google Cloud TTS<br>Voice: nl-NL-Standard-G,AnkiLangs::NL
to throw,gooien,/ˈɣoːiə(n)/,[sound:al_nl_nl_to_throw.mp3],Google Cloud TTS<br>Voice: nl-NL-Standard-G,AnkiLangs::NL
to touch,aanraken,/ˈaːnˌraːkə(n)/,[sound:al_nl_nl_to_touch.mp3],Google Cloud TTS<br>Voice: nl-NL-Standard-G,AnkiLangs::NL
to turn,draaien,/ˈdraːiə(n)/,[sound:al_nl_nl_to_turn.mp3],Google Cloud TTS<br>Voice: nl-NL-Standard-G,AnkiLangs::NL
to wake up,wakker worden,/ˈʋɑkər ˈʋɔrdə(n)/,[sound:al_nl_nl_to_wake_up.mp3],Google Cloud TTS<br>Voice: nl-NL-Standard-F,AnkiLangs::NL
to walk,lopen,/ˈloːpə(n)/,[sound:al_nl_nl_to_walk.mp3],Google Cloud TTS<br>Voice: nl-NL-Standard-F,AnkiLangs::NL
to wash,wassen,/ˈʋɑsə(n)/,[sound:al_nl_nl_to_wash.mp3],Google Cloud TTS<br>Voice: nl-NL-Standard-F,AnkiLangs::NL
to watch,kijken,/ˈkɛikə(n)/,[sound:al_nl_nl_to_watch.mp3],Google Cloud TTS<br>Voice: nl-NL-Standard-F,AnkiLangs::NL
to wear,dragen,/ˈdraːɣə(n)/,[sound:al_nl_nl_to_wear.mp3],Google Cloud TTS<br>Voice: nl-NL-Standard-G,AnkiLangs::NL
to win,winnen,/ˈʋɪnə(n)/,[sound:al_nl_nl_to_win.mp3],Google Cloud TTS<br>Voice: nl-NL-Standard-G,AnkiLangs::NL
to work,werken,/ˈʋɛrkə(n)/,[sound:al_nl_nl_to_work.mp3],Google Cloud TTS<br>Voice: nl-NL-Standard-F,AnkiLangs::NL
to write,schrijven,/ˈsxrɛivə(n)/,[sound:al_nl_nl_to_write.mp3],Google Cloud TTS<br>Voice: nl-NL-Standard-G,AnkiLangs::NL
transportation,vervoer,/vərˈvur/,[sound:al_nl_nl_transportation.mp3],Google Cloud TTS<br>Voice: nl-NL-Standard-G,AnkiLangs::NL
Tuesday,dinsdag,/ˈdɪnsdɑx/,[sound:al_nl_nl_tuesday.mp3],Google Cloud TTS<br>Voice: nl-NL-Standard-G,AnkiLangs::NL
twelve (12),twaalf,/tʋaːlf/,[sound:al_nl_nl_twelve_12.mp3],Google Cloud TTS<br>Voice: nl-NL-Standard-F,AnkiLangs::NL
twenty (20),twintig,/ˈtʋɪntəx/,[sound:al_nl_nl_twenty_20.mp3],Google Cloud TTS<br>Voice: nl-NL-Standard-F,AnkiLangs::NL
twenty-one (21),eenentwintig,/ˌeːnənˈtʋɪntəx/,[sound:al_nl_nl_twenty_one_21.mp3],Google Cloud TTS<br>Voice: nl-NL-Standard-G,AnkiLangs::NL
twenty-two (22),tweeëntwintig,/ˌtʋeːənˈtʋɪntəx/,[sound:al_nl_nl_twenty_two_22.mp3],Google Cloud TTS<br>Voice: nl-NL-Standard-F,AnkiLangs::NL
two (2),twee,/tʋeː/,[sound:al_nl_nl_two_2.mp3],Google Cloud TTS<br>Voice: nl-NL-Standard-G,AnkiLangs::NL
ugly,lelijk,/ˈleːlək/,[sound:al_nl_nl_ugly.mp3],Google Cloud TTS<br>Voice: nl-NL-Standard-F,AnkiLangs::NL
up,omhoog,/ɔmˈhoːx/,[sound:al_nl_nl_up.mp3],Google Cloud TTS<br>Voice: nl-NL-Standard-G,AnkiLangs::NL
war,oorlog,/ˈoːrlɔx/,[sound:al_nl_nl_war.mp3],Google Cloud TTS<br>Voice: nl-NL-Standard-G,AnkiLangs::NL
warm,warm,/ʋɑrm/,[sound:al_nl_nl_warm.mp3],Google Cloud TTS<br>Voice: nl-NL-Standard-G,AnkiLangs::NL
water,water,/ˈʋaːtər/,[sound:al_nl_nl_water.mp3],Google Cloud TTS<br>Voice: nl-NL-Standard-G,AnkiLangs::NL
we,wij,/ʋɛi/,[sound:al_nl_nl_we.mp3],Google Cloud TTS<br>Voice: nl-NL-Standard-G,AnkiLangs::NL
weak,zwak,/zʋɑk/,[sound:al_nl_nl_weak.mp3],Google Cloud TTS<br>Voice: nl-NL-Standard-G,AnkiLangs::NL
wedding,bruiloft,/ˈbrœylɔft/,[sound:al_nl_nl_wedding.mp3],Google Cloud TTS<br>Voice: nl-NL-Standard-G,AnkiLangs::NL
Wednesday,woensdag,/ˈʋunsdɑx/,[sound:al_nl_nl_wednesday.mp3],Google Cloud TTS<br>Voice: nl-NL-Standard-G,AnkiLangs::NL
weight,gewicht,/ɣəˈʋɪxt/,[sound:al_nl_nl_weight.mp3],Google Cloud TTS<br>Voice: nl-NL-Standard-G,AnkiLangs::NL
wet,nat,/nɑt/,[sound:al_nl_nl_wet.mp3],Google Cloud TTS<br>Voice: nl-NL-Standard-G,AnkiLangs::NL
white,wit,/ʋɪt/,[sound:al_nl_nl_white.mp3],Google Cloud TTS<br>Voice: nl-NL-Standard-G,AnkiLangs::NL
wide,breed,/breːt/,[sound:al_nl_nl_wide.mp3],Google Cloud TTS<br>Voice: nl-NL-Standard-F,AnkiLangs::NL
wine,wijn,/ʋɛin/,[sound:al_nl_nl_wine.mp3],Google Cloud TTS<br>Voice: nl-NL-Standard-F,AnkiLangs::NL
wood,hout,/hɑut/,[sound:al_nl_nl_wood.mp3],Google Cloud TTS<br>Voice: nl-NL-Standard-F,AnkiLangs::NL
yellow,geel,/ɣeːl/,[sound:al_nl_nl_yellow.mp3],Google Cloud TTS<br>Voice: nl-NL-Standard-G,AnkiLangs::NL
yes,ja,/jaː/,[sound:al_nl_nl_yes.mp3],Google Cloud TTS<br>Voice: nl-NL-Standard-F,AnkiLangs::NL
"you [plural, y'all]",jullie,/ˈjʏli/,[sound:al_nl_nl_you_plural_y_all.mp3],Google Cloud TTS<br>Voice: nl-NL-Standard-F,AnkiLangs::NL
you [singular],jij,/jɛi/,[sound:al_nl_nl_you_singular.mp3],Google Cloud TTS<br>Voice: nl-NL-Standard-F,AnkiLangs::NL
young,jong,/jɔŋ/,[sound:al_nl_nl_young.mp3],Google Cloud TTS<br>Voice: nl-NL-Standard-F,AnkiLangs::NL
