key,text:ta,ipa:ta,audio:ta,audio source:ta,tags:ta
alive,உயிருடன்,/ujirɯd̪ɐn/,[sound:al_ta_in_alive.mp3],Google Cloud TTS<br>Voice: ta-IN-Standard-A,AnkiLangs::TA
April,ஏப்ரல்,/eːpɾɐl/,[sound:al_ta_in_april.mp3],Google Cloud TTS<br>Voice: ta-IN-Standard-A,AnkiLangs::TA
art,கலை,/kɐlɐj/,[sound:al_ta_in_art.mp3],Google Cloud TTS<br>Voice: ta-IN-Standard-B,AnkiLangs::TA
August,ஆகஸ்ட்,/ɑːɡɐsʈ/,[sound:al_ta_in_august.mp3],Google Cloud TTS<br>Voice: ta-IN-Standard-A,AnkiLangs::TA
bad,மோசமான,/moːsɐmɑːn/,[sound:al_ta_in_bad.mp3],Google Cloud TTS<br>Voice: ta-IN-Standard-A,AnkiLangs::TA
beautiful,அழகான,/aɻaɡaːna/,,,AnkiLangs::TA
beer,பீர்,/biːr/,,,AnkiLangs::TA
big / large,பெரிய,/peɾija/,,,AnkiLangs::TA
black,கருப்பு,/kaɾuppu/,,,AnkiLangs::TA
blind,குருடு,/kuɾuɖu/,,,AnkiLangs::TA
blood,இரத்தம்,/irattam/,,,AnkiLangs::TA
blue,நீலம்,/niːlam/,,,AnkiLangs::TA
breakfast,காலை உணவு,/kaːlai uɳaʋu/,,,AnkiLangs::TA
brown,பழுப்பு,/paɻuppu/,,,AnkiLangs::TA
cheap,மலிவு,/maliʋu/,,,AnkiLangs::TA
clay,களிமண்,/kaɭimaɳ/,,,AnkiLangs::TA
clean,சுத்தமான,/suttamaːna/,,,AnkiLangs::TA
coffee,காபி,/kaːpi/,,,AnkiLangs::TA
cold,குளிர்ச்சி,/kuɭirtʃi/,,,AnkiLangs::TA
cool,குளிர்ந்த,/kuɭirnda/,,,AnkiLangs::TA
copper,செம்பு,/sembu/,,,AnkiLangs::TA
curved,வளைந்த,/ʋaɭainda/,,,AnkiLangs::TA
dark,இருண்ட,/iruɳɖa/,,,AnkiLangs::TA
dark blue,அடர் நீலம்,/aɖar niːlam/,,,AnkiLangs::TA
dead,இறந்த,/iɾanda/,,,AnkiLangs::TA
deaf,செவிடு,/seʋiɖu/,,,AnkiLangs::TA
death,மரணம்,/maɾaɳam/,,,AnkiLangs::TA
December,டிசம்பர்,/ɖisambar/,,,AnkiLangs::TA
deep,ஆழமான,/aːɻamaːna/,,,AnkiLangs::TA
diamond,வைரம்,/ʋaiɾam/,,,AnkiLangs::TA
dinner,இரவு உணவு,/iraʋu uɳaʋu/,,,AnkiLangs::TA
dirty,அழுக்கு,/aɻukku/,,,AnkiLangs::TA
disease,நோய்,/noːj/,,,AnkiLangs::TA
down,கீழே,/kiːɻeː/,,,AnkiLangs::TA
dry,உலர்ந்த,/ularnda/,,,AnkiLangs::TA
dust,தூசி,/tuːsi/,,,AnkiLangs::TA
Earth,பூமி,/puːmi/,,,AnkiLangs::TA
eight (8),எட்டு,/eʈʈu/,,,AnkiLangs::TA
eighteen (18),பதினெட்டு,/padinettu/,,,AnkiLangs::TA
eighty (80),எண்பது,/eɳbadu/,,,AnkiLangs::TA
eighty-one (81),எண்பத்தி ஒன்று,/eɳbatti onɖɾu/,,,AnkiLangs::TA
eighty-two (82),எண்பத்தி இரண்டு,/eɳbatti iraɳɖu/,,,AnkiLangs::TA
eleven (11),பதினொன்று,/padinonɖɾu/,,,AnkiLangs::TA
energy,ஆற்றல்,/aːttɾal/,,,AnkiLangs::TA
exercise,உடற்பயிற்சி,/uɖaɾpajitsi/,,,AnkiLangs::TA
expensive,விலை உயர்ந்த,/ʋilai ujarndaʔ/,,,AnkiLangs::TA
famous,புகழ்பெற்ற,/puɡaɻpetɾa/,,,AnkiLangs::TA
fast,வேகமான,/ʋeːɡamaːna/,,,AnkiLangs::TA
February,பிப்ரவரி,/pibraʋari/,,,AnkiLangs::TA
female,பெண்,/peɳ/,,,AnkiLangs::TA
fifteen (15),பதினைந்து,/padinaindu/,,,AnkiLangs::TA
fifth (5th),ஐந்தாவது,/aindaːʋadu/,,,AnkiLangs::TA
fifty (50),ஐம்பது,/aimbadu/,,,AnkiLangs::TA
fifty-one (51),ஐம்பத்தி ஒன்று,/aimbatti onɖɾu/,,,AnkiLangs::TA
fifty-two (52),ஐம்பத்தி இரண்டு,/aimbatti iraɳɖu/,,,AnkiLangs::TA
first (1st),முதல்,/mudal/,,,AnkiLangs::TA
five (5),ஐந்து,/aindu/,,,AnkiLangs::TA
flat,தட்டையான,/taʈʈaijaːna/,,,AnkiLangs::TA
food,உணவு,/uɳaʋu/,,,AnkiLangs::TA
forty (40),நாற்பது,/naːɾbadu/,,,AnkiLangs::TA
forty-one (41),நாற்பத்தி ஒன்று,/naːɾbatti onɖɾu/,,,AnkiLangs::TA
forty-two (42),நாற்பத்தி இரண்டு,/naːɾbatti iraɳɖu/,,,AnkiLangs::TA
four (4),நான்கு,/naːŋɡu/,,,AnkiLangs::TA
fourteen (14),பதினான்கு,/padinaːŋɡu/,,,AnkiLangs::TA
fourth (4th),நான்காவது,/naːŋɡaːʋadu/,,,AnkiLangs::TA
Friday,வெள்ளி,/ʋeɭɭi/,,,AnkiLangs::TA
glass,கண்ணாடி,/kaɳɳaːɖi/,,,AnkiLangs::TA
God,கடவுள்,/kaɖaʋuɭ/,,,AnkiLangs::TA
gold,தங்கம்,/taŋɡam/,,,AnkiLangs::TA
good,நல்ல,/nalla/,,,AnkiLangs::TA
gray,சாம்பல்,/saːmbal/,,,AnkiLangs::TA
green,பச்சை,/pattʃai/,,,AnkiLangs::TA
happy,மகிழ்ச்சி,/maɡiɻtʃi/,,,AnkiLangs::TA
hard,கடினமான,/kaɖinamaːna/,,,AnkiLangs::TA
he,அவன்,/aʋan/,,,AnkiLangs::TA
healthy,ஆரோக்கியமான,/aːroːkkijamaːna/,,,AnkiLangs::TA
heaven,சொர்க்கம்,/sorkkam/,,,AnkiLangs::TA
heavy,கனமான,/kanamaːna/,,,AnkiLangs::TA
hell,நரகம்,/naɾaɡam/,,,AnkiLangs::TA
high,உயரமான,/ujaɾamaːna/,,,AnkiLangs::TA
hot,சூடான,/suːɖaːna/,,,AnkiLangs::TA
I,நான்,/naːn/,,,AnkiLangs::TA
it,அது,/adu/,,,AnkiLangs::TA
January,ஜனவரி,/d͡ʒanaʋari/,,,AnkiLangs::TA
juice,சாறு,/saːɾu/,,,AnkiLangs::TA
July,ஜூலை,/d͡ʒuːlai/,,,AnkiLangs::TA
June,ஜூன்,/d͡ʒuːn/,,,AnkiLangs::TA
left,இடது,/iɖadu/,,,AnkiLangs::TA
"light [opposite of ""dark""]",ஒளிவட்டம்,/oɭiʋaʈʈam/,,,AnkiLangs::TA
"light [opposite of ""heavy""]",இலேசான,/ileːsaːna/,,,AnkiLangs::TA
light blue,வெளிர் நீலம்,/ʋeɭir niːlam/,,,AnkiLangs::TA
long,நீண்ட,/niːɳɖa/,,,AnkiLangs::TA
loose,தளர்வான,/taɭarʋaːna/,,,AnkiLangs::TA
loud,சத்தமான,/sattamaːna/,,,AnkiLangs::TA
low,தாழ்வான,/taːɻʋaːna/,,,AnkiLangs::TA
lunch,மதிய உணவு,/madija uɳaʋu/,,,AnkiLangs::TA
male,ஆண்,/aːɳ/,,,AnkiLangs::TA
March,மார்ச்,/maːrtʃ/,,,AnkiLangs::TA
marriage,திருமணம்,/tirumaɳam/,,,AnkiLangs::TA
material,பொருள்,/poɾuɭ/,,,AnkiLangs::TA
May,மே,/meː/,,,AnkiLangs::TA
mean,சராசரி,/saɾaːsari/,,,AnkiLangs::TA
medicine,மருந்து,/marundu/,,,AnkiLangs::TA
metal,உலோகம்,/uloːɡam/,,,AnkiLangs::TA
milk,பால்,/paːl/,,,AnkiLangs::TA
Monday,திங்கள்,/tiŋɡaɭ/,,,AnkiLangs::TA
money,பணம்,/paɳam/,,,AnkiLangs::TA
murder,கொலை,/kolai/,,,AnkiLangs::TA
music,இசை,/isai/,,,AnkiLangs::TA
narrow,குறுகிய,/kuɾuɡija/,,,AnkiLangs::TA
nature,இயற்கை,/ijaɾkai/,,,AnkiLangs::TA
new,புதிய,/pudija/,,,AnkiLangs::TA
nice,நல்ல,/nalla/,,,AnkiLangs::TA
nine (9),ஒன்பது,/onbadu/,,,AnkiLangs::TA
nineteen (19),பத்தொன்பது,/pattonbadu/,,,AnkiLangs::TA
ninety (90),தொண்ணூறு,/toɳɳuːɾu/,,,AnkiLangs::TA
ninety-one (91),தொண்ணூற்று ஒன்று,/toɳɳuːttu onɖɾu/,,,AnkiLangs::TA
ninety-two (92),தொண்ணூற்று இரண்டு,/toɳɳuːttu iraɳɖu/,,,AnkiLangs::TA
no,இல்லை,/illai/,,,AnkiLangs::TA
November,நவம்பர்,/naʋambar/,,,AnkiLangs::TA
nuclear,அணுசக்தி,/aɳusaɡti/,,,AnkiLangs::TA
October,அக்டோபர்,/agɖoːbar/,,,AnkiLangs::TA
oil,எண்ணெய்,/eɳɳej/,,,AnkiLangs::TA
"old [opposite of ""new""]",பழைய,/paɻaija/,,,AnkiLangs::TA
"old [opposite of ""young""]",முதியவர்,/mudijaʋar/,,,AnkiLangs::TA
one (1),ஒன்று,/onɖɾu/,,,AnkiLangs::TA
"one billion (1,000,000,000)",ஒரு பில்லியன்,/oɾu billijaːn/,,,AnkiLangs::TA
one hundred (100),நூறு,/nuːɾu/,,,AnkiLangs::TA
one hundred eleven (111),நூற்று பதினொன்று,/nuːttu padinonɖɾu/,,,AnkiLangs::TA
one hundred one (101),நூற்று ஒன்று,/nuːttu onɖɾu/,,,AnkiLangs::TA
one hundred ten (110),நூற்று பத்து,/nuːttu pattu/,,,AnkiLangs::TA
"one hundred thousand (100,000)",ஒரு இலட்சம்,/oɾu ilaʈʈsam/,,,AnkiLangs::TA
one hundred two (102),நூற்று இரண்டு,/nuːttu iraɳɖu/,,,AnkiLangs::TA
"one million (1,000,000)",ஒரு மில்லியன்,/oɾu millijaːn/,,,AnkiLangs::TA
one thousand (1000),ஆயிரம்,/aːjiɾam/,,,AnkiLangs::TA
one thousand one (1001),ஆயிரத்து ஒன்று,/aːjiɾattu onɖɾu/,,,AnkiLangs::TA
orange,ஆரஞ்சு,/aːɾan͡ʒu/,,,AnkiLangs::TA
pain,வலி,/ʋali/,,,AnkiLangs::TA
peace,அமைதி,/amaidi/,,,AnkiLangs::TA
pink,இளஞ்சிவப்பு,/iɭan͡ʒsiʋappu/,,,AnkiLangs::TA
plastic,பிளாஸ்டிக்,/pilaːsɖik/,,,AnkiLangs::TA
poison,விஷம்,/ʋiʂam/,,,AnkiLangs::TA
poor,ஏழை,/eːɻai/,,,AnkiLangs::TA
prison,சிறை,/siɾai/,,,AnkiLangs::TA
quiet,அமைதியான,/amaidijɑːnɑ/,,,AnkiLangs::TA
race [ethnicity],இனம்,/inam/,,,AnkiLangs::TA
race [sport],பந்தயம்,/pandajam/,,,AnkiLangs::TA
red,சிவப்பு,/siʋappu/,,,AnkiLangs::TA
relationship,உறவு,/uɾaʋu/,,,AnkiLangs::TA
religion,மதம்,/madam/,,,AnkiLangs::TA
rice,அரிசி,/arisi/,,,AnkiLangs::TA
rich,பணக்காரர்,/paɳakkaːɾar/,,,AnkiLangs::TA
right,வலது,/ʋaladu/,,,AnkiLangs::TA
sad,சோகமான,/soːɡamaːna/,,,AnkiLangs::TA
salt,உப்பு,/uppu/,,,AnkiLangs::TA
Saturday,சனி,/sani/,,,AnkiLangs::TA
science,அறிவியல்,/aɾiʋijaːl/,,,AnkiLangs::TA
second (2nd),இரண்டாவது,/iraɳɖaːʋadu/,,,AnkiLangs::TA
September,செப்டம்பர்,/sepɖambar/,,,AnkiLangs::TA
seven (7),ஏழு,/eːɻu/,,,AnkiLangs::TA
seventeen (17),பதினேழு,/padineːɻu/,,,AnkiLangs::TA
seventy (70),எழுபது,/eɻubadu/,,,AnkiLangs::TA
seventy-one (71),எழுபத்தி ஒன்று,/eɻubatti onɖɾu/,,,AnkiLangs::TA
seventy-two (72),எழுபத்தி இரண்டு,/eɻubatti iraɳɖu/,,,AnkiLangs::TA
sex [gender],பாலினம்,/paːlinam/,,,AnkiLangs::TA
sex [the act],உடலுறவு,/uɖaluɾaʋu/,,,AnkiLangs::TA
shallow,ஆழமற்ற,/aːɻamatɾa/,,,AnkiLangs::TA
she,அவள்,/aʋaɭ/,,,AnkiLangs::TA
"short [opposite of ""long""]",குறுகிய,/kuɾuɡija/,,,AnkiLangs::TA
"short [opposite of ""tall""]",குட்டையான,/kuʈʈaijaːna/,,,AnkiLangs::TA
sick,நோயுற்ற,/noːjutɾa/,,,AnkiLangs::TA
silver,வெள்ளி,/ʋeɭɭi/,,,AnkiLangs::TA
six (6),ஆறு,/aːɾu/,,,AnkiLangs::TA
sixteen (16),பதினாறு,/padinaːɾu/,,,AnkiLangs::TA
sixty (60),அறுபது,/aɾubadu/,,,AnkiLangs::TA
sixty-one (61),அறுபத்தி ஒன்று,/aɾubatti onɖɾu/,,,AnkiLangs::TA
sixty-two (62),அறுபத்தி இரண்டு,/aɾubatti iraɳɖu/,,,AnkiLangs::TA
slow,மெதுவான,/meduʋaːna/,,,AnkiLangs::TA
small / little,சிறிய,/siɾija/,,,AnkiLangs::TA
soft,மென்மையான,/menmaijɑːnɑ/,,,AnkiLangs::TA
soil/earth [ground],மண்,/maɳ/,,,AnkiLangs::TA
space (outer space),விண்வெளி,/ʋiɳʋeɭi/,,,AnkiLangs::TA
sport,விளையாட்டு,/ʋiɭaijaːʈʈu/,,,AnkiLangs::TA
stone,கல்,/kal/,,,AnkiLangs::TA
straight,நேரான,/neːɾaːna/,,,AnkiLangs::TA
strong,வலிமையான,/ʋalimaijɑːnɑ/,,,AnkiLangs::TA
sugar,சர்க்கரை,/sarkkaɾai/,,,AnkiLangs::TA
Sunday,ஞாயிறு,/ɲaːjiɾu/,,,AnkiLangs::TA
sweat,வியர்வை,/ʋijarʋai/,,,AnkiLangs::TA
tall,உயரமான,/ujaɾamaːna/,,,AnkiLangs::TA
tea,தேநீர்,/teːniːr/,,,AnkiLangs::TA
technology,தொழில்நுட்பம்,/toɻilnuʈpam/,,,AnkiLangs::TA
temperature,வெப்பநிலை,/ʋeppanilai/,,,AnkiLangs::TA
ten (10),பத்து,/pattu/,,,AnkiLangs::TA
"ten thousand (10,000)",பத்தாயிரம்,/pattaːjiɾam/,,,AnkiLangs::TA
the (train) ticket,டிக்கெட்,/ɖikkeʈ/,,,AnkiLangs::TA
the actor,நடிகர்,/naɖiɡar/,,,AnkiLangs::TA
the adjective,பெயரடை,/pejaɾaɖai/,,,AnkiLangs::TA
the adult,வயது வந்தவர்,/ʋajadu ʋandaʋar/,,,AnkiLangs::TA
the afternoon,மதியம்,/madijam/,,,AnkiLangs::TA
the air,காற்று,/kaːttu/,,,AnkiLangs::TA
the airport,விமான நிலையம்,/ʋimaːna nilaijam/,,,AnkiLangs::TA
the animal,விலங்கு,/ʋilaŋɡu/,,,AnkiLangs::TA
the apartment,குடியிருப்பு,/kuɖijiɾuppu/,,,AnkiLangs::TA
the apple,ஆப்பிள்,/aːppiɭ/,,,AnkiLangs::TA
the arm,கை,/kai/,,,AnkiLangs::TA
the army,இராணுவம்,/iraːɳuʋam/,,,AnkiLangs::TA
the artist,கலைஞர்,/kalaiɲar/,,,AnkiLangs::TA
the attack,தாக்குதல்,/taːkkudal/,,,AnkiLangs::TA
the author,எழுத்தாளர்,/eɻuttaːɭar/,,,AnkiLangs::TA
the baby,குழந்தை,/kuɻandai/,,,AnkiLangs::TA
the back [anatomy],முதுகு,/muduɡu/,,,AnkiLangs::TA
the back [location],பின்புறம்,/pinpuɾam/,,,AnkiLangs::TA
the bag,பை,/pai/,,,AnkiLangs::TA
the ball,பந்து,/pandu/,,,AnkiLangs::TA
the banana,வாழைப்பழம்,/ʋaːɻaippaɻam/,,,AnkiLangs::TA
the band [music],இசைக்குழு,/isaikɡuɻu/,,,AnkiLangs::TA
the bank,வங்கி,/ʋaŋɡi/,,,AnkiLangs::TA
the bar,பார்,/paːr/,,,AnkiLangs::TA
the bathroom,குளியலறை,/kuɭijalaɾai/,,,AnkiLangs::TA
the beach,கடற்கரை,/kaɖaɾkaɾai/,,,AnkiLangs::TA
the beard,தாடி,/taːɖi/,,,AnkiLangs::TA
the bed,படுக்கை,/paɖukkai/,,,AnkiLangs::TA
the bedroom,படுக்கையறை,/paɖukkaijɑɾɑi/,,,AnkiLangs::TA
the beef,மாட்டிறைச்சி,/maːʈʈiɾaitʃi/,,,AnkiLangs::TA
the beverage,பானம்,/paːnam/,,,AnkiLangs::TA
the bicycle,மிதிவண்டி,/midiʋaɳɖi/,,,AnkiLangs::TA
the bill [bank note],ரூபாய் நோட்டு,/ɾuːpaːj noːʈʈu/,,,AnkiLangs::TA
the bird,பறவை,/paɾaʋai/,,,AnkiLangs::TA
the boat,படகு,/paɖaɡu/,,,AnkiLangs::TA
the body,உடல்,/uɖal/,,,AnkiLangs::TA
the bone,எலும்பு,/elumbu/,,,AnkiLangs::TA
the book,புத்தகம்,/puttaɡam/,,,AnkiLangs::TA
the bottle,பாட்டில்,/paːʈʈil/,,,AnkiLangs::TA
the bottom,அடிப்பகுதி,/aɖippaɡudi/,,,AnkiLangs::TA
the box,பெட்டி,/peʈʈi/,,,AnkiLangs::TA
the boy,பையன்,/paijjan/,,,AnkiLangs::TA
the brain,மூளை,/muːɭai/,,,AnkiLangs::TA
the bread,ரொட்டி,/ɾoʈʈi/,,,AnkiLangs::TA
the bridge,பாலம்,/paːlam/,,,AnkiLangs::TA
the brother,சகோதரன்,/saɡoːdaraːn/,,,AnkiLangs::TA
the building,கட்டிடம்,/kaʈʈiɖam/,,,AnkiLangs::TA
the bus,பேருந்து,/peːɾundu/,,,AnkiLangs::TA
the cake,கேக்,/keːk/,,,AnkiLangs::TA
the camera,கேமரா,/keːmaɾaː/,,,AnkiLangs::TA
the camp,முகாம்,/muɡaːm/,,,AnkiLangs::TA
the car,கார்,/kaːr/,,,AnkiLangs::TA
the card,அட்டை,/aʈʈai/,,,AnkiLangs::TA
the cat,பூனை,/puːnai/,,,AnkiLangs::TA
the ceiling,கூரை,/kuːɾai/,,,AnkiLangs::TA
the cell phone,செல்போன்,/selpoːn/,,,AnkiLangs::TA
the centimeter,சென்டிமீட்டர்,/senɖimiːʈʈar/,,,AnkiLangs::TA
the chair,நாற்காலி,/naːɾkaːli/,,,AnkiLangs::TA
the cheese,பாலாடைக்கட்டி,/paːlaːɖaikkaʈʈi/,,,AnkiLangs::TA
the chicken,கோழி,/koːɻi/,,,AnkiLangs::TA
the child,குழந்தை,/kuɻandai/,,,AnkiLangs::TA
the church,தேவாலயம்,/teːʋaːlajam/,,,AnkiLangs::TA
the circle,வட்டம்,/ʋaʈʈam/,,,AnkiLangs::TA
the city,நகரம்,/naɡaɾam/,,,AnkiLangs::TA
the clock,கடிகாரம்,/kaɖiɡaːɾam/,,,AnkiLangs::TA
the clothing,ஆடை,/aːɖai/,,,AnkiLangs::TA
the club,கிளப்,/kilap/,,,AnkiLangs::TA
the coat,கோட்,/koːʈ/,,,AnkiLangs::TA
the color,நிறம்,/niɾam/,,,AnkiLangs::TA
the computer,கணினி,/kaɳini/,,,AnkiLangs::TA
the consonant,மெய்யெழுத்து,/meijjeɻuttu/,,,AnkiLangs::TA
the contract,ஒப்பந்தம்,/oppandam/,,,AnkiLangs::TA
the corn,சோளம்,/soːɭam/,,,AnkiLangs::TA
the corner,மூலை,/muːlai/,,,AnkiLangs::TA
"the country (USA, France, etc.)",நாடு,/naːɖu/,,,AnkiLangs::TA
the court,நீதிமன்றம்,/niːdimanɾam/,,,AnkiLangs::TA
the cow,பசு,/pasu/,,,AnkiLangs::TA
the crowd,கூட்டம்,/kuːʈʈam/,,,AnkiLangs::TA
the cup,கோப்பை,/koːppai/,,,AnkiLangs::TA
the date,தேதி,/teːdi/,,,AnkiLangs::TA
the daughter,மகள்,/maɡaɭ/,,,AnkiLangs::TA
the day,நாள்,/naːɭ/,,,AnkiLangs::TA
the direction,திசை,/disai/,,,AnkiLangs::TA
the doctor,மருத்துவர்,/maruttuʋar/,,,AnkiLangs::TA
the dog,நாய்,/naːj/,,,AnkiLangs::TA
the dollar,டாலர்,/ɖaːlar/,,,AnkiLangs::TA
the door,கதவு,/kadaʋu/,,,AnkiLangs::TA
the dot,புள்ளி,/puɭɭi/,,,AnkiLangs::TA
the dream,கனவு,/kanaʋu/,,,AnkiLangs::TA
the dress,ஆடை,/aːɖai/,,,AnkiLangs::TA
the drug,மருந்து,/marundu/,,,AnkiLangs::TA
the ear,காது,/kaːdu/,,,AnkiLangs::TA
the east,கிழக்கு,/kiɻakku/,,,AnkiLangs::TA
the edge,விளிம்பு,/ʋiɭimbu/,,,AnkiLangs::TA
the egg,முட்டை,/muʈʈai/,,,AnkiLangs::TA
the election,தேர்தல்,/teːrdal/,,,AnkiLangs::TA
the engine,இயந்திரம்,/ijaːndiɾam/,,,AnkiLangs::TA
the evening,மாலை,/maːlai/,,,AnkiLangs::TA
the eye,கண்,/kaɳ/,,,AnkiLangs::TA
the face,முகம்,/muɡam/,,,AnkiLangs::TA
the Fall,இலையுதிர் காலம்,/ilaijjudːir kaːlam/,,,AnkiLangs::TA
the family,குடும்பம்,/kuɖumbam/,,,AnkiLangs::TA
the fan [appliance],விசிறி,/ʋisiɾi/,,,AnkiLangs::TA
the fan [person],ரசிகர்,/rasiɡar/,,,AnkiLangs::TA
the farm,பண்ணை,/paɳɳai/,,,AnkiLangs::TA
the father,தந்தை,/tandai/,,,AnkiLangs::TA
the finger,விரல்,/ʋiɾal/,,,AnkiLangs::TA
the fire,நெருப்பு,/neɾuppu/,,,AnkiLangs::TA
the fish,மீன்,/miːn/,,,AnkiLangs::TA
the floor,தரை,/daɾai/,,,AnkiLangs::TA
the flower,பூ,/puː/,,,AnkiLangs::TA
the foot,பாதம்,/paːdam/,,,AnkiLangs::TA
the foot [measurement],அடி,/aɖi/,,,AnkiLangs::TA
the forest,காடு,/kaːɖu/,,,AnkiLangs::TA
the fork,முள்,/muɭ/,,,AnkiLangs::TA
the friend,நண்பர்,/naɳbar/,,,AnkiLangs::TA
the front,முன்புறம்,/munpuɾam/,,,AnkiLangs::TA
the game,விளையாட்டு,/ʋiɭaijaːʈʈu/,,,AnkiLangs::TA
the garden,தோட்டம்,/toːʈʈam/,,,AnkiLangs::TA
the gasoline,பெட்ரோல்,/peʈɾoːl/,,,AnkiLangs::TA
the gift,பரிசு,/paɾisu/,,,AnkiLangs::TA
the girl,பெண்,/peɳ/,,,AnkiLangs::TA
the grandfather,தாத்தா,/taːttaː/,,,AnkiLangs::TA
the grandmother,பாட்டி,/paːʈʈi/,,,AnkiLangs::TA
the grass,புல்,/pul/,,,AnkiLangs::TA
the ground,நிலம்,/nilam/,,,AnkiLangs::TA
the gun,துப்பாக்கி,/tuppaːkki/,,,AnkiLangs::TA
the hair,முடி,/muɖi/,,,AnkiLangs::TA
the half,பாதி,/paːdi/,,,AnkiLangs::TA
the hand,கை,/kai/,,,AnkiLangs::TA
the hat,தொப்பி,/toppi/,,,AnkiLangs::TA
the head,தலை,/talai/,,,AnkiLangs::TA
the heart,இதயம்,/idajam/,,,AnkiLangs::TA
the heat,வெப்பம்,/ʋeppam/,,,AnkiLangs::TA
the hill,மலை,/malai/,,,AnkiLangs::TA
the hole,ஓட்டை,/oːʈʈai/,,,AnkiLangs::TA
the horse,குதிரை,/kudiɾai/,,,AnkiLangs::TA
the hospital,மருத்துவமனை,/maruttuʋamanai/,,,AnkiLangs::TA
the hotel,ஹோட்டல்,/hoːʈʈal/,,,AnkiLangs::TA
the hour,மணி நேரம்,/maɳi neːɾam/,,,AnkiLangs::TA
the house,வீடு,/ʋiːɖu/,,,AnkiLangs::TA
the human,மனிதன்,/manidan/,,,AnkiLangs::TA
the husband,கணவன்,/kaɳaʋan/,,,AnkiLangs::TA
the ice,பனி,/pani/,,,AnkiLangs::TA
the image,படம்,/paɖam/,,,AnkiLangs::TA
the inch,அங்குலம்,/aŋɡulam/,,,AnkiLangs::TA
the injury,காயம்,/kaːjam/,,,AnkiLangs::TA
the inside,உட்புறம்,/uʈpuɾam/,,,AnkiLangs::TA
the instrument,கருவி,/kaɾuʋi/,,,AnkiLangs::TA
the island,தீவு,/tiːʋu/,,,AnkiLangs::TA
the job,வேலை,/ʋeːlai/,,,AnkiLangs::TA
the key,சாவி,/saːʋi/,,,AnkiLangs::TA
the kilogram,கிலோகிராம்,/kiloːɡiɾaːm/,,,AnkiLangs::TA
the king,அரசன்,/aɾasan/,,,AnkiLangs::TA
the kitchen,சமையலறை,/samaijalɾai/,,,AnkiLangs::TA
the knee,முழங்கால்,/muɻaŋɡaːl/,,,AnkiLangs::TA
the knife,கத்தி,/katti/,,,AnkiLangs::TA
the lake,ஏரி,/eːɾi/,,,AnkiLangs::TA
the lamp,விளக்கு,/ʋiɭakku/,,,AnkiLangs::TA
the laptop,லேப்டாப்,/leːpɖaːp/,,,AnkiLangs::TA
the lawyer,வழக்கறிஞர்,/ʋaɻakkaɾiɲar/,,,AnkiLangs::TA
the leaf,இலை,/ilai/,,,AnkiLangs::TA
the leg,கால்,/kaːl/,,,AnkiLangs::TA
the lemon,எலுமிச்சை,/elumittʃai/,,,AnkiLangs::TA
the letter,கடிதம்,/kaɖidam/,,,AnkiLangs::TA
the library,நூலகம்,/nuːlaɡam/,,,AnkiLangs::TA
the light,விளக்கு,/ʋiɭakku/,,,AnkiLangs::TA
the lip,உதடு,/udaɖu/,,,AnkiLangs::TA
the location,இடம்,/iɖam/,,,AnkiLangs::TA
the lock,பூட்டு,/puːʈʈu/,,,AnkiLangs::TA
the magazine,பத்திரிகை,/pattiɾiɡai/,,,AnkiLangs::TA
the man,மனிதன்,/manidan/,,,AnkiLangs::TA
the manager,மேலாளர்,/meːlaːɭar/,,,AnkiLangs::TA
the map,வரைபடம்,/ʋaɾaipaɖam/,,,AnkiLangs::TA
the market,சந்தை,/sandai/,,,AnkiLangs::TA
the meter,மீட்டர்,/miːʈʈar/,,,AnkiLangs::TA
the minute,நிமிடம்,/nimiɖam/,,,AnkiLangs::TA
the month,மாதம்,/maːdam/,,,AnkiLangs::TA
the moon,நிலா,/nilaː/,,,AnkiLangs::TA
the morning,காலை,/kaːlai/,,,AnkiLangs::TA
the mother,தாய்,/taːj/,,,AnkiLangs::TA
the mountain,மலை,/malai/,,,AnkiLangs::TA
the mouse,எலி,/eli/,,,AnkiLangs::TA
the mouth,வாய்,/ʋaːj/,,,AnkiLangs::TA
the movie,திரைப்படம்,/diɾaippaɖam/,,,AnkiLangs::TA
the neck,கழுத்து,/kaɻuttu/,,,AnkiLangs::TA
the needle,ஊசி,/uːsi/,,,AnkiLangs::TA
the neighbor,அண்டை வீட்டார்,/aɳɖai ʋiːʈʈaːr/,,,AnkiLangs::TA
the network,வலையமைப்பு,/ʋalaijamɑippu/,,,AnkiLangs::TA
the newspaper,செய்தித்தாள்,/seːjdittaːɭ/,,,AnkiLangs::TA
the night,இரவு,/iraʋu/,,,AnkiLangs::TA
the north,வடக்கு,/ʋaɖakku/,,,AnkiLangs::TA
the nose,மூக்கு,/muːkku/,,,AnkiLangs::TA
the note,குறிப்பு,/kuɾippu/,,,AnkiLangs::TA
the noun,பெயர்ச்சொல்,/pejaːrtʃol/,,,AnkiLangs::TA
the number,எண்,/eɳ/,,,AnkiLangs::TA
the ocean,கடல்,/kaɖal/,,,AnkiLangs::TA
the office,அலுவலகம்,/aluʋalaɡam/,,,AnkiLangs::TA
the orange,ஆரஞ்சு,/aːɾan͡ʒu/,,,AnkiLangs::TA
the outside,வெளிப்புறம்,/ʋeɭippuɾam/,,,AnkiLangs::TA
the page,பக்கம்,/pakkam/,,,AnkiLangs::TA
the paint,வண்ணப்பூச்சு,/ʋaɳɳappuːttʃu/,,,AnkiLangs::TA
the pants,கால்சட்டை,/kaːlsaʈʈai/,,,AnkiLangs::TA
the paper,காகிதம்,/kaːɡidam/,,,AnkiLangs::TA
the parent,பெற்றோர்,/petɾoːr/,,,AnkiLangs::TA
the park,பூங்கா,/puːŋɡaː/,,,AnkiLangs::TA
the patient,நோயாளி,/noːjaːɭi/,,,AnkiLangs::TA
the pattern,மாதிரி,/maːdiɾi/,,,AnkiLangs::TA
the pen,பேனா,/peːnaː/,,,AnkiLangs::TA
the pencil,பென்சில்,/pensil/,,,AnkiLangs::TA
the person,நபர்,/nabar/,,,AnkiLangs::TA
the photograph,புகைப்படம்,/puɡaippaɖam/,,,AnkiLangs::TA
the piece,துண்டு,/tuɳɖu/,,,AnkiLangs::TA
the pig,பன்றி,/panɾi/,,,AnkiLangs::TA
the plane,விமானம்,/ʋimaːnam/,,,AnkiLangs::TA
the plant,தாவரம்,/taːʋaɾam/,,,AnkiLangs::TA
the plate,தட்டு,/taʈʈu/,,,AnkiLangs::TA
the player,வீரர்,/ʋiːɾar/,,,AnkiLangs::TA
the pocket,பாக்கெட்,/paːkkeʈ/,,,AnkiLangs::TA
the police,காவல்துறை,/kaːʋalduɾai/,,,AnkiLangs::TA
the pool,குளம்,/kuɭam/,,,AnkiLangs::TA
the pork,பன்றி இறைச்சி,/panɾi iɾaitʃi/,,,AnkiLangs::TA
the pound,பவுண்டு,/pauɳɖu/,,,AnkiLangs::TA
the president,ஜனாதிபதி,/d͡ʒanaːdibadi/,,,AnkiLangs::TA
the price,விலை,/ʋilai/,,,AnkiLangs::TA
the priest,பாதிரியார்,/paːdiɾijaːr/,,,AnkiLangs::TA
the program,திட்டம்,/tiʈʈam/,,,AnkiLangs::TA
the queen,ராணி,/ɾaːɳi/,,,AnkiLangs::TA
the radio,வானொலி,/ʋaːnoːli/,,,AnkiLangs::TA
the rain,மழை,/maɻai/,,,AnkiLangs::TA
the reporter,செய்தியாளர்,/seːjdijaːɭar/,,,AnkiLangs::TA
the restaurant,உணவகம்,/uɳaʋaɡam/,,,AnkiLangs::TA
the ring,மோதிரம்,/moːdiɾam/,,,AnkiLangs::TA
the river,ஆறு,/aːɾu/,,,AnkiLangs::TA
the roof,கூரை,/kuːɾai/,,,AnkiLangs::TA
the room,அறை,/aɾai/,,,AnkiLangs::TA
the root,வேர்,/ʋeːr/,,,AnkiLangs::TA
the sand,மணல்,/maɳal/,,,AnkiLangs::TA
the school,பள்ளி,/paɭɭi/,,,AnkiLangs::TA
the screen,திரை,/diɾai/,,,AnkiLangs::TA
the sea,கடல்,/kaɖal/,,,AnkiLangs::TA
the season,பருவம்,/paɾuʋam/,,,AnkiLangs::TA
the second,விநாடி,/ʋinaːɖi/,,,AnkiLangs::TA
the secretary,செயலாளர்,/sejaːlaːɭar/,,,AnkiLangs::TA
the seed,விதை,/ʋidai/,,,AnkiLangs::TA
the ship,கப்பல்,/kappal/,,,AnkiLangs::TA
the shirt,சட்டை,/saʈʈai/,,,AnkiLangs::TA
the shoes,காலணி,/kaːlaɳi/,,,AnkiLangs::TA
the shoulder,தோள்,/toːɭ/,,,AnkiLangs::TA
the side,பக்கம்,/pakkam/,,,AnkiLangs::TA
the sign,அடையாளம்,/aɖaijaːɭam/,,,AnkiLangs::TA
the sister,சகோதரி,/saɡoːdari/,,,AnkiLangs::TA
the skin,தோல்,/toːl/,,,AnkiLangs::TA
the skirt,பாவாடை,/paːʋaːɖai/,,,AnkiLangs::TA
the sky,வானம்,/ʋaːnam/,,,AnkiLangs::TA
the snow,பனி,/pani/,,,AnkiLangs::TA
the soap,சோப்பு,/soːppu/,,,AnkiLangs::TA
the soldier,சிப்பாய்,/sippaːj/,,,AnkiLangs::TA
the son,மகன்,/maɡan/,,,AnkiLangs::TA
the song,பாடல்,/paːɖal/,,,AnkiLangs::TA
the sound,ஒலி,/oli/,,,AnkiLangs::TA
the soup,சூப்,/suːp/,,,AnkiLangs::TA
the south,தெற்கு,/teɾku/,,,AnkiLangs::TA
the spoon,கரண்டி,/kaɾaɳɖi/,,,AnkiLangs::TA
the Spring,வசந்த காலம்,/ʋasanda kaːlam/,,,AnkiLangs::TA
the square,சதுரம்,/saduɾam/,,,AnkiLangs::TA
the stain,கறை,/kaɾai/,,,AnkiLangs::TA
the star,நட்சத்திரம்,/naʈsattiɾam/,,,AnkiLangs::TA
the store/shop,கடை,/kaɖai/,,,AnkiLangs::TA
the street/road,தெரு,/deɾu/,,,AnkiLangs::TA
the student,மாணவர்,/maːɳaʋar/,,,AnkiLangs::TA
the suit,உடை,/uɖai/,,,AnkiLangs::TA
the Summer,கோடை காலம்,/koːɖai kaːlam/,,,AnkiLangs::TA
the sun,சூரியன்,/suːɾijan/,,,AnkiLangs::TA
the T-shirt,டி-ஷர்ட்,/ɖi-ʃarʈ/,,,AnkiLangs::TA
the table,மேசை,/meːsai/,,,AnkiLangs::TA
the teacher,ஆசிரியர்,/aːsiɾijar/,,,AnkiLangs::TA
the team,குழு,/kuɻu/,,,AnkiLangs::TA
the tear,கண்ணீர்,/kaɳɳiːr/,,,AnkiLangs::TA
the telephone,தொலைபேசி,/tolaibeːsi/,,,AnkiLangs::TA
the television,தொலைக்காட்சி,/tolaikkhaːʈsi/,,,AnkiLangs::TA
the theater,அரங்கம்,/aɾaŋɡam/,,,AnkiLangs::TA
the time,நேரம்,/neːɾam/,,,AnkiLangs::TA
the tire,டயர்,/ɖajar/,,,AnkiLangs::TA
the toe,கால் விரல்,/kaːl ʋiɾal/,,,AnkiLangs::TA
the tongue,நாக்கு,/naːkku/,,,AnkiLangs::TA
the tool,கருவி,/kaɾuʋi/,,,AnkiLangs::TA
the tooth,பல்,/pal/,,,AnkiLangs::TA
the top,மேல்,/meːl/,,,AnkiLangs::TA
the town,நகரம்,/naɡaɾam/,,,AnkiLangs::TA
the train,ரயில்,/ɾajil/,,,AnkiLangs::TA
the train station,ரயில் நிலையம்,/ɾajil nilaijam/,,,AnkiLangs::TA
the tree,மரம்,/maɾam/,,,AnkiLangs::TA
the truck,டிரக்,/ɖiɾak/,,,AnkiLangs::TA
the university,பல்கலைக்கழகம்,/palkalaikkaɻaɡam/,,,AnkiLangs::TA
the valley,பள்ளத்தாக்கு,/paɭɭattaːkku/,,,AnkiLangs::TA
the verb,வினைச்சொல்,/ʋinaitʃol/,,,AnkiLangs::TA
the victim,பாதிக்கப்பட்டவர்,/paːdikkkappaʈʈaʋar/,,,AnkiLangs::TA
the voice,குரல்,/kuɾal/,,,AnkiLangs::TA
the vowel,உயிரெழுத்து,/ujiɾeɻuttu/,,,AnkiLangs::TA
the waiter,பணியாளர்,/paɳijaːɭar/,,,AnkiLangs::TA
the wall,சுவர்,/suʋar/,,,AnkiLangs::TA
the wave,அலை,/alai/,,,AnkiLangs::TA
the week,வாரம்,/ʋaːɾam/,,,AnkiLangs::TA
the west,மேற்கு,/meːɾku/,,,AnkiLangs::TA
the wife,மனைவி,/manaiʋi/,,,AnkiLangs::TA
the wind,காற்று,/kaːttu/,,,AnkiLangs::TA
the window,ஜன்னல்,/d͡ʒannal/,,,AnkiLangs::TA
the wing,சிறகு,/siɾaɡu/,,,AnkiLangs::TA
the Winter,குளிர் காலம்,/kuɭir kaːlam/,,,AnkiLangs::TA
the woman,பெண்,/peɳ/,,,AnkiLangs::TA
the world,உலகம்,/ulaɡam/,,,AnkiLangs::TA
the yard,முற்றம்,/muttɾam/,,,AnkiLangs::TA
the year,வருடம்,/ʋaɾuɖam/,,,AnkiLangs::TA
they,அவர்கள்,/aʋarɡaɭ/,,,AnkiLangs::TA
thick,தடிமனான,/taɖimaːnaːna/,,,AnkiLangs::TA
thin,மெல்லிய,/mellija/,,,AnkiLangs::TA
third (3rd),மூன்றாவது,/muːnɾaːʋadu/,,,AnkiLangs::TA
thirteen (13),பதின்மூன்று,/padinmuːnɾu/,,,AnkiLangs::TA
thirty (30),முப்பது,/muppadu/,,,AnkiLangs::TA
thirty-one (31),முப்பத்தி ஒன்று,/muppatti onɖɾu/,,,AnkiLangs::TA
thirty-two (32),முப்பத்தி இரண்டு,/muppatti iraɳɖu/,,,AnkiLangs::TA
three (3),மூன்று,/muːnɾu/,,,AnkiLangs::TA
Thursday,வியாழன்,/ʋijaːɻan/,,,AnkiLangs::TA
tight,இறுக்கமான,/iɾukkɑmaːnɑ/,,,AnkiLangs::TA
to beat,அடிக்க,/aɖikka/,,,AnkiLangs::TA
to bend,வளைக்க,/ʋaɭaikka/,,,AnkiLangs::TA
to break,உடைக்க,/uɖaikka/,,,AnkiLangs::TA
to build,கட்ட,/kaʈʈa/,,,AnkiLangs::TA
to burn,எரிக்க,/erikka/,,,AnkiLangs::TA
to buy,வாங்க,/ʋaːŋɡa/,,,AnkiLangs::TA
to call,அழைக்க,/aɻaikka/,,,AnkiLangs::TA
to carry,சுமக்க,/sumakka/,,,AnkiLangs::TA
to catch,பிடிக்க,/piɖikka/,,,AnkiLangs::TA
to clean,சுத்தம் செய்ய,/suttam sejja/,,,AnkiLangs::TA
to close,மூட,/muːɖa/,,,AnkiLangs::TA
to cook,சமைக்க,/samaikka/,,,AnkiLangs::TA
to count,எண்ண,/eɳɳa/,,,AnkiLangs::TA
to cry,அழ,/aɻa/,,,AnkiLangs::TA
to cut,வெட்ட,/ʋeʈʈa/,,,AnkiLangs::TA
to dance,நடனமாட,/naɖanamaːɖa/,,,AnkiLangs::TA
to die,இறக்க,/iɾakka/,,,AnkiLangs::TA
to dig,தோண்ட,/toːɳɖa/,,,AnkiLangs::TA
to draw,வரைய,/ʋaɾaija/,,,AnkiLangs::TA
to drink,குடிக்க,/kuɖikka/,,,AnkiLangs::TA
to drive,ஓட்ட,/oːʈʈa/,,,AnkiLangs::TA
to eat,சாப்பிட,/saːppiɖa/,,,AnkiLangs::TA
to explode,வெடிக்க,/ʋeɖikka/,,,AnkiLangs::TA
to fall,விழ,/ʋiɻa/,,,AnkiLangs::TA
to feed,உணவளிக்க,/uɳaʋaɭikka/,,,AnkiLangs::TA
to fight,சண்டையிட,/saɳɖaijjiɖa/,,,AnkiLangs::TA
to find,கண்டுபிடிக்க,/kaɳɖupiɖikka/,,,AnkiLangs::TA
to fly,பறக்க,/paɾakka/,,,AnkiLangs::TA
to follow,பின்பற்ற,/pinpatɾa/,,,AnkiLangs::TA
to go,செல்ல,/sella/,,,AnkiLangs::TA
to grow,வளர,/ʋaɭaɾa/,,,AnkiLangs::TA
to hang,தொங்க,/toŋɡa/,,,AnkiLangs::TA
to hear,கேட்க,/keːʈka/,,,AnkiLangs::TA
to jump,குதிக்க,/kudikka/,,,AnkiLangs::TA
to kill,கொல்ல,/kolla/,,,AnkiLangs::TA
to kiss,முத்தமிட,/muttamiɖa/,,,AnkiLangs::TA
to laugh,சிரிக்க,/siɾikka/,,,AnkiLangs::TA
to learn,கற்க,/kaɾka/,,,AnkiLangs::TA
to lie down,படுக்க,/paɖukka/,,,AnkiLangs::TA
to lift,தூக்க,/tuːkka/,,,AnkiLangs::TA
to listen,கேட்க,/keːʈka/,,,AnkiLangs::TA
to lose,இழக்க,/iɻakka/,,,AnkiLangs::TA
to love,நேசிக்க,/neːsikka/,,,AnkiLangs::TA
to marry,திருமணம் செய்ய,/tirumaɳam sejja/,,,AnkiLangs::TA
to melt,உருக,/uɾuɡa/,,,AnkiLangs::TA
to mix / to stir,கலக்க,/kalakka/,,,AnkiLangs::TA
to open,திறக்க,/tiɾakka/,,,AnkiLangs::TA
to pass by,கடந்து செல்ல,/kaɖandu sella/,,,AnkiLangs::TA
to pay,செலுத்த,/selutta/,,,AnkiLangs::TA
to play,விளையாட,/ʋiɭaijaːɖa/,,,AnkiLangs::TA
to pray,பிரார்த்தனை செய்ய,/piraːrttanai sejja/,,,AnkiLangs::TA
to pull,இழுக்க,/iɻukka/,,,AnkiLangs::TA
to push,தள்ள,/taɭɭa/,,,AnkiLangs::TA
to run,ஓட,/oːɖa/,,,AnkiLangs::TA
to see,பார்க்க,/paːrkka/,,,AnkiLangs::TA
to sell,விற்க,/ʋiɾka/,,,AnkiLangs::TA
to shake,அசைக்க,/asaikka/,,,AnkiLangs::TA
to shoot (a gun),சுட,/suɖa/,,,AnkiLangs::TA
to sign,கையெழுத்திட,/kaijjeɻuttiɖa/,,,AnkiLangs::TA
to sing,பாட,/paːɖa/,,,AnkiLangs::TA
to sit,உட்கார,/uʈkaːɾa/,,,AnkiLangs::TA
to sleep,தூங்க,/tuːŋɡa/,,,AnkiLangs::TA
to smell,மணம் பிடிக்க,/maɳam piɖikka/,,,AnkiLangs::TA
to smile,புன்னகைக்க,/punnaɡaikka/,,,AnkiLangs::TA
to speak / to say,பேச,/peːtʃa/,,,AnkiLangs::TA
to stand,நிற்க,/niɾka/,,,AnkiLangs::TA
to stop,நிறுத்த,/niɾutta/,,,AnkiLangs::TA
to swim,நீந்த,/niːnda/,,,AnkiLangs::TA
to taste,சுவைக்க,/suʋaikka/,,,AnkiLangs::TA
to teach,கற்பிக்க,/kaɾpikka/,,,AnkiLangs::TA
to think,நினைக்க,/ninaikka/,,,AnkiLangs::TA
to throw,எறிய,/eɾija/,,,AnkiLangs::TA
to touch,தொட,/toɖa/,,,AnkiLangs::TA
to turn,திரும்ப,/tirumba/,,,AnkiLangs::TA
to wake up,விழித்தெழ,/ʋiɻitteɻa/,,,AnkiLangs::TA
to walk,நட,/naɖa/,,,AnkiLangs::TA
to wash,கழுவ,/kaɻuʋa/,,,AnkiLangs::TA
to watch,பார்க்க,/paːrkka/,,,AnkiLangs::TA
to wear,அணிய,/aɳija/,,,AnkiLangs::TA
to win,வெற்றி பெற,/ʋettɾi peɾa/,,,AnkiLangs::TA
to work,வேலை செய்ய,/ʋeːlai sejja/,,,AnkiLangs::TA
to write,எழுத,/eɻuda/,,,AnkiLangs::TA
transportation,போக்குவரத்து,/poːkkuʋaɾattu/,,,AnkiLangs::TA
Tuesday,செவ்வாய்,/sevvaːj/,,,AnkiLangs::TA
twelve (12),பன்னிரண்டு,/panniraɳɖu/,,,AnkiLangs::TA
twenty (20),இருபது,/iɾubadu/,,,AnkiLangs::TA
twenty-one (21),இருபத்தி ஒன்று,/iɾubatti onɖɾu/,,,AnkiLangs::TA
twenty-two (22),இருபத்தி இரண்டு,/iɾubatti iraɳɖu/,,,AnkiLangs::TA
two (2),இரண்டு,/iraɳɖu/,,,AnkiLangs::TA
ugly,அசிங்கமான,/asiŋɡamaːna/,,,AnkiLangs::TA
up,மேலே,/meːleː/,,,AnkiLangs::TA
war,போர்,/poːr/,,,AnkiLangs::TA
warm,சூடான,/suːɖaːna/,,,AnkiLangs::TA
water,தண்ணீர்,/taɳɳiːr/,,,AnkiLangs::TA
we,நாம்,/naːm/,,,AnkiLangs::TA
weak,பலவீனமான,/palaʋiːnamaːna/,,,AnkiLangs::TA
wedding,திருமணம்,/tirumaɳam/,,,AnkiLangs::TA
Wednesday,புதன்,/pudan/,,,AnkiLangs::TA
weight,எடை,/eɖai/,,,AnkiLangs::TA
wet,ஈரமான,/iːɾamaːna/,,,AnkiLangs::TA
white,வெள்ளை,/ʋeɭɭai/,,,AnkiLangs::TA
wide,அகலமான,/aɡalamaːna/,,,AnkiLangs::TA
wine,மது,/madu/,,,AnkiLangs::TA
wood,மரம்,/maɾam/,,,AnkiLangs::TA
yellow,மஞ்சள்,/man͡ʒaɭ/,,,AnkiLangs::TA
yes,ஆம்,/aːm/,,,AnkiLangs::TA
"you [plural, y'all]",நீங்கள்,/niːŋɡaɭ/,,,AnkiLangs::TA
you [singular],நீ,/niː/,,,AnkiLangs::TA
young,இளம்,/iɭam/,,,AnkiLangs::TA
