key,text:fa,ipa:fa,audio:fa,audio source:fa,tags:fa
alive,زنده,/zende/,[sound:al_fa_ir_alive.mp3],Google Cloud TTS<br>Voice: Achernar,AnkiLangs::FA
April,آوریل,/ɒːvɾil/,[sound:al_fa_ir_april.mp3],Google Cloud TTS<br>Voice: Achernar,AnkiLangs::FA
art,هنر,/honæɾ/,[sound:al_fa_ir_art.mp3],Google Cloud TTS<br>Voice: Achernar,AnkiLangs::FA
August,اوت,/ut/,[sound:al_fa_ir_august.mp3],Google Cloud TTS<br>Voice: Achernar,AnkiLangs::FA
bad,بد,/bæd/,[sound:al_fa_ir_bad.mp3],Google Cloud TTS<br>Voice: Aoede,AnkiLangs::FA
beautiful,زیبا,/zibɒː/,[sound:al_fa_ir_beautiful.mp3],Google Cloud TTS<br>Voice: Achernar,AnkiLangs::FA
beer,آبجو,/ɒːbd͡ʒu/,[sound:al_fa_ir_beer.mp3],Google Cloud TTS<br>Voice: Achernar,AnkiLangs::FA
big / large,بزرگ,/bozoɾg/,[sound:al_fa_ir_big_large.mp3],Google Cloud TTS<br>Voice: Achernar,AnkiLangs::FA
black,سیاه,/sijɒːh/,[sound:al_fa_ir_black.mp3],Google Cloud TTS<br>Voice: Achernar,AnkiLangs::FA
blind,کور,/kuɾ/,[sound:al_fa_ir_blind.mp3],Google Cloud TTS<br>Voice: Achernar,AnkiLangs::FA
blood,خون,/xun/,[sound:al_fa_ir_blood.mp3],Google Cloud TTS<br>Voice: Achird,AnkiLangs::FA
blue,آبی,/ɒːbi/,[sound:al_fa_ir_blue.mp3],Google Cloud TTS<br>Voice: Achernar,AnkiLangs::FA
breakfast,صبحانه,/sobhɒːne/,[sound:al_fa_ir_breakfast.mp3],Google Cloud TTS<br>Voice: Achernar,AnkiLangs::FA
brown,قهوه‌ای,/ɢæhveʔi/,[sound:al_fa_ir_brown.mp3],Google Cloud TTS<br>Voice: Achernar,AnkiLangs::FA
cheap,ارزان,/æɾzɒːn/,[sound:al_fa_ir_cheap.mp3],Google Cloud TTS<br>Voice: Achird,AnkiLangs::FA
clay,خاک رس,/xɒːke ɾes/,[sound:al_fa_ir_clay.mp3],Google Cloud TTS<br>Voice: Achernar,AnkiLangs::FA
clean,تمیز,/tæmiz/,[sound:al_fa_ir_clean.mp3],Google Cloud TTS<br>Voice: Achernar,AnkiLangs::FA
coffee,قهوه,/ɢæhve/,[sound:al_fa_ir_coffee.mp3],Google Cloud TTS<br>Voice: Aoede,AnkiLangs::FA
cold,سرد,/særd/,[sound:al_fa_ir_cold.mp3],Google Cloud TTS<br>Voice: Achernar,AnkiLangs::FA
cool,خنک,/xonæk/,[sound:al_fa_ir_cool.mp3],Google Cloud TTS<br>Voice: Achernar,AnkiLangs::FA
copper,مس,/mes/,[sound:al_fa_ir_copper.mp3],Google Cloud TTS<br>Voice: Achird,AnkiLangs::FA
curved,منحنی,/monhæni/,[sound:al_fa_ir_curved.mp3],Google Cloud TTS<br>Voice: Achernar,AnkiLangs::FA
dark,تاریک,/tɒːɾik/,[sound:al_fa_ir_dark.mp3],Google Cloud TTS<br>Voice: Aoede,AnkiLangs::FA
dark blue,سرمه‌ای,/soɾmeʔi/,[sound:al_fa_ir_dark_blue.mp3],Google Cloud TTS<br>Voice: Achernar,AnkiLangs::FA
dead,مرده,/moɾde/,[sound:al_fa_ir_dead.mp3],Google Cloud TTS<br>Voice: Aoede,AnkiLangs::FA
deaf,کر,/kæɾ/,[sound:al_fa_ir_deaf.mp3],Google Cloud TTS<br>Voice: Achernar,AnkiLangs::FA
death,مرگ,/mæɾg/,[sound:al_fa_ir_death.mp3],Google Cloud TTS<br>Voice: Achernar,AnkiLangs::FA
December,دسامبر,/desɒːmbɾ/,[sound:al_fa_ir_december.mp3],Google Cloud TTS<br>Voice: Achird,AnkiLangs::FA
deep,عمیق,/ʔæmiɢ/,[sound:al_fa_ir_deep.mp3],Google Cloud TTS<br>Voice: Achernar,AnkiLangs::FA
diamond,الماس,/ælmɒːs/,[sound:al_fa_ir_diamond.mp3],Google Cloud TTS<br>Voice: Achernar,AnkiLangs::FA
dinner,شام,/ʃɒːm/,[sound:al_fa_ir_dinner.mp3],Google Cloud TTS<br>Voice: Achernar,AnkiLangs::FA
dirty,کثیف,/kæsif/,[sound:al_fa_ir_dirty.mp3],Google Cloud TTS<br>Voice: Achird,AnkiLangs::FA
disease,بیماری,/bimɒːɾi/,[sound:al_fa_ir_disease.mp3],Google Cloud TTS<br>Voice: Achernar,AnkiLangs::FA
down,پایین,/pɒːjin/,[sound:al_fa_ir_down.mp3],Google Cloud TTS<br>Voice: Achernar,AnkiLangs::FA
dry,خشک,/xoʃk/,[sound:al_fa_ir_dry.mp3],Google Cloud TTS<br>Voice: Achird,AnkiLangs::FA
dust,گرد و خاک,/gæɾdo xɒːk/,[sound:al_fa_ir_dust.mp3],Google Cloud TTS<br>Voice: Aoede,AnkiLangs::FA
Earth,زمین,/zæmin/,[sound:al_fa_ir_earth.mp3],Google Cloud TTS<br>Voice: Achernar,AnkiLangs::FA
eight (8),هشت,/hæʃt/,[sound:al_fa_ir_eight_8.mp3],Google Cloud TTS<br>Voice: Achird,AnkiLangs::FA
eighteen (18),هجده,/hid͡ʒdæh/,[sound:al_fa_ir_eighteen_18.mp3],Google Cloud TTS<br>Voice: Achird,AnkiLangs::FA
eighty (80),هشتاد,/hæʃtɒːd/,[sound:al_fa_ir_eighty_80.mp3],Google Cloud TTS<br>Voice: Achernar,AnkiLangs::FA
eighty-one (81),هشتاد و یک,/hæʃtɒːdo jek/,[sound:al_fa_ir_eighty_one_81.mp3],Google Cloud TTS<br>Voice: Aoede,AnkiLangs::FA
eighty-two (82),هشتاد و دو,/hæʃtɒːdo do/,[sound:al_fa_ir_eighty_two_82.mp3],Google Cloud TTS<br>Voice: Aoede,AnkiLangs::FA
eleven (11),یازده,/jɒːzdæh/,[sound:al_fa_ir_eleven_11.mp3],Google Cloud TTS<br>Voice: Achird,AnkiLangs::FA
energy,انرژی,/eneɾʒi/,[sound:al_fa_ir_energy.mp3],Google Cloud TTS<br>Voice: Achernar,AnkiLangs::FA
exercise,ورزش,/væɾzeʃ/,[sound:al_fa_ir_exercise.mp3],Google Cloud TTS<br>Voice: Aoede,AnkiLangs::FA
expensive,گران,/geɾɒːn/,[sound:al_fa_ir_expensive.mp3],Google Cloud TTS<br>Voice: Achird,AnkiLangs::FA
famous,معروف,/mæʔɾuf/,[sound:al_fa_ir_famous.mp3],Google Cloud TTS<br>Voice: Aoede,AnkiLangs::FA
fast,سریع,/særiʔ/,[sound:al_fa_ir_fast.mp3],Google Cloud TTS<br>Voice: Aoede,AnkiLangs::FA
February,فوریه,/fevɾije/,[sound:al_fa_ir_february.mp3],Google Cloud TTS<br>Voice: Achernar,AnkiLangs::FA
female,مونث,/moʔænæs/,[sound:al_fa_ir_female.mp3],Google Cloud TTS<br>Voice: Aoede,AnkiLangs::FA
fifteen (15),پانزده,/pɒːnzdæh/,[sound:al_fa_ir_fifteen_15.mp3],Google Cloud TTS<br>Voice: Aoede,AnkiLangs::FA
fifth (5th),پنجم,/pænd͡ʒom/,[sound:al_fa_ir_fifth_5th.mp3],Google Cloud TTS<br>Voice: Achird,AnkiLangs::FA
fifty (50),پنجاه,/pænd͡ʒɒːh/,[sound:al_fa_ir_fifty_50.mp3],Google Cloud TTS<br>Voice: Aoede,AnkiLangs::FA
fifty-one (51),پنجاه و یک,/pænd͡ʒɒːho jek/,[sound:al_fa_ir_fifty_one_51.mp3],Google Cloud TTS<br>Voice: Aoede,AnkiLangs::FA
fifty-two (52),پنجاه و دو,/pænd͡ʒɒːho do/,[sound:al_fa_ir_fifty_two_52.mp3],Google Cloud TTS<br>Voice: Aoede,AnkiLangs::FA
first (1st),اول,/ævæl/,[sound:al_fa_ir_first_1st.mp3],Google Cloud TTS<br>Voice: Aoede,AnkiLangs::FA
five (5),پنج,/pænd͡ʒ/,[sound:al_fa_ir_five_5.mp3],Google Cloud TTS<br>Voice: Aoede,AnkiLangs::FA
flat,صاف,/sɒːf/,[sound:al_fa_ir_flat.mp3],Google Cloud TTS<br>Voice: Aoede,AnkiLangs::FA
food,غذا,/ɢæzɒː/,[sound:al_fa_ir_food.mp3],Google Cloud TTS<br>Voice: Aoede,AnkiLangs::FA
forty (40),چهل,/t͡ʃehel/,[sound:al_fa_ir_forty_40.mp3],Google Cloud TTS<br>Voice: Achird,AnkiLangs::FA
forty-one (41),چهل و یک,/t͡ʃehelo jek/,[sound:al_fa_ir_forty_one_41.mp3],Google Cloud TTS<br>Voice: Aoede,AnkiLangs::FA
forty-two (42),چهل و دو,/t͡ʃehelo do/,[sound:al_fa_ir_forty_two_42.mp3],Google Cloud TTS<br>Voice: Achird,AnkiLangs::FA
four (4),چهار,/t͡ʃæhɒːɾ/,[sound:al_fa_ir_four_4.mp3],Google Cloud TTS<br>Voice: Aoede,AnkiLangs::FA
fourteen (14),چهارده,/t͡ʃæhɒːɾdæh/,[sound:al_fa_ir_fourteen_14.mp3],Google Cloud TTS<br>Voice: Aoede,AnkiLangs::FA
fourth (4th),چهارم,/t͡ʃæhɒːɾom/,[sound:al_fa_ir_fourth_4th.mp3],Google Cloud TTS<br>Voice: Aoede,AnkiLangs::FA
Friday,جمعه,/d͡ʒomʔe/,[sound:al_fa_ir_friday.mp3],Google Cloud TTS<br>Voice: Achernar,AnkiLangs::FA
glass [material],شیشه,/ʃiʃe/,[sound:al_fa_ir_glass.mp3],Google Cloud TTS<br>Voice: Aoede,AnkiLangs::FA
God,خدا,/xodɒː/,[sound:al_fa_ir_god.mp3],Google Cloud TTS<br>Voice: Achernar,AnkiLangs::FA
gold,طلا,/tælɒː/,[sound:al_fa_ir_gold.mp3],Google Cloud TTS<br>Voice: Aoede,AnkiLangs::FA
good,خوب,/xub/,[sound:al_fa_ir_good.mp3],Google Cloud TTS<br>Voice: Aoede,AnkiLangs::FA
gray,خاکستری,/xɒːkestæɾi/,[sound:al_fa_ir_gray.mp3],Google Cloud TTS<br>Voice: Aoede,AnkiLangs::FA
green,سبز,/sæbz/,[sound:al_fa_ir_green.mp3],Google Cloud TTS<br>Voice: Achird,AnkiLangs::FA
happy,خوشحال,/xoʃhɒːl/,[sound:al_fa_ir_happy.mp3],Google Cloud TTS<br>Voice: Aoede,AnkiLangs::FA
hard,سخت,/sæxt/,[sound:al_fa_ir_hard.mp3],Google Cloud TTS<br>Voice: Achird,AnkiLangs::FA
he,او,/u/,[sound:al_fa_ir_he.mp3],Google Cloud TTS<br>Voice: Achird,AnkiLangs::FA
healthy,سالم,/sɒːlem/,[sound:al_fa_ir_healthy.mp3],Google Cloud TTS<br>Voice: Aoede,AnkiLangs::FA
heaven,بهشت,/beheʃt/,[sound:al_fa_ir_heaven.mp3],Google Cloud TTS<br>Voice: Aoede,AnkiLangs::FA
heavy,سنگین,/sængin/,[sound:al_fa_ir_heavy.mp3],Google Cloud TTS<br>Voice: Achird,AnkiLangs::FA
hell,جهنم,/d͡ʒæhænæm/,[sound:al_fa_ir_hell.mp3],Google Cloud TTS<br>Voice: Achernar,AnkiLangs::FA
high,بلند,/bolænd/,[sound:al_fa_ir_high.mp3],Google Cloud TTS<br>Voice: Aoede,AnkiLangs::FA
hot,داغ,/dɒːɢ/,[sound:al_fa_ir_hot.mp3],Google Cloud TTS<br>Voice: Achird,AnkiLangs::FA
I,من,/mæn/,[sound:al_fa_ir_i.mp3],Google Cloud TTS<br>Voice: Aoede,AnkiLangs::FA
it,آن,/ɒːn/,[sound:al_fa_ir_it.mp3],Google Cloud TTS<br>Voice: Achird,AnkiLangs::FA
January,ژانویه,/ʒɒːnvije/,[sound:al_fa_ir_january.mp3],Google Cloud TTS<br>Voice: Achird,AnkiLangs::FA
juice,آبمیوه,/ɒːbmive/,[sound:al_fa_ir_juice.mp3],Google Cloud TTS<br>Voice: Aoede,AnkiLangs::FA
July,ژوئیه,/ʒuʔije/,[sound:al_fa_ir_july.mp3],Google Cloud TTS<br>Voice: Achernar,AnkiLangs::FA
June,ژوئن,/ʒuʔæn/,[sound:al_fa_ir_june.mp3],Google Cloud TTS<br>Voice: Achernar,AnkiLangs::FA
left,چپ,/t͡ʃæp/,[sound:al_fa_ir_left.mp3],Google Cloud TTS<br>Voice: Aoede,AnkiLangs::FA
"light [opposite of ""dark""]",روشن,/ɾoʃæn/,[sound:al_fa_ir_light_opposite_of_dark.mp3],Google Cloud TTS<br>Voice: Achird,AnkiLangs::FA
"light [opposite of ""heavy""]",سبک,/sabok/,[sound:al_fa_ir_light_opposite_of_heavy.mp3],Google Cloud TTS<br>Voice: Achernar,AnkiLangs::FA
light blue,آبی روشن,/ɒːbi ɾoʃæn/,[sound:al_fa_ir_light_blue.mp3],Google Cloud TTS<br>Voice: Achird,AnkiLangs::FA
long,بلند,/bolænd/,[sound:al_fa_ir_long.mp3],Google Cloud TTS<br>Voice: Achird,AnkiLangs::FA
loose,شل,/ʃol/,[sound:al_fa_ir_loose.mp3],Google Cloud TTS<br>Voice: Aoede,AnkiLangs::FA
loud,بلند,/bolænd/,[sound:al_fa_ir_loud.mp3],Google Cloud TTS<br>Voice: Achird,AnkiLangs::FA
low,پایین,/pɒːjin/,[sound:al_fa_ir_low.mp3],Google Cloud TTS<br>Voice: Achird,AnkiLangs::FA
lunch,ناهار,/nɒːhɒːɾ/,[sound:al_fa_ir_lunch.mp3],Google Cloud TTS<br>Voice: Aoede,AnkiLangs::FA
male,مذکر,/mozækæɾ/,[sound:al_fa_ir_male.mp3],Google Cloud TTS<br>Voice: Aoede,AnkiLangs::FA
March,مارس,/mɒːɾs/,[sound:al_fa_ir_march.mp3],Google Cloud TTS<br>Voice: Achernar,AnkiLangs::FA
marriage,ازدواج,/ezdovɒːd͡ʒ/,[sound:al_fa_ir_marriage.mp3],Google Cloud TTS<br>Voice: Achird,AnkiLangs::FA
material,ماده,/mɒːde/,[sound:al_fa_ir_material.mp3],Google Cloud TTS<br>Voice: Achernar,AnkiLangs::FA
May,مه,/me/,[sound:al_fa_ir_may.mp3],Google Cloud TTS<br>Voice: Achird,AnkiLangs::FA
mean,بدجنس,/bædd͡ʒens/,[sound:al_fa_ir_mean.mp3],Google Cloud TTS<br>Voice: Achird,AnkiLangs::FA
medicine,دارو,/dɒːɾu/,[sound:al_fa_ir_medicine.mp3],Google Cloud TTS<br>Voice: Aoede,AnkiLangs::FA
metal,فلز,/fellez/,[sound:al_fa_ir_metal.mp3],Google Cloud TTS<br>Voice: Aoede,AnkiLangs::FA
milk,شیر,/ʃiɾ/,[sound:al_fa_ir_milk.mp3],Google Cloud TTS<br>Voice: Achird,AnkiLangs::FA
Monday,دوشنبه,/doʃænbe/,[sound:al_fa_ir_monday.mp3],Google Cloud TTS<br>Voice: Achernar,AnkiLangs::FA
money,پول,/pul/,[sound:al_fa_ir_money.mp3],Google Cloud TTS<br>Voice: Aoede,AnkiLangs::FA
murder,قتل,/ɢætl/,[sound:al_fa_ir_murder.mp3],Google Cloud TTS<br>Voice: Achernar,AnkiLangs::FA
music,موسیقی,/musiɢi/,[sound:al_fa_ir_music.mp3],Google Cloud TTS<br>Voice: Achernar,AnkiLangs::FA
narrow,باریک,/bɒːɾik/,[sound:al_fa_ir_narrow.mp3],Google Cloud TTS<br>Voice: Achird,AnkiLangs::FA
nature,طبیعت,/tæbiʔæt/,[sound:al_fa_ir_nature.mp3],Google Cloud TTS<br>Voice: Achird,AnkiLangs::FA
new,جدید,/d͡ʒædid/,[sound:al_fa_ir_new.mp3],Google Cloud TTS<br>Voice: Aoede,AnkiLangs::FA
nice,خوش,/xoʃ/,[sound:al_fa_ir_nice.mp3],Google Cloud TTS<br>Voice: Achird,AnkiLangs::FA
nine (9),نه,/noh/,[sound:al_fa_ir_nine_9.mp3],Google Cloud TTS<br>Voice: Aoede,AnkiLangs::FA
nineteen (19),نوزده,/nuzdæh/,[sound:al_fa_ir_nineteen_19.mp3],Google Cloud TTS<br>Voice: Aoede,AnkiLangs::FA
ninety (90),نود,/nævæd/,[sound:al_fa_ir_ninety_90.mp3],Google Cloud TTS<br>Voice: Achird,AnkiLangs::FA
ninety-one (91),نود و یک,/nævædo jek/,[sound:al_fa_ir_ninety_one_91.mp3],Google Cloud TTS<br>Voice: Achernar,AnkiLangs::FA
ninety-two (92),نود و دو,/nævædo do/,[sound:al_fa_ir_ninety_two_92.mp3],Google Cloud TTS<br>Voice: Aoede,AnkiLangs::FA
no,نه,/næ/,[sound:al_fa_ir_no.mp3],Google Cloud TTS<br>Voice: Aoede,AnkiLangs::FA
November,نوامبر,/novɒːmbɾ/,[sound:al_fa_ir_november.mp3],Google Cloud TTS<br>Voice: Achernar,AnkiLangs::FA
nuclear,هسته‌ای,/hæsteʔi/,[sound:al_fa_ir_nuclear.mp3],Google Cloud TTS<br>Voice: Aoede,AnkiLangs::FA
October,اکتبر,/oktobɾ/,[sound:al_fa_ir_october.mp3],Google Cloud TTS<br>Voice: Achernar,AnkiLangs::FA
oil,روغن,/ɾoɢæn/,[sound:al_fa_ir_oil.mp3],Google Cloud TTS<br>Voice: Achird,AnkiLangs::FA
"old [opposite of ""new""]",کهنه,/kohne/,[sound:al_fa_ir_old_opposite_of_new.mp3],Google Cloud TTS<br>Voice: Aoede,AnkiLangs::FA
"old [opposite of ""young""]",پیر,/piɾ/,[sound:al_fa_ir_old_opposite_of_young.mp3],Google Cloud TTS<br>Voice: Achird,AnkiLangs::FA
one (1),یک,/jek/,[sound:al_fa_ir_one_1.mp3],Google Cloud TTS<br>Voice: Achird,AnkiLangs::FA
"one billion (1,000,000,000)",یک میلیارد,/jek miljɒːɾd/,[sound:al_fa_ir_one_billion_1_000_000_000.mp3],Google Cloud TTS<br>Voice: Achird,AnkiLangs::FA
one hundred (100),صد,/sæd/,[sound:al_fa_ir_one_hundred_100.mp3],Google Cloud TTS<br>Voice: Aoede,AnkiLangs::FA
one hundred eleven (111),صد و یازده,/sædo jɒːzdæh/,[sound:al_fa_ir_one_hundred_eleven_111.mp3],Google Cloud TTS<br>Voice: Achird,AnkiLangs::FA
one hundred one (101),صد و یک,/sædo jek/,[sound:al_fa_ir_one_hundred_one_101.mp3],Google Cloud TTS<br>Voice: Achernar,AnkiLangs::FA
one hundred ten (110),صد و ده,/sædo dæh/,[sound:al_fa_ir_one_hundred_ten_110.mp3],Google Cloud TTS<br>Voice: Aoede,AnkiLangs::FA
"one hundred thousand (100,000)",صد هزار,/sæd hezɒːɾ/,[sound:al_fa_ir_one_hundred_thousand_100_000.mp3],Google Cloud TTS<br>Voice: Aoede,AnkiLangs::FA
one hundred two (102),صد و دو,/sædo do/,[sound:al_fa_ir_one_hundred_two_102.mp3],Google Cloud TTS<br>Voice: Aoede,AnkiLangs::FA
"one million (1,000,000)",یک میلیون,/jek miljun/,[sound:al_fa_ir_one_million_1_000_000.mp3],Google Cloud TTS<br>Voice: Aoede,AnkiLangs::FA
one thousand (1000),هزار,/hezɒːɾ/,[sound:al_fa_ir_one_thousand_1000.mp3],Google Cloud TTS<br>Voice: Aoede,AnkiLangs::FA
one thousand one (1001),هزار و یک,/hezɒːɾo jek/,[sound:al_fa_ir_one_thousand_one_1001.mp3],Google Cloud TTS<br>Voice: Achird,AnkiLangs::FA
orange,نارنجی,/nɒːɾænd͡ʒi/,[sound:al_fa_ir_orange.mp3],Google Cloud TTS<br>Voice: Achird,AnkiLangs::FA
pain,درد,/dæɾd/,[sound:al_fa_ir_pain.mp3],Google Cloud TTS<br>Voice: Aoede,AnkiLangs::FA
peace,صلح,/solh/,[sound:al_fa_ir_peace.mp3],Google Cloud TTS<br>Voice: Achird,AnkiLangs::FA
pink,صورتی,/suɾæti/,[sound:al_fa_ir_pink.mp3],Google Cloud TTS<br>Voice: Aoede,AnkiLangs::FA
plastic,پلاستیک,/plɒːstik/,[sound:al_fa_ir_plastic.mp3],Google Cloud TTS<br>Voice: Achird,AnkiLangs::FA
poison,سم,/sæm/,[sound:al_fa_ir_poison.mp3],Google Cloud TTS<br>Voice: Achird,AnkiLangs::FA
poor,فقیر,/fæɢiɾ/,[sound:al_fa_ir_poor.mp3],Google Cloud TTS<br>Voice: Achird,AnkiLangs::FA
prison,زندان,/zendɒːn/,[sound:al_fa_ir_prison.mp3],Google Cloud TTS<br>Voice: Achird,AnkiLangs::FA
quiet,آرام,/ɒːɾɒːm/,[sound:al_fa_ir_quiet.mp3],Google Cloud TTS<br>Voice: Achernar,AnkiLangs::FA
race [human group],نژاد,/neʒɒːd/,[sound:al_fa_ir_race_ethnicity.mp3],Google Cloud TTS<br>Voice: Aoede,AnkiLangs::FA
race [sport],مسابقه,/mosɒːbeɢe/,[sound:al_fa_ir_race_sport.mp3],Google Cloud TTS<br>Voice: Achernar,AnkiLangs::FA
red,قرمز,/ɢeɾmez/,[sound:al_fa_ir_red.mp3],Google Cloud TTS<br>Voice: Achird,AnkiLangs::FA
relationship,رابطه,/ɾɒːbete/,[sound:al_fa_ir_relationship.mp3],Google Cloud TTS<br>Voice: Achernar,AnkiLangs::FA
religion,دین,/din/,[sound:al_fa_ir_religion.mp3],Google Cloud TTS<br>Voice: Aoede,AnkiLangs::FA
rice,برنج,/beɾend͡ʒ/,[sound:al_fa_ir_rice.mp3],Google Cloud TTS<br>Voice: Aoede,AnkiLangs::FA
rich,ثروتمند,/seɾvætmænd/,[sound:al_fa_ir_rich.mp3],Google Cloud TTS<br>Voice: Achird,AnkiLangs::FA
right [direction],راست,/ɾɒːst/,[sound:al_fa_ir_right.mp3],Google Cloud TTS<br>Voice: Achernar,AnkiLangs::FA
sad,غمگین,/ɢæmgin/,[sound:al_fa_ir_sad.mp3],Google Cloud TTS<br>Voice: Achernar,AnkiLangs::FA
salt,نمک,/næmæk/,[sound:al_fa_ir_salt.mp3],Google Cloud TTS<br>Voice: Achernar,AnkiLangs::FA
Saturday,شنبه,/ʃænbe/,[sound:al_fa_ir_saturday.mp3],Google Cloud TTS<br>Voice: Achernar,AnkiLangs::FA
science,علم,/ʔelm/,[sound:al_fa_ir_science.mp3],Google Cloud TTS<br>Voice: Aoede,AnkiLangs::FA
second (2nd),دوم,/dovom/,[sound:al_fa_ir_second_2nd.mp3],Google Cloud TTS<br>Voice: Aoede,AnkiLangs::FA
September,سپتامبر,/septɒːmbɾ/,[sound:al_fa_ir_september.mp3],Google Cloud TTS<br>Voice: Achernar,AnkiLangs::FA
seven (7),هفت,/hæft/,[sound:al_fa_ir_seven_7.mp3],Google Cloud TTS<br>Voice: Achernar,AnkiLangs::FA
seventeen (17),هفده,/hivdæh/,[sound:al_fa_ir_seventeen_17.mp3],Google Cloud TTS<br>Voice: Aoede,AnkiLangs::FA
seventy (70),هفتاد,/hæftɒːd/,[sound:al_fa_ir_seventy_70.mp3],Google Cloud TTS<br>Voice: Aoede,AnkiLangs::FA
seventy-one (71),هفتاد و یک,/hæftɒːdo jek/,[sound:al_fa_ir_seventy_one_71.mp3],Google Cloud TTS<br>Voice: Achernar,AnkiLangs::FA
seventy-two (72),هفتاد و دو,/hæftɒːdo do/,[sound:al_fa_ir_seventy_two_72.mp3],Google Cloud TTS<br>Voice: Aoede,AnkiLangs::FA
sex [gender],جنسیت,/d͡ʒensiæt/,[sound:al_fa_ir_sex_gender.mp3],Google Cloud TTS<br>Voice: Achernar,AnkiLangs::FA
sex [the act],سکس,/seks/,[sound:al_fa_ir_sex_the_act.mp3],Google Cloud TTS<br>Voice: Achernar,AnkiLangs::FA
shallow,کم‌عمق,/kæm ʔomɢ/,[sound:al_fa_ir_shallow.mp3],Google Cloud TTS<br>Voice: Achird,AnkiLangs::FA
she,او,/u/,[sound:al_fa_ir_she.mp3],Google Cloud TTS<br>Voice: Achernar,AnkiLangs::FA
"short [opposite of ""long""]",کوتاه,/kutɒːh/,[sound:al_fa_ir_short_opposite_of_long.mp3],Google Cloud TTS<br>Voice: Aoede,AnkiLangs::FA
"short [opposite of ""tall""]",کوتاه‌قد,/kutɒːh ɢæd/,[sound:al_fa_ir_short_opposite_of_tall.mp3],Google Cloud TTS<br>Voice: Achird,AnkiLangs::FA
sick,مریض,/mæɾiz/,[sound:al_fa_ir_sick.mp3],Google Cloud TTS<br>Voice: Achernar,AnkiLangs::FA
silver,نقره,/noɢɾe/,[sound:al_fa_ir_silver.mp3],Google Cloud TTS<br>Voice: Achird,AnkiLangs::FA
six (6),شش,/ʃeʃ/,[sound:al_fa_ir_six_6.mp3],Google Cloud TTS<br>Voice: Aoede,AnkiLangs::FA
sixteen (16),شانزده,/ʃɒːnzdæh/,[sound:al_fa_ir_sixteen_16.mp3],Google Cloud TTS<br>Voice: Achernar,AnkiLangs::FA
sixty (60),شصت,/ʃæst/,[sound:al_fa_ir_sixty_60.mp3],Google Cloud TTS<br>Voice: Aoede,AnkiLangs::FA
sixty-one (61),شصت و یک,/ʃæsto jek/,[sound:al_fa_ir_sixty_one_61.mp3],Google Cloud TTS<br>Voice: Achird,AnkiLangs::FA
sixty-two (62),شصت و دو,/ʃæsto do/,[sound:al_fa_ir_sixty_two_62.mp3],Google Cloud TTS<br>Voice: Achernar,AnkiLangs::FA
slow,آهسته,/ɒːheste/,[sound:al_fa_ir_slow.mp3],Google Cloud TTS<br>Voice: Achird,AnkiLangs::FA
small / little,کوچک,/kut͡ʃæk/,[sound:al_fa_ir_small_little.mp3],Google Cloud TTS<br>Voice: Achird,AnkiLangs::FA
soft,نرم,/næɾm/,[sound:al_fa_ir_soft.mp3],Google Cloud TTS<br>Voice: Achernar,AnkiLangs::FA
soil/earth [ground],خاک,/xɒːk/,[sound:al_fa_ir_soil_earth_ground.mp3],Google Cloud TTS<br>Voice: Achird,AnkiLangs::FA
space (outer space),فضا,/fæzɒː/,[sound:al_fa_ir_space_outer_space.mp3],Google Cloud TTS<br>Voice: Aoede,AnkiLangs::FA
sport,ورزش,/væɾzeʃ/,[sound:al_fa_ir_sport.mp3],Google Cloud TTS<br>Voice: Achird,AnkiLangs::FA
stone,سنگ,/sæng/,[sound:al_fa_ir_stone.mp3],Google Cloud TTS<br>Voice: Aoede,AnkiLangs::FA
straight,مستقیم,/mostæɢim/,[sound:al_fa_ir_straight.mp3],Google Cloud TTS<br>Voice: Aoede,AnkiLangs::FA
strong,قوی,/ɢævi/,[sound:al_fa_ir_strong.mp3],Google Cloud TTS<br>Voice: Achird,AnkiLangs::FA
sugar,شکر,/ʃekæɾ/,[sound:al_fa_ir_sugar.mp3],Google Cloud TTS<br>Voice: Aoede,AnkiLangs::FA
Sunday,یکشنبه,/jekʃænbe/,[sound:al_fa_ir_sunday.mp3],Google Cloud TTS<br>Voice: Achird,AnkiLangs::FA
sweat,عرق,/ʔæɾæɢ/,[sound:al_fa_ir_sweat.mp3],Google Cloud TTS<br>Voice: Achernar,AnkiLangs::FA
tall,بلندقد,/bolænd ɢæd/,[sound:al_fa_ir_tall.mp3],Google Cloud TTS<br>Voice: Aoede,AnkiLangs::FA
tea,چای,/t͡ʃɒːj/,[sound:al_fa_ir_tea.mp3],Google Cloud TTS<br>Voice: Aoede,AnkiLangs::FA
technology,فناوری,/fænɒːvæɾi/,[sound:al_fa_ir_technology.mp3],Google Cloud TTS<br>Voice: Aoede,AnkiLangs::FA
temperature,دما,/dæmɒː/,[sound:al_fa_ir_temperature.mp3],Google Cloud TTS<br>Voice: Achernar,AnkiLangs::FA
ten (10),ده,/dæh/,[sound:al_fa_ir_ten_10.mp3],Google Cloud TTS<br>Voice: Achernar,AnkiLangs::FA
"ten thousand (10,000)",ده هزار,/dæh hezɒːɾ/,[sound:al_fa_ir_ten_thousand_10_000.mp3],Google Cloud TTS<br>Voice: Achernar,AnkiLangs::FA
the (train) ticket,بلیط قطار,/bilit ɢætɒːɾ/,[sound:al_fa_ir_the_train_ticket.mp3],Google Cloud TTS<br>Voice: Achird,AnkiLangs::FA
the actor,بازیگر,/bɒːzigeɾ/,[sound:al_fa_ir_the_actor.mp3],Google Cloud TTS<br>Voice: Achernar,AnkiLangs::FA
the adjective,صفت,/sefæt/,[sound:al_fa_ir_the_adjective.mp3],Google Cloud TTS<br>Voice: Aoede,AnkiLangs::FA
the adult,بزرگسال,/bozoɾgsɒːl/,[sound:al_fa_ir_the_adult.mp3],Google Cloud TTS<br>Voice: Achernar,AnkiLangs::FA
the afternoon,بعد از ظهر,/bæʔd æz zohr/,[sound:al_fa_ir_the_afternoon.mp3],Google Cloud TTS<br>Voice: Achernar,AnkiLangs::FA
the air,هوا,/hævɒː/,[sound:al_fa_ir_the_air.mp3],Google Cloud TTS<br>Voice: Aoede,AnkiLangs::FA
the airport,فرودگاه,/foɾudgɒːh/,[sound:al_fa_ir_the_airport.mp3],Google Cloud TTS<br>Voice: Achird,AnkiLangs::FA
the animal,حیوان,/hejvɒːn/,[sound:al_fa_ir_the_animal.mp3],Google Cloud TTS<br>Voice: Achernar,AnkiLangs::FA
the apartment,آپارتمان,/ɒːpɒːɾtemɒːn/,[sound:al_fa_ir_the_apartment.mp3],Google Cloud TTS<br>Voice: Achird,AnkiLangs::FA
the apple,سیب,/sib/,[sound:al_fa_ir_the_apple.mp3],Google Cloud TTS<br>Voice: Achird,AnkiLangs::FA
the arm,بازو,/bɒːzu/,[sound:al_fa_ir_the_arm.mp3],Google Cloud TTS<br>Voice: Achird,AnkiLangs::FA
the army,ارتش,/æɾteʃ/,[sound:al_fa_ir_the_army.mp3],Google Cloud TTS<br>Voice: Aoede,AnkiLangs::FA
the artist,هنرمند,/honæɾmænd/,[sound:al_fa_ir_the_artist.mp3],Google Cloud TTS<br>Voice: Achird,AnkiLangs::FA
the attack,حمله,/hæmle/,[sound:al_fa_ir_the_attack.mp3],Google Cloud TTS<br>Voice: Achird,AnkiLangs::FA
the author,نویسنده,/nevisænde/,[sound:al_fa_ir_the_author.mp3],Google Cloud TTS<br>Voice: Aoede,AnkiLangs::FA
the baby,نوزاد,/nozɒːd/,[sound:al_fa_ir_the_baby.mp3],Google Cloud TTS<br>Voice: Achird,AnkiLangs::FA
the back [anatomy],پشت,/poʃt/,[sound:al_fa_ir_the_back_anatomy.mp3],Google Cloud TTS<br>Voice: Achird,AnkiLangs::FA
the back [location],عقب,/ʔæɢæb/,[sound:al_fa_ir_the_back_location.mp3],Google Cloud TTS<br>Voice: Aoede,AnkiLangs::FA
the bag,کیف,/kif/,[sound:al_fa_ir_the_bag.mp3],Google Cloud TTS<br>Voice: Aoede,AnkiLangs::FA
the ball,توپ,/tup/,[sound:al_fa_ir_the_ball.mp3],Google Cloud TTS<br>Voice: Achernar,AnkiLangs::FA
the banana,موز,/moz/,[sound:al_fa_ir_the_banana.mp3],Google Cloud TTS<br>Voice: Achernar,AnkiLangs::FA
the band [music],گروه موسیقی,/goɾuhe musiɢi/,[sound:al_fa_ir_the_band_music.mp3],Google Cloud TTS<br>Voice: Achernar,AnkiLangs::FA
the bank,بانک,/bɒːnk/,[sound:al_fa_ir_the_bank.mp3],Google Cloud TTS<br>Voice: Achird,AnkiLangs::FA
the bar,بار,/bɒːɾ/,[sound:al_fa_ir_the_bar.mp3],Google Cloud TTS<br>Voice: Achird,AnkiLangs::FA
the bathroom,حمام,/hæmɒːm/,[sound:al_fa_ir_the_bathroom.mp3],Google Cloud TTS<br>Voice: Achird,AnkiLangs::FA
the beach,ساحل,/sɒːhel/,[sound:al_fa_ir_the_beach.mp3],Google Cloud TTS<br>Voice: Aoede,AnkiLangs::FA
the beard,ریش,/ɾiʃ/,[sound:al_fa_ir_the_beard.mp3],Google Cloud TTS<br>Voice: Achird,AnkiLangs::FA
the bed,تخت,/tæxt/,[sound:al_fa_ir_the_bed.mp3],Google Cloud TTS<br>Voice: Achernar,AnkiLangs::FA
the bedroom,اتاق خواب,/otɒːɢe xɒːb/,[sound:al_fa_ir_the_bedroom.mp3],Google Cloud TTS<br>Voice: Aoede,AnkiLangs::FA
the beef,گوشت گاو,/guʃte gɒːv/,[sound:al_fa_ir_the_beef.mp3],Google Cloud TTS<br>Voice: Aoede,AnkiLangs::FA
the beverage,نوشیدنی,/nuʃidæni/,[sound:al_fa_ir_the_beverage.mp3],Google Cloud TTS<br>Voice: Aoede,AnkiLangs::FA
the bicycle,دوچرخه,/dot͡ʃæɾxe/,[sound:al_fa_ir_the_bicycle.mp3],Google Cloud TTS<br>Voice: Achernar,AnkiLangs::FA
the bill [bank note],اسکناس,/eskenɒːs/,[sound:al_fa_ir_the_bill_bank_note.mp3],Google Cloud TTS<br>Voice: Achernar,AnkiLangs::FA
the bird,پرنده,/pæɾænde/,[sound:al_fa_ir_the_bird.mp3],Google Cloud TTS<br>Voice: Achernar,AnkiLangs::FA
the boat,قایق,/ɢɒːjeɢ/,[sound:al_fa_ir_the_boat.mp3],Google Cloud TTS<br>Voice: Aoede,AnkiLangs::FA
the body,بدن,/bædæn/,[sound:al_fa_ir_the_body.mp3],Google Cloud TTS<br>Voice: Aoede,AnkiLangs::FA
the bone,استخوان,/ostoxɒːn/,[sound:al_fa_ir_the_bone.mp3],Google Cloud TTS<br>Voice: Achird,AnkiLangs::FA
the book,کتاب,/ketɒːb/,[sound:al_fa_ir_the_book.mp3],Google Cloud TTS<br>Voice: Achird,AnkiLangs::FA
the bottle,بطری,/botɾi/,[sound:al_fa_ir_the_bottle.mp3],Google Cloud TTS<br>Voice: Achernar,AnkiLangs::FA
the bottom,پایین,/pɒːjin/,[sound:al_fa_ir_the_bottom.mp3],Google Cloud TTS<br>Voice: Aoede,AnkiLangs::FA
the box,جعبه,/d͡ʒæʔbe/,[sound:al_fa_ir_the_box.mp3],Google Cloud TTS<br>Voice: Achird,AnkiLangs::FA
the boy,پسر,/pesæɾ/,[sound:al_fa_ir_the_boy.mp3],Google Cloud TTS<br>Voice: Achernar,AnkiLangs::FA
the brain,مغز,/mæɢz/,[sound:al_fa_ir_the_brain.mp3],Google Cloud TTS<br>Voice: Achernar,AnkiLangs::FA
the bread,نان,/nɒːn/,[sound:al_fa_ir_the_bread.mp3],Google Cloud TTS<br>Voice: Achird,AnkiLangs::FA
the bridge,پل,/pol/,[sound:al_fa_ir_the_bridge.mp3],Google Cloud TTS<br>Voice: Achernar,AnkiLangs::FA
the brother,برادر,/bæɾɒːdæɾ/,[sound:al_fa_ir_the_brother.mp3],Google Cloud TTS<br>Voice: Aoede,AnkiLangs::FA
the building,ساختمان,/sɒːxtemɒːn/,[sound:al_fa_ir_the_building.mp3],Google Cloud TTS<br>Voice: Achernar,AnkiLangs::FA
the bus,اتوبوس,/otobus/,[sound:al_fa_ir_the_bus.mp3],Google Cloud TTS<br>Voice: Aoede,AnkiLangs::FA
the cake,کیک,/keik/,[sound:al_fa_ir_the_cake.mp3],Google Cloud TTS<br>Voice: Aoede,AnkiLangs::FA
the camera,دوربین,/duɾbin/,[sound:al_fa_ir_the_camera.mp3],Google Cloud TTS<br>Voice: Achird,AnkiLangs::FA
the camp,اردوگاه,/oɾdugɒːh/,[sound:al_fa_ir_the_camp.mp3],Google Cloud TTS<br>Voice: Achird,AnkiLangs::FA
the car,ماشین,/mɒːʃin/,[sound:al_fa_ir_the_car.mp3],Google Cloud TTS<br>Voice: Achird,AnkiLangs::FA
the card,کارت,/kɒːɾt/,[sound:al_fa_ir_the_card.mp3],Google Cloud TTS<br>Voice: Achernar,AnkiLangs::FA
the cat,گربه,/goɾbe/,[sound:al_fa_ir_the_cat.mp3],Google Cloud TTS<br>Voice: Achird,AnkiLangs::FA
the ceiling,سقف,/sæɢf/,[sound:al_fa_ir_the_ceiling.mp3],Google Cloud TTS<br>Voice: Achird,AnkiLangs::FA
the cell phone,تلفن همراه,/telefone hæmɾɒːh/,[sound:al_fa_ir_the_cell_phone.mp3],Google Cloud TTS<br>Voice: Achernar,AnkiLangs::FA
the centimeter,سانتی‌متر,/sɒːntimetɾ/,[sound:al_fa_ir_the_centimeter.mp3],Google Cloud TTS<br>Voice: Achird,AnkiLangs::FA
the chair,صندلی,/sændæli/,[sound:al_fa_ir_the_chair.mp3],Google Cloud TTS<br>Voice: Achernar,AnkiLangs::FA
the cheese,پنیر,/pæniɾ/,[sound:al_fa_ir_the_cheese.mp3],Google Cloud TTS<br>Voice: Achernar,AnkiLangs::FA
the chicken,مرغ,/moɾɢ/,[sound:al_fa_ir_the_chicken.mp3],Google Cloud TTS<br>Voice: Aoede,AnkiLangs::FA
the child,بچه,/bæt͡ʃe/,[sound:al_fa_ir_the_child.mp3],Google Cloud TTS<br>Voice: Aoede,AnkiLangs::FA
the church,کلیسا,/kelisɒː/,[sound:al_fa_ir_the_church.mp3],Google Cloud TTS<br>Voice: Achird,AnkiLangs::FA
the circle,دایره,/dɒːjeɾe/,[sound:al_fa_ir_the_circle.mp3],Google Cloud TTS<br>Voice: Achernar,AnkiLangs::FA
the city,شهر,/ʃæhɾ/,[sound:al_fa_ir_the_city.mp3],Google Cloud TTS<br>Voice: Aoede,AnkiLangs::FA
the clock,ساعت,/sɒːʔæt/,[sound:al_fa_ir_the_clock.mp3],Google Cloud TTS<br>Voice: Achird,AnkiLangs::FA
the clothing,لباس,/lebɒːs/,[sound:al_fa_ir_the_clothing.mp3],Google Cloud TTS<br>Voice: Aoede,AnkiLangs::FA
the club,باشگاه,/bɒːʃgɒːh/,[sound:al_fa_ir_the_club.mp3],Google Cloud TTS<br>Voice: Aoede,AnkiLangs::FA
the coat,پالتو,/pɒːlto/,[sound:al_fa_ir_the_coat.mp3],Google Cloud TTS<br>Voice: Achird,AnkiLangs::FA
the color,رنگ,/ɾæng/,[sound:al_fa_ir_the_color.mp3],Google Cloud TTS<br>Voice: Achernar,AnkiLangs::FA
the computer,کامپیوتر,/kɒːmpjuteɾ/,[sound:al_fa_ir_the_computer.mp3],Google Cloud TTS<br>Voice: Aoede,AnkiLangs::FA
the consonant,حرف بی‌صدا,/hæɾfe bi sedɒː/,[sound:al_fa_ir_the_consonant.mp3],Google Cloud TTS<br>Voice: Aoede,AnkiLangs::FA
the contract,قرارداد,/ɢæɾɒːɾdɒːd/,[sound:al_fa_ir_the_contract.mp3],Google Cloud TTS<br>Voice: Aoede,AnkiLangs::FA
the corn,ذرت,/zoɾæt/,[sound:al_fa_ir_the_corn.mp3],Google Cloud TTS<br>Voice: Achird,AnkiLangs::FA
the corner,گوشه,/guʃe/,[sound:al_fa_ir_the_corner.mp3],Google Cloud TTS<br>Voice: Aoede,AnkiLangs::FA
"the country (USA, France, etc.)",کشور,/keʃvæɾ/,[sound:al_fa_ir_the_country_usa_france_etc.mp3],Google Cloud TTS<br>Voice: Achird,AnkiLangs::FA
the court,دادگاه,/dɒːdgɒːh/,[sound:al_fa_ir_the_court.mp3],Google Cloud TTS<br>Voice: Achird,AnkiLangs::FA
the cow,گاو,/gɒːv/,[sound:al_fa_ir_the_cow.mp3],Google Cloud TTS<br>Voice: Achird,AnkiLangs::FA
the crowd,جمعیت,/d͡ʒæmʔijæt/,[sound:al_fa_ir_the_crowd.mp3],Google Cloud TTS<br>Voice: Aoede,AnkiLangs::FA
the cup,فنجان,/fend͡ʒɒːn/,[sound:al_fa_ir_the_cup.mp3],Google Cloud TTS<br>Voice: Achird,AnkiLangs::FA
the date,تاریخ,/tɒːɾix/,[sound:al_fa_ir_the_date.mp3],Google Cloud TTS<br>Voice: Achernar,AnkiLangs::FA
the daughter,دختر,/doxtæɾ/,[sound:al_fa_ir_the_daughter.mp3],Google Cloud TTS<br>Voice: Aoede,AnkiLangs::FA
the day,روز,/ɾuz/,[sound:al_fa_ir_the_day.mp3],Google Cloud TTS<br>Voice: Aoede,AnkiLangs::FA
the direction,جهت,/d͡ʒehæt/,[sound:al_fa_ir_the_direction.mp3],Google Cloud TTS<br>Voice: Aoede,AnkiLangs::FA
the doctor,دکتر,/doktor/,[sound:al_fa_ir_the_doctor.mp3],Google Cloud TTS<br>Voice: Aoede,AnkiLangs::FA
the dog,سگ,/sæg/,[sound:al_fa_ir_the_dog.mp3],Google Cloud TTS<br>Voice: Aoede,AnkiLangs::FA
the dollar,دلار,/dolɒːɾ/,[sound:al_fa_ir_the_dollar.mp3],Google Cloud TTS<br>Voice: Achird,AnkiLangs::FA
the door,در,/dæɾ/,[sound:al_fa_ir_the_door.mp3],Google Cloud TTS<br>Voice: Achird,AnkiLangs::FA
the dot,نقطه,/noɢte/,[sound:al_fa_ir_the_dot.mp3],Google Cloud TTS<br>Voice: Aoede,AnkiLangs::FA
the dream,رویا,/ɾojɒː/,[sound:al_fa_ir_the_dream.mp3],Google Cloud TTS<br>Voice: Achird,AnkiLangs::FA
the dress,پیراهن,/piɾɒːhæn/,[sound:al_fa_ir_the_dress.mp3],Google Cloud TTS<br>Voice: Aoede,AnkiLangs::FA
the drug,دارو,/dɒːɾu/,[sound:al_fa_ir_the_drug.mp3],Google Cloud TTS<br>Voice: Achird,AnkiLangs::FA
the ear,گوش,/guʃ/,[sound:al_fa_ir_the_ear.mp3],Google Cloud TTS<br>Voice: Achird,AnkiLangs::FA
the east,شرق,/ʃæɾɢ/,[sound:al_fa_ir_the_east.mp3],Google Cloud TTS<br>Voice: Achird,AnkiLangs::FA
the edge,لبه,/læbe/,[sound:al_fa_ir_the_edge.mp3],Google Cloud TTS<br>Voice: Achird,AnkiLangs::FA
the egg,تخم‌مرغ,/toxme moɾɢ/,[sound:al_fa_ir_the_egg.mp3],Google Cloud TTS<br>Voice: Achernar,AnkiLangs::FA
the election,انتخابات,/entexɒːbɒːt/,[sound:al_fa_ir_the_election.mp3],Google Cloud TTS<br>Voice: Aoede,AnkiLangs::FA
the engine,موتور,/motoɾ/,[sound:al_fa_ir_the_engine.mp3],Google Cloud TTS<br>Voice: Achernar,AnkiLangs::FA
the evening,عصر,/ʔæsɾ/,[sound:al_fa_ir_the_evening.mp3],Google Cloud TTS<br>Voice: Achird,AnkiLangs::FA
the eye,چشم,/t͡ʃeʃm/,[sound:al_fa_ir_the_eye.mp3],Google Cloud TTS<br>Voice: Achernar,AnkiLangs::FA
the face,صورت,/suɾæt/,[sound:al_fa_ir_the_face.mp3],Google Cloud TTS<br>Voice: Aoede,AnkiLangs::FA
the Fall,پاییز,/pɒːjiz/,[sound:al_fa_ir_the_fall.mp3],Google Cloud TTS<br>Voice: Aoede,AnkiLangs::FA
the family,خانواده,/xɒːnevɒːde/,[sound:al_fa_ir_the_family.mp3],Google Cloud TTS<br>Voice: Achird,AnkiLangs::FA
the fan [appliance],پنکه,/pænke/,[sound:al_fa_ir_the_fan_appliance.mp3],Google Cloud TTS<br>Voice: Achernar,AnkiLangs::FA
the fan [person],طرفدار,/tæɾæfdɒːɾ/,[sound:al_fa_ir_the_fan_person.mp3],Google Cloud TTS<br>Voice: Achernar,AnkiLangs::FA
the farm,مزرعه,/mæzɾæʔe/,[sound:al_fa_ir_the_farm.mp3],Google Cloud TTS<br>Voice: Achernar,AnkiLangs::FA
the father,پدر,/pedæɾ/,[sound:al_fa_ir_the_father.mp3],Google Cloud TTS<br>Voice: Aoede,AnkiLangs::FA
the finger,انگشت,/ængʃot/,[sound:al_fa_ir_the_finger.mp3],Google Cloud TTS<br>Voice: Aoede,AnkiLangs::FA
the fire,آتش,/ɒːtæʃ/,[sound:al_fa_ir_the_fire.mp3],Google Cloud TTS<br>Voice: Achernar,AnkiLangs::FA
the fish,ماهی,/mɒːhi/,[sound:al_fa_ir_the_fish.mp3],Google Cloud TTS<br>Voice: Aoede,AnkiLangs::FA
the floor,کف,/kæf/,[sound:al_fa_ir_the_floor.mp3],Google Cloud TTS<br>Voice: Aoede,AnkiLangs::FA
the flower,گل,/gol/,[sound:al_fa_ir_the_flower.mp3],Google Cloud TTS<br>Voice: Achernar,AnkiLangs::FA
the foot,پا,/pɒː/,[sound:al_fa_ir_the_foot.mp3],Google Cloud TTS<br>Voice: Aoede,AnkiLangs::FA
the foot [measurement],فوت,/fut/,[sound:al_fa_ir_the_foot_measurement.mp3],Google Cloud TTS<br>Voice: Achernar,AnkiLangs::FA
the forest,جنگل,/d͡ʒængæl/,[sound:al_fa_ir_the_forest.mp3],Google Cloud TTS<br>Voice: Achernar,AnkiLangs::FA
the fork,چنگال,/t͡ʃængɒːl/,[sound:al_fa_ir_the_fork.mp3],Google Cloud TTS<br>Voice: Achird,AnkiLangs::FA
the friend,دوست,/dust/,[sound:al_fa_ir_the_friend.mp3],Google Cloud TTS<br>Voice: Achernar,AnkiLangs::FA
the front,جلو,/d͡ʒelo/,[sound:al_fa_ir_the_front.mp3],Google Cloud TTS<br>Voice: Aoede,AnkiLangs::FA
the game,بازی,/bɒːzi/,[sound:al_fa_ir_the_game.mp3],Google Cloud TTS<br>Voice: Achird,AnkiLangs::FA
the garden,باغ,/bɒːɢ/,[sound:al_fa_ir_the_garden.mp3],Google Cloud TTS<br>Voice: Achernar,AnkiLangs::FA
the gasoline,بنزین,/benzin/,[sound:al_fa_ir_the_gasoline.mp3],Google Cloud TTS<br>Voice: Achird,AnkiLangs::FA
the gift,هدیه,/hædije/,[sound:al_fa_ir_the_gift.mp3],Google Cloud TTS<br>Voice: Aoede,AnkiLangs::FA
the girl,دختر,/doxtæɾ/,[sound:al_fa_ir_the_girl.mp3],Google Cloud TTS<br>Voice: Achernar,AnkiLangs::FA
the grandfather,پدربزرگ,/pedæɾbozoɾg/,[sound:al_fa_ir_the_grandfather.mp3],Google Cloud TTS<br>Voice: Aoede,AnkiLangs::FA
the grandmother,مادربزرگ,/mɒːdæɾbozoɾg/,[sound:al_fa_ir_the_grandmother.mp3],Google Cloud TTS<br>Voice: Achird,AnkiLangs::FA
the grass,چمن,/t͡ʃæmæn/,[sound:al_fa_ir_the_grass.mp3],Google Cloud TTS<br>Voice: Achernar,AnkiLangs::FA
the ground,زمین,/zæmin/,[sound:al_fa_ir_the_ground.mp3],Google Cloud TTS<br>Voice: Achird,AnkiLangs::FA
the gun,تفنگ,/tofæng/,[sound:al_fa_ir_the_gun.mp3],Google Cloud TTS<br>Voice: Achird,AnkiLangs::FA
the hair,مو,/mu/,[sound:al_fa_ir_the_hair.mp3],Google Cloud TTS<br>Voice: Achernar,AnkiLangs::FA
the half,نصف,/nesf/,[sound:al_fa_ir_the_half.mp3],Google Cloud TTS<br>Voice: Achird,AnkiLangs::FA
the hand,دست,/dæst/,[sound:al_fa_ir_the_hand.mp3],Google Cloud TTS<br>Voice: Aoede,AnkiLangs::FA
the hat,کلاه,/kolɒːh/,[sound:al_fa_ir_the_hat.mp3],Google Cloud TTS<br>Voice: Achird,AnkiLangs::FA
the head,سر,/sær/,[sound:al_fa_ir_the_head.mp3],Google Cloud TTS<br>Voice: Aoede,AnkiLangs::FA
the heart,قلب,/ɢælb/,[sound:al_fa_ir_the_heart.mp3],Google Cloud TTS<br>Voice: Aoede,AnkiLangs::FA
the heat,گرما,/gæɾmɒː/,[sound:al_fa_ir_the_heat.mp3],Google Cloud TTS<br>Voice: Achird,AnkiLangs::FA
the hill,تپه,/tæpe/,[sound:al_fa_ir_the_hill.mp3],Google Cloud TTS<br>Voice: Aoede,AnkiLangs::FA
the hole,سوراخ,/suɾɒːx/,[sound:al_fa_ir_the_hole.mp3],Google Cloud TTS<br>Voice: Achernar,AnkiLangs::FA
the horse,اسب,/æsb/,[sound:al_fa_ir_the_horse.mp3],Google Cloud TTS<br>Voice: Aoede,AnkiLangs::FA
the hospital,بیمارستان,/bimɒːɾestɒːn/,[sound:al_fa_ir_the_hospital.mp3],Google Cloud TTS<br>Voice: Aoede,AnkiLangs::FA
the hotel,هتل,/hotel/,[sound:al_fa_ir_the_hotel.mp3],Google Cloud TTS<br>Voice: Aoede,AnkiLangs::FA
the hour,ساعت,/sɒːʔæt/,[sound:al_fa_ir_the_hour.mp3],Google Cloud TTS<br>Voice: Achernar,AnkiLangs::FA
the house,خانه,/xɒːne/,[sound:al_fa_ir_the_house.mp3],Google Cloud TTS<br>Voice: Achernar,AnkiLangs::FA
the human,انسان,/ensɒːn/,[sound:al_fa_ir_the_human.mp3],Google Cloud TTS<br>Voice: Achernar,AnkiLangs::FA
the husband,شوهر,/ʃohæɾ/,[sound:al_fa_ir_the_husband.mp3],Google Cloud TTS<br>Voice: Achird,AnkiLangs::FA
the ice,یخ,/jæx/,[sound:al_fa_ir_the_ice.mp3],Google Cloud TTS<br>Voice: Achernar,AnkiLangs::FA
the image,تصویر,/tæsviɾ/,[sound:al_fa_ir_the_image.mp3],Google Cloud TTS<br>Voice: Aoede,AnkiLangs::FA
the inch,اینچ,/int͡ʃ/,[sound:al_fa_ir_the_inch.mp3],Google Cloud TTS<br>Voice: Achernar,AnkiLangs::FA
the injury,آسیب,/ɒːsib/,[sound:al_fa_ir_the_injury.mp3],Google Cloud TTS<br>Voice: Achernar,AnkiLangs::FA
the inside,داخل,/dɒːxel/,[sound:al_fa_ir_the_inside.mp3],Google Cloud TTS<br>Voice: Aoede,AnkiLangs::FA
the instrument,آلت موسیقی,/ɒːlæte musiɢi/,[sound:al_fa_ir_the_instrument.mp3],Google Cloud TTS<br>Voice: Achird,AnkiLangs::FA
the island,جزیره,/d͡ʒæziɾe/,[sound:al_fa_ir_the_island.mp3],Google Cloud TTS<br>Voice: Achernar,AnkiLangs::FA
the job,شغل,/ʃoɢl/,[sound:al_fa_ir_the_job.mp3],Google Cloud TTS<br>Voice: Achird,AnkiLangs::FA
the key,کلید,/kelid/,[sound:al_fa_ir_the_key.mp3],Google Cloud TTS<br>Voice: Achird,AnkiLangs::FA
the kilogram,کیلوگرم,/kilogɾæm/,[sound:al_fa_ir_the_kilogram.mp3],Google Cloud TTS<br>Voice: Achird,AnkiLangs::FA
the king,پادشاه,/pɒːdʃɒːh/,[sound:al_fa_ir_the_king.mp3],Google Cloud TTS<br>Voice: Aoede,AnkiLangs::FA
the kitchen,آشپزخانه,/ɒːʃpæzxɒːne/,[sound:al_fa_ir_the_kitchen.mp3],Google Cloud TTS<br>Voice: Achird,AnkiLangs::FA
the knee,زانو,/zɒːnu/,[sound:al_fa_ir_the_knee.mp3],Google Cloud TTS<br>Voice: Achird,AnkiLangs::FA
the knife,چاقو,/t͡ʃɒːɢu/,[sound:al_fa_ir_the_knife.mp3],Google Cloud TTS<br>Voice: Aoede,AnkiLangs::FA
the lake,دریاچه,/dæɾjɒːt͡ʃe/,[sound:al_fa_ir_the_lake.mp3],Google Cloud TTS<br>Voice: Achird,AnkiLangs::FA
the lamp,چراغ,/t͡ʃeɾɒːɢ/,[sound:al_fa_ir_the_lamp.mp3],Google Cloud TTS<br>Voice: Achird,AnkiLangs::FA
the laptop,لپ‌تاپ,/læp tɒːp/,[sound:al_fa_ir_the_laptop.mp3],Google Cloud TTS<br>Voice: Aoede,AnkiLangs::FA
the lawyer,وکیل,/vækil/,[sound:al_fa_ir_the_lawyer.mp3],Google Cloud TTS<br>Voice: Aoede,AnkiLangs::FA
the leaf,برگ,/bæɾg/,[sound:al_fa_ir_the_leaf.mp3],Google Cloud TTS<br>Voice: Achernar,AnkiLangs::FA
the leg,پا,/pɒː/,[sound:al_fa_ir_the_leg.mp3],Google Cloud TTS<br>Voice: Achernar,AnkiLangs::FA
the lemon,لیمو,/limu/,[sound:al_fa_ir_the_lemon.mp3],Google Cloud TTS<br>Voice: Achernar,AnkiLangs::FA
the letter,نامه,/nɒːme/,[sound:al_fa_ir_the_letter.mp3],Google Cloud TTS<br>Voice: Achird,AnkiLangs::FA
the library,کتابخانه,/ketɒːbxɒːne/,[sound:al_fa_ir_the_library.mp3],Google Cloud TTS<br>Voice: Achird,AnkiLangs::FA
the light,نور,/nuɾ/,[sound:al_fa_ir_the_light.mp3],Google Cloud TTS<br>Voice: Achird,AnkiLangs::FA
the lip,لب,/læb/,[sound:al_fa_ir_the_lip.mp3],Google Cloud TTS<br>Voice: Aoede,AnkiLangs::FA
the location,مکان,/mækɒːn/,[sound:al_fa_ir_the_location.mp3],Google Cloud TTS<br>Voice: Achird,AnkiLangs::FA
the lock,قفل,/ɢofl/,[sound:al_fa_ir_the_lock.mp3],Google Cloud TTS<br>Voice: Achernar,AnkiLangs::FA
the magazine,مجله,/mæd͡ʒæle/,[sound:al_fa_ir_the_magazine.mp3],Google Cloud TTS<br>Voice: Aoede,AnkiLangs::FA
the man,مرد,/mæɾd/,[sound:al_fa_ir_the_man.mp3],Google Cloud TTS<br>Voice: Aoede,AnkiLangs::FA
the manager,مدیر,/modiɾ/,[sound:al_fa_ir_the_manager.mp3],Google Cloud TTS<br>Voice: Aoede,AnkiLangs::FA
the map,نقشه,/næɢʃe/,[sound:al_fa_ir_the_map.mp3],Google Cloud TTS<br>Voice: Achernar,AnkiLangs::FA
the market,بازار,/bɒːzɒːɾ/,[sound:al_fa_ir_the_market.mp3],Google Cloud TTS<br>Voice: Achernar,AnkiLangs::FA
the meter,متر,/metɾ/,[sound:al_fa_ir_the_meter.mp3],Google Cloud TTS<br>Voice: Achernar,AnkiLangs::FA
the minute,دقیقه,/dæɢiɢe/,[sound:al_fa_ir_the_minute.mp3],Google Cloud TTS<br>Voice: Aoede,AnkiLangs::FA
the month,ماه,/mɒːh/,[sound:al_fa_ir_the_month.mp3],Google Cloud TTS<br>Voice: Aoede,AnkiLangs::FA
the moon,ماه,/mɒːh/,[sound:al_fa_ir_the_moon.mp3],Google Cloud TTS<br>Voice: Achird,AnkiLangs::FA
the morning,صبح,/sobh/,[sound:al_fa_ir_the_morning.mp3],Google Cloud TTS<br>Voice: Achird,AnkiLangs::FA
the mother,مادر,/mɒːdæɾ/,[sound:al_fa_ir_the_mother.mp3],Google Cloud TTS<br>Voice: Achernar,AnkiLangs::FA
the mountain,کوه,/kuh/,[sound:al_fa_ir_the_mountain.mp3],Google Cloud TTS<br>Voice: Aoede,AnkiLangs::FA
the mouse,موش,/muʃ/,[sound:al_fa_ir_the_mouse.mp3],Google Cloud TTS<br>Voice: Achird,AnkiLangs::FA
the mouth,دهان,/dæhɒːn/,[sound:al_fa_ir_the_mouth.mp3],Google Cloud TTS<br>Voice: Achernar,AnkiLangs::FA
the movie,فیلم,/film/,[sound:al_fa_ir_the_movie.mp3],Google Cloud TTS<br>Voice: Achernar,AnkiLangs::FA
the neck,گردن,/gæɾdæn/,[sound:al_fa_ir_the_neck.mp3],Google Cloud TTS<br>Voice: Achird,AnkiLangs::FA
the needle,سوزن,/suzæn/,[sound:al_fa_ir_the_needle.mp3],Google Cloud TTS<br>Voice: Achernar,AnkiLangs::FA
the neighbor,همسایه,/hæmsɒːje/,[sound:al_fa_ir_the_neighbor.mp3],Google Cloud TTS<br>Voice: Aoede,AnkiLangs::FA
the network,شبکه,/ʃæbæke/,[sound:al_fa_ir_the_network.mp3],Google Cloud TTS<br>Voice: Achernar,AnkiLangs::FA
the newspaper,روزنامه,/ɾuznɒːme/,[sound:al_fa_ir_the_newspaper.mp3],Google Cloud TTS<br>Voice: Aoede,AnkiLangs::FA
the night,شب,/ʃæb/,[sound:al_fa_ir_the_night.mp3],Google Cloud TTS<br>Voice: Aoede,AnkiLangs::FA
the north,شمال,/ʃomɒːl/,[sound:al_fa_ir_the_north.mp3],Google Cloud TTS<br>Voice: Achird,AnkiLangs::FA
the nose,بینی,/bini/,[sound:al_fa_ir_the_nose.mp3],Google Cloud TTS<br>Voice: Achird,AnkiLangs::FA
the note,یادداشت,/jɒːdɒːʃt/,[sound:al_fa_ir_the_note.mp3],Google Cloud TTS<br>Voice: Achird,AnkiLangs::FA
the noun,اسم,/esm/,[sound:al_fa_ir_the_noun.mp3],Google Cloud TTS<br>Voice: Achernar,AnkiLangs::FA
the number,عدد,/ʔædæd/,[sound:al_fa_ir_the_number.mp3],Google Cloud TTS<br>Voice: Achird,AnkiLangs::FA
the ocean,اقیانوس,/oɢjɒːnus/,[sound:al_fa_ir_the_ocean.mp3],Google Cloud TTS<br>Voice: Achird,AnkiLangs::FA
the office,دفتر,/dæftæɾ/,[sound:al_fa_ir_the_office.mp3],Google Cloud TTS<br>Voice: Achernar,AnkiLangs::FA
the orange,پرتقال,/poɾteɢɒːl/,[sound:al_fa_ir_the_orange.mp3],Google Cloud TTS<br>Voice: Achird,AnkiLangs::FA
the outside,بیرون,/biɾun/,[sound:al_fa_ir_the_outside.mp3],Google Cloud TTS<br>Voice: Achernar,AnkiLangs::FA
the page,صفحه,/sæfhe/,[sound:al_fa_ir_the_page.mp3],Google Cloud TTS<br>Voice: Achernar,AnkiLangs::FA
the paint,رنگ,/ɾæng/,[sound:al_fa_ir_the_paint.mp3],Google Cloud TTS<br>Voice: Aoede,AnkiLangs::FA
the pants,شلوار,/ʃælvɒːɾ/,[sound:al_fa_ir_the_pants.mp3],Google Cloud TTS<br>Voice: Aoede,AnkiLangs::FA
the paper,کاغذ,/kɒːɢæz/,[sound:al_fa_ir_the_paper.mp3],Google Cloud TTS<br>Voice: Achird,AnkiLangs::FA
the parent,والدین,/vɒːledejn/,[sound:al_fa_ir_the_parent.mp3],Google Cloud TTS<br>Voice: Achernar,AnkiLangs::FA
the park,پارک,/pɒːɾk/,[sound:al_fa_ir_the_park.mp3],Google Cloud TTS<br>Voice: Aoede,AnkiLangs::FA
the patient,بیمار,/bimɒːɾ/,[sound:al_fa_ir_the_patient.mp3],Google Cloud TTS<br>Voice: Aoede,AnkiLangs::FA
the pattern,الگو,/olgu/,[sound:al_fa_ir_the_pattern.mp3],Google Cloud TTS<br>Voice: Aoede,AnkiLangs::FA
the pen,خودکار,/xodkɒːɾ/,[sound:al_fa_ir_the_pen.mp3],Google Cloud TTS<br>Voice: Aoede,AnkiLangs::FA
the pencil,مداد,/medɒːd/,[sound:al_fa_ir_the_pencil.mp3],Google Cloud TTS<br>Voice: Achird,AnkiLangs::FA
the person,شخص,/ʃæxs/,[sound:al_fa_ir_the_person.mp3],Google Cloud TTS<br>Voice: Aoede,AnkiLangs::FA
the photograph,عکس,/ʔæks/,[sound:al_fa_ir_the_photograph.mp3],Google Cloud TTS<br>Voice: Achird,AnkiLangs::FA
the piece,تکه,/teke/,[sound:al_fa_ir_the_piece.mp3],Google Cloud TTS<br>Voice: Achernar,AnkiLangs::FA
the pig,خوک,/xuk/,[sound:al_fa_ir_the_pig.mp3],Google Cloud TTS<br>Voice: Achird,AnkiLangs::FA
the plane,هواپیما,/hævɒːpejmɒː/,[sound:al_fa_ir_the_plane.mp3],Google Cloud TTS<br>Voice: Aoede,AnkiLangs::FA
the plant,گیاه,/gijɒːh/,[sound:al_fa_ir_the_plant.mp3],Google Cloud TTS<br>Voice: Achernar,AnkiLangs::FA
the plate,بشقاب,/boʃɢɒːb/,[sound:al_fa_ir_the_plate.mp3],Google Cloud TTS<br>Voice: Achernar,AnkiLangs::FA
the player,بازیکن,/bɒːzikæn/,[sound:al_fa_ir_the_player.mp3],Google Cloud TTS<br>Voice: Achird,AnkiLangs::FA
the pocket,جیب,/d͡ʒib/,[sound:al_fa_ir_the_pocket.mp3],Google Cloud TTS<br>Voice: Achernar,AnkiLangs::FA
the police,پلیس,/polis/,[sound:al_fa_ir_the_police.mp3],Google Cloud TTS<br>Voice: Achird,AnkiLangs::FA
the pool,استخر,/estæxɾ/,[sound:al_fa_ir_the_pool.mp3],Google Cloud TTS<br>Voice: Achernar,AnkiLangs::FA
the pork,گوشت خوک,/guʃte xuk/,[sound:al_fa_ir_the_pork.mp3],Google Cloud TTS<br>Voice: Achird,AnkiLangs::FA
the pound,پوند,/pund/,[sound:al_fa_ir_the_pound.mp3],Google Cloud TTS<br>Voice: Aoede,AnkiLangs::FA
the president,رئیس‌جمهور,/ɾæʔise d͡ʒomhuɾ/,[sound:al_fa_ir_the_president.mp3],Google Cloud TTS<br>Voice: Achird,AnkiLangs::FA
the price,قیمت,/ɢimæt/,[sound:al_fa_ir_the_price.mp3],Google Cloud TTS<br>Voice: Achird,AnkiLangs::FA
the priest,کشیش,/keʃiʃ/,[sound:al_fa_ir_the_priest.mp3],Google Cloud TTS<br>Voice: Aoede,AnkiLangs::FA
the program,برنامه,/bæɾnɒːme/,[sound:al_fa_ir_the_program.mp3],Google Cloud TTS<br>Voice: Achird,AnkiLangs::FA
the queen,ملکه,/mæleke/,[sound:al_fa_ir_the_queen.mp3],Google Cloud TTS<br>Voice: Achird,AnkiLangs::FA
the radio,رادیو,/ɾɒːdijo/,[sound:al_fa_ir_the_radio.mp3],Google Cloud TTS<br>Voice: Achird,AnkiLangs::FA
the rain,باران,/bɒːɾɒːn/,[sound:al_fa_ir_the_rain.mp3],Google Cloud TTS<br>Voice: Aoede,AnkiLangs::FA
the reporter,خبرنگار,/xæbæɾnegɒːɾ/,[sound:al_fa_ir_the_reporter.mp3],Google Cloud TTS<br>Voice: Aoede,AnkiLangs::FA
the restaurant,رستوران,/ɾestorɒːn/,[sound:al_fa_ir_the_restaurant.mp3],Google Cloud TTS<br>Voice: Achird,AnkiLangs::FA
the ring,حلقه,/hælɢe/,[sound:al_fa_ir_the_ring.mp3],Google Cloud TTS<br>Voice: Achernar,AnkiLangs::FA
the river,رودخانه,/ɾudxɒːne/,[sound:al_fa_ir_the_river.mp3],Google Cloud TTS<br>Voice: Aoede,AnkiLangs::FA
the roof,سقف,/sæɢf/,[sound:al_fa_ir_the_roof.mp3],Google Cloud TTS<br>Voice: Aoede,AnkiLangs::FA
the room,اتاق,/otɒːɢ/,[sound:al_fa_ir_the_room.mp3],Google Cloud TTS<br>Voice: Aoede,AnkiLangs::FA
the root,ریشه,/ɾiʃe/,[sound:al_fa_ir_the_root.mp3],Google Cloud TTS<br>Voice: Achird,AnkiLangs::FA
the sand,شن,/ʃen/,[sound:al_fa_ir_the_sand.mp3],Google Cloud TTS<br>Voice: Aoede,AnkiLangs::FA
the school,مدرسه,/mædɾese/,[sound:al_fa_ir_the_school.mp3],Google Cloud TTS<br>Voice: Achird,AnkiLangs::FA
the screen,صفحه نمایش,/sæfheye næmɒːjeʃ/,[sound:al_fa_ir_the_screen.mp3],Google Cloud TTS<br>Voice: Achird,AnkiLangs::FA
the sea,دریا,/dæɾjɒː/,[sound:al_fa_ir_the_sea.mp3],Google Cloud TTS<br>Voice: Achird,AnkiLangs::FA
the season,فصل,/fæsl/,[sound:al_fa_ir_the_season.mp3],Google Cloud TTS<br>Voice: Aoede,AnkiLangs::FA
the second,ثانیه,/sɒːnije/,[sound:al_fa_ir_the_second.mp3],Google Cloud TTS<br>Voice: Achird,AnkiLangs::FA
the secretary,منشی,/monʃi/,[sound:al_fa_ir_the_secretary.mp3],Google Cloud TTS<br>Voice: Achernar,AnkiLangs::FA
the seed,دانه,/dɒːne/,[sound:al_fa_ir_the_seed.mp3],Google Cloud TTS<br>Voice: Aoede,AnkiLangs::FA
the ship,کشتی,/keʃti/,[sound:al_fa_ir_the_ship.mp3],Google Cloud TTS<br>Voice: Aoede,AnkiLangs::FA
the shirt,پیراهن,/piɾɒːhæn/,[sound:al_fa_ir_the_shirt.mp3],Google Cloud TTS<br>Voice: Aoede,AnkiLangs::FA
the shoes,کفش,/kæfʃ/,[sound:al_fa_ir_the_shoes.mp3],Google Cloud TTS<br>Voice: Aoede,AnkiLangs::FA
the shoulder,شانه,/ʃɒːne/,[sound:al_fa_ir_the_shoulder.mp3],Google Cloud TTS<br>Voice: Aoede,AnkiLangs::FA
the side,کنار,/kenɒːɾ/,[sound:al_fa_ir_the_side.mp3],Google Cloud TTS<br>Voice: Achird,AnkiLangs::FA
the sign,علامت,/ʔælɒːmæt/,[sound:al_fa_ir_the_sign.mp3],Google Cloud TTS<br>Voice: Achird,AnkiLangs::FA
the sister,خواهر,/xɒːhæɾ/,[sound:al_fa_ir_the_sister.mp3],Google Cloud TTS<br>Voice: Aoede,AnkiLangs::FA
the skin,پوست,/pust/,[sound:al_fa_ir_the_skin.mp3],Google Cloud TTS<br>Voice: Achird,AnkiLangs::FA
the skirt,دامن,/dɒːmæn/,[sound:al_fa_ir_the_skirt.mp3],Google Cloud TTS<br>Voice: Aoede,AnkiLangs::FA
the sky,آسمان,/ɒːsemɒːn/,[sound:al_fa_ir_the_sky.mp3],Google Cloud TTS<br>Voice: Achird,AnkiLangs::FA
the snow,برف,/bæɾf/,[sound:al_fa_ir_the_snow.mp3],Google Cloud TTS<br>Voice: Achird,AnkiLangs::FA
the soap,صابون,/sɒːbun/,[sound:al_fa_ir_the_soap.mp3],Google Cloud TTS<br>Voice: Achird,AnkiLangs::FA
the soldier,سرباز,/særbɒːz/,[sound:al_fa_ir_the_soldier.mp3],Google Cloud TTS<br>Voice: Achird,AnkiLangs::FA
the son,پسر,/pesæɾ/,[sound:al_fa_ir_the_son.mp3],Google Cloud TTS<br>Voice: Achernar,AnkiLangs::FA
the song,آهنگ,/ɒːhæng/,[sound:al_fa_ir_the_song.mp3],Google Cloud TTS<br>Voice: Aoede,AnkiLangs::FA
the sound,صدا,/sedɒː/,[sound:al_fa_ir_the_sound.mp3],Google Cloud TTS<br>Voice: Achernar,AnkiLangs::FA
the soup,سوپ,/sup/,[sound:al_fa_ir_the_soup.mp3],Google Cloud TTS<br>Voice: Achird,AnkiLangs::FA
the south,جنوب,/d͡ʒonub/,[sound:al_fa_ir_the_south.mp3],Google Cloud TTS<br>Voice: Achernar,AnkiLangs::FA
the spoon,قاشق,/ɢɒːʃoɢ/,[sound:al_fa_ir_the_spoon.mp3],Google Cloud TTS<br>Voice: Aoede,AnkiLangs::FA
the Spring,بهار,/bæhɒːɾ/,[sound:al_fa_ir_the_spring.mp3],Google Cloud TTS<br>Voice: Aoede,AnkiLangs::FA
the square,میدان,/mejdɒːn/,[sound:al_fa_ir_the_square.mp3],Google Cloud TTS<br>Voice: Achird,AnkiLangs::FA
the stain,لکه,/læke/,[sound:al_fa_ir_the_stain.mp3],Google Cloud TTS<br>Voice: Achernar,AnkiLangs::FA
the star,ستاره,/setɒːɾe/,[sound:al_fa_ir_the_star.mp3],Google Cloud TTS<br>Voice: Achernar,AnkiLangs::FA
the store/shop,فروشگاه,/foɾuʃgɒːh/,[sound:al_fa_ir_the_store_shop.mp3],Google Cloud TTS<br>Voice: Achernar,AnkiLangs::FA
the street/road,خیابان,/xijɒːbɒːn/,[sound:al_fa_ir_the_street_road.mp3],Google Cloud TTS<br>Voice: Aoede,AnkiLangs::FA
the student,دانش‌آموز,/dɒːneʃɒːmuz/,[sound:al_fa_ir_the_student.mp3],Google Cloud TTS<br>Voice: Aoede,AnkiLangs::FA
the suit,کت و شلوار,/kot o ʃælvɒːɾ/,[sound:al_fa_ir_the_suit.mp3],Google Cloud TTS<br>Voice: Achernar,AnkiLangs::FA
the Summer,تابستان,/tɒːbestɒːn/,[sound:al_fa_ir_the_summer.mp3],Google Cloud TTS<br>Voice: Aoede,AnkiLangs::FA
the sun,خورشید,/xoɾʃid/,[sound:al_fa_ir_the_sun.mp3],Google Cloud TTS<br>Voice: Aoede,AnkiLangs::FA
the T-shirt,تی‌شرت,/ti ʃeɾt/,[sound:al_fa_ir_the_t_shirt.mp3],Google Cloud TTS<br>Voice: Achernar,AnkiLangs::FA
the table,میز,/miz/,[sound:al_fa_ir_the_table.mp3],Google Cloud TTS<br>Voice: Aoede,AnkiLangs::FA
the teacher,معلم,/moʔælem/,[sound:al_fa_ir_the_teacher.mp3],Google Cloud TTS<br>Voice: Achernar,AnkiLangs::FA
the team,تیم,/tim/,[sound:al_fa_ir_the_team.mp3],Google Cloud TTS<br>Voice: Achernar,AnkiLangs::FA
the tear,اشک,/æʃk/,[sound:al_fa_ir_the_tear.mp3],Google Cloud TTS<br>Voice: Achird,AnkiLangs::FA
the telephone,تلفن,/telefon/,[sound:al_fa_ir_the_telephone.mp3],Google Cloud TTS<br>Voice: Achernar,AnkiLangs::FA
the television,تلویزیون,/televizjon/,[sound:al_fa_ir_the_television.mp3],Google Cloud TTS<br>Voice: Aoede,AnkiLangs::FA
the theater,تئاتر,/teʔɒːtɾ/,[sound:al_fa_ir_the_theater.mp3],Google Cloud TTS<br>Voice: Achird,AnkiLangs::FA
the time,زمان,/zæmɒːn/,[sound:al_fa_ir_the_time.mp3],Google Cloud TTS<br>Voice: Achernar,AnkiLangs::FA
the tire,لاستیک,/lɒːstik/,[sound:al_fa_ir_the_tire.mp3],Google Cloud TTS<br>Voice: Achird,AnkiLangs::FA
the toe,انگشت پا,/ængʃote pɒː/,[sound:al_fa_ir_the_toe.mp3],Google Cloud TTS<br>Voice: Aoede,AnkiLangs::FA
the tongue,زبان,/zæbɒːn/,[sound:al_fa_ir_the_tongue.mp3],Google Cloud TTS<br>Voice: Achernar,AnkiLangs::FA
the tool,ابزار,/æbzɒːɾ/,[sound:al_fa_ir_the_tool.mp3],Google Cloud TTS<br>Voice: Aoede,AnkiLangs::FA
the tooth,دندان,/dændɒːn/,[sound:al_fa_ir_the_tooth.mp3],Google Cloud TTS<br>Voice: Achird,AnkiLangs::FA
the top,بالا,/bɒːlɒː/,[sound:al_fa_ir_the_top.mp3],Google Cloud TTS<br>Voice: Achernar,AnkiLangs::FA
the town,شهرک,/ʃæhɾæk/,[sound:al_fa_ir_the_town.mp3],Google Cloud TTS<br>Voice: Achird,AnkiLangs::FA
the train,قطار,/ɢætɒːɾ/,[sound:al_fa_ir_the_train.mp3],Google Cloud TTS<br>Voice: Achird,AnkiLangs::FA
the train station,ایستگاه قطار,/istgɒːhe ɢætɒːɾ/,[sound:al_fa_ir_the_train_station.mp3],Google Cloud TTS<br>Voice: Achernar,AnkiLangs::FA
the tree,درخت,/deɾæxt/,[sound:al_fa_ir_the_tree.mp3],Google Cloud TTS<br>Voice: Achird,AnkiLangs::FA
the truck,کامیون,/kɒːmjon/,[sound:al_fa_ir_the_truck.mp3],Google Cloud TTS<br>Voice: Aoede,AnkiLangs::FA
the university,دانشگاه,/dɒːneʃgɒːh/,[sound:al_fa_ir_the_university.mp3],Google Cloud TTS<br>Voice: Achird,AnkiLangs::FA
the valley,دره,/dære/,[sound:al_fa_ir_the_valley.mp3],Google Cloud TTS<br>Voice: Aoede,AnkiLangs::FA
the verb,فعل,/feʔl/,[sound:al_fa_ir_the_verb.mp3],Google Cloud TTS<br>Voice: Aoede,AnkiLangs::FA
the victim,قربانی,/ɢoɾbɒːni/,[sound:al_fa_ir_the_victim.mp3],Google Cloud TTS<br>Voice: Achird,AnkiLangs::FA
the voice,صدا,/sedɒː/,[sound:al_fa_ir_the_voice.mp3],Google Cloud TTS<br>Voice: Aoede,AnkiLangs::FA
the vowel,حرف صدادار,/hæɾfe sedɒːdɒːɾ/,[sound:al_fa_ir_the_vowel.mp3],Google Cloud TTS<br>Voice: Achernar,AnkiLangs::FA
the waiter,پیشخدمت,/piʃxedmæt/,[sound:al_fa_ir_the_waiter.mp3],Google Cloud TTS<br>Voice: Aoede,AnkiLangs::FA
the wall,دیوار,/divɒːɾ/,[sound:al_fa_ir_the_wall.mp3],Google Cloud TTS<br>Voice: Aoede,AnkiLangs::FA
the wave,موج,/mod͡ʒ/,[sound:al_fa_ir_the_wave.mp3],Google Cloud TTS<br>Voice: Aoede,AnkiLangs::FA
the week,هفته,/hæfte/,[sound:al_fa_ir_the_week.mp3],Google Cloud TTS<br>Voice: Achernar,AnkiLangs::FA
the west,غرب,/ɢæɾb/,[sound:al_fa_ir_the_west.mp3],Google Cloud TTS<br>Voice: Achernar,AnkiLangs::FA
the wife,همسر,/hæmsær/,[sound:al_fa_ir_the_wife.mp3],Google Cloud TTS<br>Voice: Achernar,AnkiLangs::FA
the wind,باد,/bɒːd/,[sound:al_fa_ir_the_wind.mp3],Google Cloud TTS<br>Voice: Achird,AnkiLangs::FA
the window,پنجره,/pænd͡ʒeɾe/,[sound:al_fa_ir_the_window.mp3],Google Cloud TTS<br>Voice: Achernar,AnkiLangs::FA
the wing,بال,/bɒːl/,[sound:al_fa_ir_the_wing.mp3],Google Cloud TTS<br>Voice: Aoede,AnkiLangs::FA
the Winter,زمستان,/zemestɒːn/,[sound:al_fa_ir_the_winter.mp3],Google Cloud TTS<br>Voice: Achernar,AnkiLangs::FA
the woman,زن,/zæn/,[sound:al_fa_ir_the_woman.mp3],Google Cloud TTS<br>Voice: Achernar,AnkiLangs::FA
the world,جهان,/d͡ʒæhɒːn/,[sound:al_fa_ir_the_world.mp3],Google Cloud TTS<br>Voice: Aoede,AnkiLangs::FA
the yard,حیاط,/hæjɒːt/,[sound:al_fa_ir_the_yard.mp3],Google Cloud TTS<br>Voice: Achird,AnkiLangs::FA
the year,سال,/sɒːl/,[sound:al_fa_ir_the_year.mp3],Google Cloud TTS<br>Voice: Achernar,AnkiLangs::FA
they,آن‌ها,/ɒːnhɒː/,[sound:al_fa_ir_they.mp3],Google Cloud TTS<br>Voice: Achird,AnkiLangs::FA
thick,ضخیم,/zæxim/,[sound:al_fa_ir_thick.mp3],Google Cloud TTS<br>Voice: Achird,AnkiLangs::FA
thin,نازک,/nɒːzok/,[sound:al_fa_ir_thin.mp3],Google Cloud TTS<br>Voice: Achird,AnkiLangs::FA
third (3rd),سوم,/sevom/,[sound:al_fa_ir_third_3rd.mp3],Google Cloud TTS<br>Voice: Aoede,AnkiLangs::FA
thirteen (13),سیزده,/sizdæh/,[sound:al_fa_ir_thirteen_13.mp3],Google Cloud TTS<br>Voice: Achird,AnkiLangs::FA
thirty (30),سی,/si/,[sound:al_fa_ir_thirty_30.mp3],Google Cloud TTS<br>Voice: Achird,AnkiLangs::FA
thirty-one (31),سی و یک,/sio jek/,[sound:al_fa_ir_thirty_one_31.mp3],Google Cloud TTS<br>Voice: Aoede,AnkiLangs::FA
thirty-two (32),سی و دو,/sio do/,[sound:al_fa_ir_thirty_two_32.mp3],Google Cloud TTS<br>Voice: Achird,AnkiLangs::FA
three (3),سه,/se/,[sound:al_fa_ir_three_3.mp3],Google Cloud TTS<br>Voice: Achird,AnkiLangs::FA
Thursday,پنجشنبه,/pænd͡ʒʃænbe/,[sound:al_fa_ir_thursday.mp3],Google Cloud TTS<br>Voice: Achernar,AnkiLangs::FA
tight,تنگ,/tæng/,[sound:al_fa_ir_tight.mp3],Google Cloud TTS<br>Voice: Aoede,AnkiLangs::FA
to beat,زدن,/zædæn/,[sound:al_fa_ir_to_beat.mp3],Google Cloud TTS<br>Voice: Aoede,AnkiLangs::FA
to bend,خم کردن,/xæm kæɾdæn/,[sound:al_fa_ir_to_bend.mp3],Google Cloud TTS<br>Voice: Achernar,AnkiLangs::FA
to break,شکستن,/ʃekæstæn/,[sound:al_fa_ir_to_break.mp3],Google Cloud TTS<br>Voice: Achernar,AnkiLangs::FA
to build,ساختن,/sɒːxtæn/,[sound:al_fa_ir_to_build.mp3],Google Cloud TTS<br>Voice: Achernar,AnkiLangs::FA
to burn,سوزاندن,/suzɒːndæn/,[sound:al_fa_ir_to_burn.mp3],Google Cloud TTS<br>Voice: Achird,AnkiLangs::FA
to buy,خریدن,/xæɾidæn/,[sound:al_fa_ir_to_buy.mp3],Google Cloud TTS<br>Voice: Achird,AnkiLangs::FA
to call,صدا زدن,/sedɒː zædæn/,[sound:al_fa_ir_to_call.mp3],Google Cloud TTS<br>Voice: Achird,AnkiLangs::FA
to carry,حمل کردن,/hæml kæɾdæn/,[sound:al_fa_ir_to_carry.mp3],Google Cloud TTS<br>Voice: Aoede,AnkiLangs::FA
to catch,گرفتن,/geɾeftæn/,[sound:al_fa_ir_to_catch.mp3],Google Cloud TTS<br>Voice: Achird,AnkiLangs::FA
to clean,تمیز کردن,/tæmiz kæɾdæn/,[sound:al_fa_ir_to_clean.mp3],Google Cloud TTS<br>Voice: Achernar,AnkiLangs::FA
to close,بستن,/bæstæn/,[sound:al_fa_ir_to_close.mp3],Google Cloud TTS<br>Voice: Aoede,AnkiLangs::FA
to cook,آشپزی کردن,/ɒːʃpæzi kæɾdæn/,[sound:al_fa_ir_to_cook.mp3],Google Cloud TTS<br>Voice: Aoede,AnkiLangs::FA
to count,شمردن,/ʃomoɾdæn/,[sound:al_fa_ir_to_count.mp3],Google Cloud TTS<br>Voice: Aoede,AnkiLangs::FA
to cry,گریه کردن,/geɾje kæɾdæn/,[sound:al_fa_ir_to_cry.mp3],Google Cloud TTS<br>Voice: Achernar,AnkiLangs::FA
to cut,بریدن,/boɾidæn/,[sound:al_fa_ir_to_cut.mp3],Google Cloud TTS<br>Voice: Achernar,AnkiLangs::FA
to dance,رقصیدن,/ɾæɢsidæn/,[sound:al_fa_ir_to_dance.mp3],Google Cloud TTS<br>Voice: Achernar,AnkiLangs::FA
to die,مردن,/moɾdæn/,[sound:al_fa_ir_to_die.mp3],Google Cloud TTS<br>Voice: Aoede,AnkiLangs::FA
to dig,کندن,/kændæn/,[sound:al_fa_ir_to_dig.mp3],Google Cloud TTS<br>Voice: Aoede,AnkiLangs::FA
to draw,کشیدن,/keʃidæn/,[sound:al_fa_ir_to_draw.mp3],Google Cloud TTS<br>Voice: Achird,AnkiLangs::FA
to drink,نوشیدن,/nuʃidæn/,[sound:al_fa_ir_to_drink.mp3],Google Cloud TTS<br>Voice: Achird,AnkiLangs::FA
to drive,رانندگی کردن,/ɾɒːnændegi kæɾdæn/,[sound:al_fa_ir_to_drive.mp3],Google Cloud TTS<br>Voice: Achernar,AnkiLangs::FA
to eat,خوردن,/xoɾdæn/,[sound:al_fa_ir_to_eat.mp3],Google Cloud TTS<br>Voice: Aoede,AnkiLangs::FA
to explode,منفجر شدن,/monfæd͡ʒeɾ ʃodæn/,[sound:al_fa_ir_to_explode.mp3],Google Cloud TTS<br>Voice: Achird,AnkiLangs::FA
to fall,افتادن,/oftɒːdæn/,[sound:al_fa_ir_to_fall.mp3],Google Cloud TTS<br>Voice: Achernar,AnkiLangs::FA
to feed,غذا دادن,/ɢæzɒː dɒːdæn/,[sound:al_fa_ir_to_feed.mp3],Google Cloud TTS<br>Voice: Achernar,AnkiLangs::FA
to fight,جنگیدن,/d͡ʒængidæn/,[sound:al_fa_ir_to_fight.mp3],Google Cloud TTS<br>Voice: Achird,AnkiLangs::FA
to find,پیدا کردن,/pejdɒː kæɾdæn/,[sound:al_fa_ir_to_find.mp3],Google Cloud TTS<br>Voice: Achernar,AnkiLangs::FA
to fly,پرواز کردن,/pæɾvɒːz kæɾdæn/,[sound:al_fa_ir_to_fly.mp3],Google Cloud TTS<br>Voice: Aoede,AnkiLangs::FA
to follow,دنبال کردن,/donbɒːl kæɾdæn/,[sound:al_fa_ir_to_follow.mp3],Google Cloud TTS<br>Voice: Achernar,AnkiLangs::FA
to go,رفتن,/ɾæftæn/,[sound:al_fa_ir_to_go.mp3],Google Cloud TTS<br>Voice: Aoede,AnkiLangs::FA
to grow,رشد کردن,/ɾoʃd kæɾdæn/,[sound:al_fa_ir_to_grow.mp3],Google Cloud TTS<br>Voice: Aoede,AnkiLangs::FA
to hang,آویزان کردن,/ɒːvizɒːn kæɾdæn/,[sound:al_fa_ir_to_hang.mp3],Google Cloud TTS<br>Voice: Achird,AnkiLangs::FA
to hear,شنیدن,/ʃenidæn/,[sound:al_fa_ir_to_hear.mp3],Google Cloud TTS<br>Voice: Achird,AnkiLangs::FA
to jump,پریدن,/pæɾidæn/,[sound:al_fa_ir_to_jump.mp3],Google Cloud TTS<br>Voice: Achird,AnkiLangs::FA
to kill,کشتن,/koʃtæn/,[sound:al_fa_ir_to_kill.mp3],Google Cloud TTS<br>Voice: Achernar,AnkiLangs::FA
to kiss,بوسیدن,/busidæn/,[sound:al_fa_ir_to_kiss.mp3],Google Cloud TTS<br>Voice: Achird,AnkiLangs::FA
to laugh,خندیدن,/xændidæn/,[sound:al_fa_ir_to_laugh.mp3],Google Cloud TTS<br>Voice: Achird,AnkiLangs::FA
to learn,یاد گرفتن,/jɒːd geɾeftæn/,[sound:al_fa_ir_to_learn.mp3],Google Cloud TTS<br>Voice: Achernar,AnkiLangs::FA
to lie down,دراز کشیدن,/deɾɒːz keʃidæn/,[sound:al_fa_ir_to_lie_down.mp3],Google Cloud TTS<br>Voice: Achird,AnkiLangs::FA
to lift,بلند کردن,/bolænd kæɾdæn/,[sound:al_fa_ir_to_lift.mp3],Google Cloud TTS<br>Voice: Achernar,AnkiLangs::FA
to listen,گوش دادن,/guʃ dɒːdæn/,[sound:al_fa_ir_to_listen.mp3],Google Cloud TTS<br>Voice: Achernar,AnkiLangs::FA
to lose,از دست دادن,/æz dæst dɒːdæn/,[sound:al_fa_ir_to_lose.mp3],Google Cloud TTS<br>Voice: Aoede,AnkiLangs::FA
to love,دوست داشتن,/dust dɒːʃtæn/,[sound:al_fa_ir_to_love.mp3],Google Cloud TTS<br>Voice: Aoede,AnkiLangs::FA
to marry,ازدواج کردن,/ezdovɒːd͡ʒ kæɾdæn/,[sound:al_fa_ir_to_marry.mp3],Google Cloud TTS<br>Voice: Achird,AnkiLangs::FA
to melt,ذوب شدن,/zoub ʃodæn/,[sound:al_fa_ir_to_melt.mp3],Google Cloud TTS<br>Voice: Achernar,AnkiLangs::FA
to mix / to stir,مخلوط کردن,/mæxlut kæɾdæn/,[sound:al_fa_ir_to_mix_to_stir.mp3],Google Cloud TTS<br>Voice: Aoede,AnkiLangs::FA
to open,باز کردن,/bɒːz kæɾdæn/,[sound:al_fa_ir_to_open.mp3],Google Cloud TTS<br>Voice: Aoede,AnkiLangs::FA
to pass by,عبور کردن,/ʔobuɾ kæɾdæn/,[sound:al_fa_ir_to_pass_by.mp3],Google Cloud TTS<br>Voice: Aoede,AnkiLangs::FA
to pay,پرداخت کردن,/pæɾdɒːxt kæɾdæn/,[sound:al_fa_ir_to_pay.mp3],Google Cloud TTS<br>Voice: Aoede,AnkiLangs::FA
to play,بازی کردن,/bɒːzi kæɾdæn/,[sound:al_fa_ir_to_play.mp3],Google Cloud TTS<br>Voice: Achird,AnkiLangs::FA
to pray,دعا کردن,/doʔɒː kæɾdæn/,[sound:al_fa_ir_to_pray.mp3],Google Cloud TTS<br>Voice: Aoede,AnkiLangs::FA
to pull,کشیدن,/keʃidæn/,[sound:al_fa_ir_to_pull.mp3],Google Cloud TTS<br>Voice: Achird,AnkiLangs::FA
to push,هل دادن,/hol dɒːdæn/,[sound:al_fa_ir_to_push.mp3],Google Cloud TTS<br>Voice: Achernar,AnkiLangs::FA
to run,دویدن,/dævidæn/,[sound:al_fa_ir_to_run.mp3],Google Cloud TTS<br>Voice: Achird,AnkiLangs::FA
to see,دیدن,/didæn/,[sound:al_fa_ir_to_see.mp3],Google Cloud TTS<br>Voice: Aoede,AnkiLangs::FA
to sell,فروختن,/foɾuxtæn/,[sound:al_fa_ir_to_sell.mp3],Google Cloud TTS<br>Voice: Achernar,AnkiLangs::FA
to shake,تکان دادن,/tekɒːn dɒːdæn/,[sound:al_fa_ir_to_shake.mp3],Google Cloud TTS<br>Voice: Achernar,AnkiLangs::FA
to shoot (a gun),شلیک کردن,/ʃelik kæɾdæn/,[sound:al_fa_ir_to_shoot_a_gun.mp3],Google Cloud TTS<br>Voice: Achird,AnkiLangs::FA
to sign,امضا کردن,/emzɒː kæɾdæn/,[sound:al_fa_ir_to_sign.mp3],Google Cloud TTS<br>Voice: Achernar,AnkiLangs::FA
to sing,خواندن,/xɒːndæn/,[sound:al_fa_ir_to_sing.mp3],Google Cloud TTS<br>Voice: Achird,AnkiLangs::FA
to sit,نشستن,/neʃæstæn/,[sound:al_fa_ir_to_sit.mp3],Google Cloud TTS<br>Voice: Achernar,AnkiLangs::FA
to sleep,خوابیدن,/xɒːbidæn/,[sound:al_fa_ir_to_sleep.mp3],Google Cloud TTS<br>Voice: Achird,AnkiLangs::FA
to smell,بوییدن,/bujidæn/,[sound:al_fa_ir_to_smell.mp3],Google Cloud TTS<br>Voice: Aoede,AnkiLangs::FA
to smile,لبخند زدن,/læbxænd zædæn/,[sound:al_fa_ir_to_smile.mp3],Google Cloud TTS<br>Voice: Achird,AnkiLangs::FA
to speak / to say,صحبت کردن,/sohbæt kæɾdæn/,[sound:al_fa_ir_to_speak_to_say.mp3],Google Cloud TTS<br>Voice: Achird,AnkiLangs::FA
to stand,ایستادن,/istɒːdæn/,[sound:al_fa_ir_to_stand.mp3],Google Cloud TTS<br>Voice: Aoede,AnkiLangs::FA
to stop,توقف کردن,/tævæɢof kæɾdæn/,[sound:al_fa_ir_to_stop.mp3],Google Cloud TTS<br>Voice: Aoede,AnkiLangs::FA
to swim,شنا کردن,/ʃenɒː kæɾdæn/,[sound:al_fa_ir_to_swim.mp3],Google Cloud TTS<br>Voice: Achird,AnkiLangs::FA
to taste,چشیدن,/t͡ʃeʃidæn/,[sound:al_fa_ir_to_taste.mp3],Google Cloud TTS<br>Voice: Achernar,AnkiLangs::FA
to teach,درس دادن,/dæɾs dɒːdæn/,[sound:al_fa_ir_to_teach.mp3],Google Cloud TTS<br>Voice: Aoede,AnkiLangs::FA
to think,فکر کردن,/fekɾ kæɾdæn/,[sound:al_fa_ir_to_think.mp3],Google Cloud TTS<br>Voice: Aoede,AnkiLangs::FA
to throw,پرت کردن,/pæɾt kæɾdæn/,[sound:al_fa_ir_to_throw.mp3],Google Cloud TTS<br>Voice: Aoede,AnkiLangs::FA
to touch,لمس کردن,/læms kæɾdæn/,[sound:al_fa_ir_to_touch.mp3],Google Cloud TTS<br>Voice: Achird,AnkiLangs::FA
to turn,چرخیدن,/t͡ʃæɾxidæn/,[sound:al_fa_ir_to_turn.mp3],Google Cloud TTS<br>Voice: Aoede,AnkiLangs::FA
to wake up,بیدار شدن,/bidɒːɾ ʃodæn/,[sound:al_fa_ir_to_wake_up.mp3],Google Cloud TTS<br>Voice: Achird,AnkiLangs::FA
to walk,راه رفتن,/ɾɒːh ɾæftæn/,[sound:al_fa_ir_to_walk.mp3],Google Cloud TTS<br>Voice: Achird,AnkiLangs::FA
to wash,شستن,/ʃostæn/,[sound:al_fa_ir_to_wash.mp3],Google Cloud TTS<br>Voice: Achird,AnkiLangs::FA
to watch,تماشا کردن,/tæmɒːʃɒː kæɾdæn/,[sound:al_fa_ir_to_watch.mp3],Google Cloud TTS<br>Voice: Aoede,AnkiLangs::FA
to wear,پوشیدن,/puʃidæn/,[sound:al_fa_ir_to_wear.mp3],Google Cloud TTS<br>Voice: Achird,AnkiLangs::FA
to win,برنده شدن,/bærænde ʃodæn/,[sound:al_fa_ir_to_win.mp3],Google Cloud TTS<br>Voice: Achernar,AnkiLangs::FA
to work,کار کردن,/kɒːɾ kæɾdæn/,[sound:al_fa_ir_to_work.mp3],Google Cloud TTS<br>Voice: Aoede,AnkiLangs::FA
to write,نوشتن,/neveʃtæn/,[sound:al_fa_ir_to_write.mp3],Google Cloud TTS<br>Voice: Aoede,AnkiLangs::FA
transportation,حمل و نقل,/hæmlo næɢl/,[sound:al_fa_ir_transportation.mp3],Google Cloud TTS<br>Voice: Aoede,AnkiLangs::FA
Tuesday,سه‌شنبه,/seʃænbe/,[sound:al_fa_ir_tuesday.mp3],Google Cloud TTS<br>Voice: Aoede,AnkiLangs::FA
twelve (12),دوازده,/dævɒːzdæh/,[sound:al_fa_ir_twelve_12.mp3],Google Cloud TTS<br>Voice: Aoede,AnkiLangs::FA
twenty (20),بیست,/bist/,[sound:al_fa_ir_twenty_20.mp3],Google Cloud TTS<br>Voice: Achird,AnkiLangs::FA
twenty-one (21),بیست و یک,/bisto jek/,[sound:al_fa_ir_twenty_one_21.mp3],Google Cloud TTS<br>Voice: Achird,AnkiLangs::FA
twenty-two (22),بیست و دو,/bisto do/,[sound:al_fa_ir_twenty_two_22.mp3],Google Cloud TTS<br>Voice: Aoede,AnkiLangs::FA
two (2),دو,/do/,[sound:al_fa_ir_two_2.mp3],Google Cloud TTS<br>Voice: Achird,AnkiLangs::FA
ugly,زشت,/zeʃt/,[sound:al_fa_ir_ugly.mp3],Google Cloud TTS<br>Voice: Aoede,AnkiLangs::FA
up,بالا,/bɒːlɒː/,[sound:al_fa_ir_up.mp3],Google Cloud TTS<br>Voice: Achird,AnkiLangs::FA
war,جنگ,/d͡ʒæng/,[sound:al_fa_ir_war.mp3],Google Cloud TTS<br>Voice: Achird,AnkiLangs::FA
warm,گرم,/gæɾm/,[sound:al_fa_ir_warm.mp3],Google Cloud TTS<br>Voice: Achird,AnkiLangs::FA
water,آب,/ɒːb/,[sound:al_fa_ir_water.mp3],Google Cloud TTS<br>Voice: Achird,AnkiLangs::FA
we,ما,/mɒː/,[sound:al_fa_ir_we.mp3],Google Cloud TTS<br>Voice: Achernar,AnkiLangs::FA
weak,ضعیف,/zæʔif/,[sound:al_fa_ir_weak.mp3],Google Cloud TTS<br>Voice: Aoede,AnkiLangs::FA
wedding,عروسی,/ʔæɾusi/,[sound:al_fa_ir_wedding.mp3],Google Cloud TTS<br>Voice: Achernar,AnkiLangs::FA
Wednesday,چهارشنبه,/t͡ʃæhɒːɾʃænbe/,[sound:al_fa_ir_wednesday.mp3],Google Cloud TTS<br>Voice: Achird,AnkiLangs::FA
weight,وزن,/væzn/,[sound:al_fa_ir_weight.mp3],Google Cloud TTS<br>Voice: Achernar,AnkiLangs::FA
wet,خیس,/xis/,[sound:al_fa_ir_wet.mp3],Google Cloud TTS<br>Voice: Aoede,AnkiLangs::FA
white,سفید,/sefid/,[sound:al_fa_ir_white.mp3],Google Cloud TTS<br>Voice: Aoede,AnkiLangs::FA
wide,پهن,/pæhn/,[sound:al_fa_ir_wide.mp3],Google Cloud TTS<br>Voice: Achird,AnkiLangs::FA
wine,شراب,/ʃæɾɒːb/,[sound:al_fa_ir_wine.mp3],Google Cloud TTS<br>Voice: Achernar,AnkiLangs::FA
wood,چوب,/t͡ʃub/,[sound:al_fa_ir_wood.mp3],Google Cloud TTS<br>Voice: Achernar,AnkiLangs::FA
yellow,زرد,/zæɾd/,[sound:al_fa_ir_yellow.mp3],Google Cloud TTS<br>Voice: Achernar,AnkiLangs::FA
yes,بله,/bæle/,[sound:al_fa_ir_yes.mp3],Google Cloud TTS<br>Voice: Aoede,AnkiLangs::FA
"you [plural, y'all]",شما,/ʃomɒː/,[sound:al_fa_ir_you_plural_y_all.mp3],Google Cloud TTS<br>Voice: Aoede,AnkiLangs::FA
you [singular],تو,/to/,[sound:al_fa_ir_you_singular.mp3],Google Cloud TTS<br>Voice: Achernar,AnkiLangs::FA
young,جوان,/d͡ʒævɒːn/,[sound:al_fa_ir_young.mp3],Google Cloud TTS<br>Voice: Aoede,AnkiLangs::FA
