key,text:it,ipa:it,audio:it,audio source:it,tags:it
alive,vivo,/ˈvivo/,[sound:al_it_it_alive.mp3],Google Cloud TTS<br>Voice: it-IT-Journey-O,AnkiLangs::IT
April,aprile,/aˈprile/,[sound:al_it_it_april.mp3],Google Cloud TTS<br>Voice: it-IT-Journey-D,AnkiLangs::IT
art,l'arte,/ˈlarte/,[sound:al_it_it_art.mp3],Google Cloud TTS<br>Voice: it-IT-Journey-D,AnkiLangs::IT
August,agosto,/aˈɡosto/,[sound:al_it_it_august.mp3],Google Cloud TTS<br>Voice: it-IT-Journey-O,AnkiLangs::IT
bad,cattivo,/katˈtivo/,[sound:al_it_it_bad.mp3],Google Cloud TTS<br>Voice: it-IT-Journey-F,AnkiLangs::IT
beautiful,bello,/ˈbɛllo/,[sound:al_it_it_beautiful.mp3],Google Cloud TTS<br>Voice: it-IT-Journey-D,AnkiLangs::IT
beer,la birra,/la ˈbirra/,[sound:al_it_it_beer.mp3],Google Cloud TTS<br>Voice: it-IT-Journey-D,AnkiLangs::IT
big / large,grande,/ˈɡrande/,[sound:al_it_it_big_large.mp3],Google Cloud TTS<br>Voice: it-IT-Journey-D,AnkiLangs::IT
black,nero,/ˈnero/,[sound:al_it_it_black.mp3],Google Cloud TTS<br>Voice: it-IT-Journey-D,AnkiLangs::IT
blind,cieco,/ˈtʃɛko/,[sound:al_it_it_blind.mp3],Google Cloud TTS<br>Voice: it-IT-Journey-O,AnkiLangs::IT
blood,il sangue,/il ˈsaŋɡwe/,[sound:al_it_it_blood.mp3],Google Cloud TTS<br>Voice: it-IT-Journey-D,AnkiLangs::IT
blue,blu,/blu/,[sound:al_it_it_blue.mp3],Google Cloud TTS<br>Voice: it-IT-Journey-D,AnkiLangs::IT
breakfast,la colazione,/la kolatˈtsjone/,[sound:al_it_it_breakfast.mp3],Google Cloud TTS<br>Voice: it-IT-Journey-O,AnkiLangs::IT
brown,marrone,/marˈrone/,[sound:al_it_it_brown.mp3],Google Cloud TTS<br>Voice: it-IT-Journey-D,AnkiLangs::IT
cheap,economico,/ekoˈnɔmiko/,[sound:al_it_it_cheap.mp3],Google Cloud TTS<br>Voice: it-IT-Journey-O,AnkiLangs::IT
clay,l'argilla,/larˈdʒilla/,[sound:al_it_it_clay.mp3],Google Cloud TTS<br>Voice: it-IT-Journey-O,AnkiLangs::IT
clean,pulito,/puˈlito/,[sound:al_it_it_clean.mp3],Google Cloud TTS<br>Voice: it-IT-Journey-D,AnkiLangs::IT
coffee,il caffè,/il kafˈfɛ/,[sound:al_it_it_coffee.mp3],Google Cloud TTS<br>Voice: it-IT-Journey-O,AnkiLangs::IT
cold,freddo,/ˈfreddo/,[sound:al_it_it_cold.mp3],Google Cloud TTS<br>Voice: it-IT-Journey-F,AnkiLangs::IT
cool,fresco,/ˈfresko/,[sound:al_it_it_cool.mp3],Google Cloud TTS<br>Voice: it-IT-Journey-D,AnkiLangs::IT
copper,il rame,/il ˈrame/,[sound:al_it_it_copper.mp3],Google Cloud TTS<br>Voice: it-IT-Journey-D,AnkiLangs::IT
curved,curvo,/ˈkurvo/,[sound:al_it_it_curved.mp3],Google Cloud TTS<br>Voice: it-IT-Journey-D,AnkiLangs::IT
dark,scuro,/ˈskuːro/,[sound:al_it_it_dark.mp3],Google Cloud TTS<br>Voice: it-IT-Journey-D,AnkiLangs::IT
dark blue,azzurro scuro,/adˈdzurro ˈskuːro/,[sound:al_it_it_dark_blue.mp3],Google Cloud TTS<br>Voice: it-IT-Journey-F,AnkiLangs::IT
dead,morto,/ˈmɔrto/,[sound:al_it_it_dead.mp3],Google Cloud TTS<br>Voice: it-IT-Journey-D,AnkiLangs::IT
deaf,sordo,/ˈsordo/,[sound:al_it_it_deaf.mp3],Google Cloud TTS<br>Voice: it-IT-Journey-O,AnkiLangs::IT
death,la morte,/la ˈmɔrte/,[sound:al_it_it_death.mp3],Google Cloud TTS<br>Voice: it-IT-Journey-O,AnkiLangs::IT
December,dicembre,/diˈtʃembre/,[sound:al_it_it_december.mp3],Google Cloud TTS<br>Voice: it-IT-Journey-D,AnkiLangs::IT
deep,profondo,/proˈfondo/,[sound:al_it_it_deep.mp3],Google Cloud TTS<br>Voice: it-IT-Journey-O,AnkiLangs::IT
diamond,il diamante,/il diaˈmante/,[sound:al_it_it_diamond.mp3],Google Cloud TTS<br>Voice: it-IT-Journey-D,AnkiLangs::IT
dinner,la cena,/la ˈtʃena/,[sound:al_it_it_dinner.mp3],Google Cloud TTS<br>Voice: it-IT-Journey-O,AnkiLangs::IT
dirty,sporco,/ˈsporko/,[sound:al_it_it_dirty.mp3],Google Cloud TTS<br>Voice: it-IT-Journey-O,AnkiLangs::IT
disease,la malattia,/la malatˈtia/,[sound:al_it_it_disease.mp3],Google Cloud TTS<br>Voice: it-IT-Journey-O,AnkiLangs::IT
down,giù,/dʒu/,[sound:al_it_it_down.mp3],Google Cloud TTS<br>Voice: it-IT-Journey-O,AnkiLangs::IT
dry,asciutto,/aʃˈʃutto/,[sound:al_it_it_dry.mp3],Google Cloud TTS<br>Voice: it-IT-Journey-O,AnkiLangs::IT
dust,la polvere,/la ˈpolvere/,[sound:al_it_it_dust.mp3],Google Cloud TTS<br>Voice: it-IT-Journey-D,AnkiLangs::IT
Earth,la Terra,/la ˈtɛrra/,[sound:al_it_it_earth.mp3],Google Cloud TTS,AnkiLangs::IT
eight (8),otto,/ˈɔtto/,[sound:al_it_it_eight_8.mp3],Google Cloud TTS<br>Voice: it-IT-Journey-D,AnkiLangs::IT
eighteen (18),diciotto,/diˈtʃɔtto/,[sound:al_it_it_eighteen_18.mp3],Google Cloud TTS<br>Voice: it-IT-Journey-O,AnkiLangs::IT
eighty (80),ottanta,/otˈtanta/,[sound:al_it_it_eighty_80.mp3],Google Cloud TTS<br>Voice: it-IT-Journey-F,AnkiLangs::IT
eighty-one (81),ottantuno,/ottanˈtuːno/,[sound:al_it_it_eighty_one_81.mp3],Google Cloud TTS<br>Voice: it-IT-Journey-D,AnkiLangs::IT
eighty-two (82),ottantadue,/ottantaˈduːe/,[sound:al_it_it_eighty_two_82.mp3],Google Cloud TTS<br>Voice: it-IT-Journey-D,AnkiLangs::IT
eleven (11),undici,/ˈundici/,[sound:al_it_it_eleven_11.mp3],Google Cloud TTS<br>Voice: it-IT-Journey-D,AnkiLangs::IT
energy,l'energia,/lenerˈdʒia/,[sound:al_it_it_energy.mp3],Google Cloud TTS<br>Voice: it-IT-Journey-O,AnkiLangs::IT
exercise,l'esercizio,/lezerˈtʃitsjo/,[sound:al_it_it_exercise.mp3],Google Cloud TTS<br>Voice: it-IT-Journey-D,AnkiLangs::IT
expensive,costoso,/kosˈtoso/,[sound:al_it_it_expensive.mp3],Google Cloud TTS<br>Voice: it-IT-Journey-O,AnkiLangs::IT
famous,famoso,/faˈmoso/,[sound:al_it_it_famous.mp3],Google Cloud TTS<br>Voice: it-IT-Journey-O,AnkiLangs::IT
fast,veloce,/veˈlotʃe/,[sound:al_it_it_fast.mp3],Google Cloud TTS<br>Voice: it-IT-Journey-O,AnkiLangs::IT
February,febbraio,/febˈbrajo/,[sound:al_it_it_february.mp3],Google Cloud TTS<br>Voice: it-IT-Journey-D,AnkiLangs::IT
female,femmina,/ˈfemmina/,[sound:al_it_it_female.mp3],Google Cloud TTS<br>Voice: it-IT-Journey-O,AnkiLangs::IT
fifteen (15),quindici,/ˈkwindici/,[sound:al_it_it_fifteen_15.mp3],Google Cloud TTS<br>Voice: it-IT-Journey-F,AnkiLangs::IT
fifth (5th),quinto,/ˈkwinto/,[sound:al_it_it_fifth_5th.mp3],Google Cloud TTS<br>Voice: it-IT-Journey-D,AnkiLangs::IT
fifty (50),cinquanta,/tʃiŋˈkwanta/,[sound:al_it_it_fifty_50.mp3],Google Cloud TTS<br>Voice: it-IT-Journey-D,AnkiLangs::IT
fifty-one (51),cinquantuno,/tʃiŋkwanˈtuːno/,[sound:al_it_it_fifty_one_51.mp3],Google Cloud TTS<br>Voice: it-IT-Journey-D,AnkiLangs::IT
fifty-two (52),cinquantadue,/tʃiŋkwantaˈduːe/,[sound:al_it_it_fifty_two_52.mp3],Google Cloud TTS<br>Voice: it-IT-Journey-D,AnkiLangs::IT
first (1st),primo,/ˈprimo/,[sound:al_it_it_first_1st.mp3],Google Cloud TTS<br>Voice: it-IT-Journey-D,AnkiLangs::IT
five (5),cinque,/ˈtʃiŋkwe/,[sound:al_it_it_five_5.mp3],Google Cloud TTS<br>Voice: it-IT-Journey-O,AnkiLangs::IT
flat,piatto,/ˈpjatto/,[sound:al_it_it_flat.mp3],Google Cloud TTS<br>Voice: it-IT-Journey-O,AnkiLangs::IT
food,il cibo,/il ˈtʃibo/,[sound:al_it_it_food.mp3],Google Cloud TTS<br>Voice: it-IT-Journey-D,AnkiLangs::IT
forty (40),quaranta,/kwaˈranta/,[sound:al_it_it_forty_40.mp3],Google Cloud TTS<br>Voice: it-IT-Journey-O,AnkiLangs::IT
forty-one (41),quarantuno,/kwaranˈtuːno/,[sound:al_it_it_forty_one_41.mp3],Google Cloud TTS<br>Voice: it-IT-Journey-D,AnkiLangs::IT
forty-two (42),quarantadue,/kwarantaˈduːe/,[sound:al_it_it_forty_two_42.mp3],Google Cloud TTS<br>Voice: it-IT-Journey-O,AnkiLangs::IT
four (4),quattro,/ˈkwattro/,[sound:al_it_it_four_4.mp3],Google Cloud TTS<br>Voice: it-IT-Journey-O,AnkiLangs::IT
fourteen (14),quattordici,/kwatˈtordici/,[sound:al_it_it_fourteen_14.mp3],Google Cloud TTS<br>Voice: it-IT-Journey-O,AnkiLangs::IT
fourth (4th),quarto,/ˈkwarto/,[sound:al_it_it_fourth_4th.mp3],Google Cloud TTS<br>Voice: it-IT-Journey-O,AnkiLangs::IT
Friday,venerdì,/venerˈdi/,[sound:al_it_it_friday.mp3],Google Cloud TTS<br>Voice: it-IT-Journey-F,AnkiLangs::IT
glass [material],il vetro,/il ˈvetro/,[sound:al_it_it_glass.mp3],Google Cloud TTS<br>Voice: it-IT-Journey-O,AnkiLangs::IT
God,Dio,/ˈdio/,[sound:al_it_it_god.mp3],Google Cloud TTS<br>Voice: it-IT-Journey-D,AnkiLangs::IT
gold,l'oro,/ˈlɔro/,[sound:al_it_it_gold.mp3],Google Cloud TTS<br>Voice: it-IT-Journey-D,AnkiLangs::IT
good,buono,/ˈbwɔno/,[sound:al_it_it_good.mp3],Google Cloud TTS<br>Voice: it-IT-Journey-O,AnkiLangs::IT
gray,grigio,/ˈɡriːdʒo/,[sound:al_it_it_gray.mp3],Google Cloud TTS<br>Voice: it-IT-Journey-O,AnkiLangs::IT
green,verde,/ˈverde/,[sound:al_it_it_green.mp3],Google Cloud TTS<br>Voice: it-IT-Journey-D,AnkiLangs::IT
happy,felice,/feˈlitʃe/,[sound:al_it_it_happy.mp3],Google Cloud TTS<br>Voice: it-IT-Journey-F,AnkiLangs::IT
hard,duro,/ˈduːro/,[sound:al_it_it_hard.mp3],Google Cloud TTS<br>Voice: it-IT-Journey-D,AnkiLangs::IT
he,lui,/ˈlui/,[sound:al_it_it_he.mp3],Google Cloud TTS<br>Voice: it-IT-Journey-D,AnkiLangs::IT
healthy,sano,/ˈsano/,[sound:al_it_it_healthy.mp3],Google Cloud TTS<br>Voice: it-IT-Journey-D,AnkiLangs::IT
heaven,il paradiso,/il paraˈdizo/,[sound:al_it_it_heaven.mp3],Google Cloud TTS<br>Voice: it-IT-Journey-O,AnkiLangs::IT
heavy,pesante,/peˈzante/,[sound:al_it_it_heavy.mp3],Google Cloud TTS<br>Voice: it-IT-Journey-D,AnkiLangs::IT
hell,l'inferno,/linˈfɛrno/,[sound:al_it_it_hell.mp3],Google Cloud TTS<br>Voice: it-IT-Journey-O,AnkiLangs::IT
high,alto,/ˈalto/,[sound:al_it_it_high.mp3],Google Cloud TTS<br>Voice: it-IT-Journey-O,AnkiLangs::IT
hot,caldo,/ˈkaldo/,[sound:al_it_it_hot.mp3],Google Cloud TTS<br>Voice: it-IT-Journey-O,AnkiLangs::IT
I,io,/ˈio/,[sound:al_it_it_i.mp3],Google Cloud TTS<br>Voice: it-IT-Journey-D,AnkiLangs::IT
it,esso,/ˈɛsso/,[sound:al_it_it_it.mp3],Google Cloud TTS<br>Voice: it-IT-Journey-O,AnkiLangs::IT
January,gennaio,/dʒenˈnajo/,[sound:al_it_it_january.mp3],Google Cloud TTS<br>Voice: it-IT-Journey-F,AnkiLangs::IT
juice,il succo,/il ˈsukko/,[sound:al_it_it_juice.mp3],Google Cloud TTS<br>Voice: it-IT-Journey-D,AnkiLangs::IT
July,luglio,/ˈluʎːo/,[sound:al_it_it_july.mp3],Google Cloud TTS<br>Voice: it-IT-Journey-D,AnkiLangs::IT
June,giugno,/ˈdʒuɲɲo/,[sound:al_it_it_june.mp3],Google Cloud TTS<br>Voice: it-IT-Journey-D,AnkiLangs::IT
left,sinistra,/siˈnistra/,[sound:al_it_it_left.mp3],Google Cloud TTS<br>Voice: it-IT-Journey-D,AnkiLangs::IT
"light [opposite of ""dark""]",chiaro,/ˈkjaro/,[sound:al_it_it_light_opposite_of_dark.mp3],Google Cloud TTS<br>Voice: it-IT-Journey-D,AnkiLangs::IT
"light [opposite of ""heavy""]",leggero,/ledˈdʒɛro/,[sound:al_it_it_light_opposite_of_heavy.mp3],Google Cloud TTS<br>Voice: it-IT-Journey-O,AnkiLangs::IT
light blue,azzurro chiaro,/adˈdzurro ˈkjaro/,[sound:al_it_it_light_blue.mp3],Google Cloud TTS<br>Voice: it-IT-Journey-O,AnkiLangs::IT
long,lungo,/ˈluŋɡo/,[sound:al_it_it_long.mp3],Google Cloud TTS<br>Voice: it-IT-Journey-O,AnkiLangs::IT
loose,largo,/ˈlarɡo/,[sound:al_it_it_loose.mp3],Google Cloud TTS<br>Voice: it-IT-Journey-D,AnkiLangs::IT
loud,forte,/ˈfɔrte/,[sound:al_it_it_loud.mp3],Google Cloud TTS<br>Voice: it-IT-Journey-O,AnkiLangs::IT
low,basso,/ˈbasso/,[sound:al_it_it_low.mp3],Google Cloud TTS<br>Voice: it-IT-Journey-D,AnkiLangs::IT
lunch,il pranzo,/il ˈprantso/,[sound:al_it_it_lunch.mp3],Google Cloud TTS<br>Voice: it-IT-Journey-O,AnkiLangs::IT
male,maschio,/ˈmaskjo/,[sound:al_it_it_male.mp3],Google Cloud TTS<br>Voice: it-IT-Journey-O,AnkiLangs::IT
March,marzo,/ˈmartso/,[sound:al_it_it_march.mp3],Google Cloud TTS<br>Voice: it-IT-Journey-O,AnkiLangs::IT
marriage,il matrimonio,/il matrimoˈnio/,[sound:al_it_it_marriage.mp3],Google Cloud TTS<br>Voice: it-IT-Journey-O,AnkiLangs::IT
material,il materiale,/il mateˈrjale/,[sound:al_it_it_material.mp3],Google Cloud TTS<br>Voice: it-IT-Journey-F,AnkiLangs::IT
May,maggio,/ˈmaddʒo/,[sound:al_it_it_may.mp3],Google Cloud TTS<br>Voice: it-IT-Journey-D,AnkiLangs::IT
mean,cattivo,/katˈtivo/,[sound:al_it_it_mean.mp3],Google Cloud TTS<br>Voice: it-IT-Journey-F,AnkiLangs::IT
medicine,la medicina,/la mediˈtʃina/,[sound:al_it_it_medicine.mp3],Google Cloud TTS<br>Voice: it-IT-Journey-O,AnkiLangs::IT
metal,il metallo,/il meˈtallo/,[sound:al_it_it_metal.mp3],Google Cloud TTS<br>Voice: it-IT-Journey-F,AnkiLangs::IT
milk,il latte,/il ˈlatte/,[sound:al_it_it_milk.mp3],Google Cloud TTS<br>Voice: it-IT-Journey-D,AnkiLangs::IT
Monday,lunedì,/luneˈdi/,[sound:al_it_it_monday.mp3],Google Cloud TTS<br>Voice: it-IT-Journey-D,AnkiLangs::IT
money,i soldi,/i ˈsoldi/,[sound:al_it_it_money.mp3],Google Cloud TTS<br>Voice: it-IT-Journey-O,AnkiLangs::IT
murder,l'omicidio,/lomiˈtʃidjo/,[sound:al_it_it_murder.mp3],Google Cloud TTS<br>Voice: it-IT-Journey-F,AnkiLangs::IT
music,la musica,/la ˈmuzika/,[sound:al_it_it_music.mp3],Google Cloud TTS<br>Voice: it-IT-Journey-F,AnkiLangs::IT
narrow,stretto,/ˈstretto/,[sound:al_it_it_narrow.mp3],Google Cloud TTS<br>Voice: it-IT-Journey-F,AnkiLangs::IT
nature,la natura,/la naˈtuːra/,[sound:al_it_it_nature.mp3],Google Cloud TTS<br>Voice: it-IT-Journey-D,AnkiLangs::IT
new,nuovo,/ˈnwɔvo/,[sound:al_it_it_new.mp3],Google Cloud TTS<br>Voice: it-IT-Journey-D,AnkiLangs::IT
nice,simpatico,/simˈpatiko/,[sound:al_it_it_nice.mp3],Google Cloud TTS<br>Voice: it-IT-Journey-F,AnkiLangs::IT
nine (9),nove,/ˈnɔve/,[sound:al_it_it_nine_9.mp3],Google Cloud TTS<br>Voice: it-IT-Journey-D,AnkiLangs::IT
nineteen (19),diciannove,/ditʃanˈnɔve/,[sound:al_it_it_nineteen_19.mp3],Google Cloud TTS<br>Voice: it-IT-Journey-D,AnkiLangs::IT
ninety (90),novanta,/noˈvanta/,[sound:al_it_it_ninety_90.mp3],Google Cloud TTS<br>Voice: it-IT-Journey-F,AnkiLangs::IT
ninety-one (91),novantuno,/novanˈtuːno/,[sound:al_it_it_ninety_one_91.mp3],Google Cloud TTS<br>Voice: it-IT-Journey-D,AnkiLangs::IT
ninety-two (92),novantadue,/novantaˈduːe/,[sound:al_it_it_ninety_two_92.mp3],Google Cloud TTS<br>Voice: it-IT-Journey-F,AnkiLangs::IT
no,no,/ˈnɔ/,[sound:al_it_it_no.mp3],Google Cloud TTS<br>Voice: it-IT-Journey-F,AnkiLangs::IT
November,novembre,/noˈvembre/,[sound:al_it_it_november.mp3],Google Cloud TTS<br>Voice: it-IT-Journey-O,AnkiLangs::IT
nuclear,nucleare,/nukleˈare/,[sound:al_it_it_nuclear.mp3],Google Cloud TTS<br>Voice: it-IT-Journey-F,AnkiLangs::IT
October,ottobre,/otˈtobre/,[sound:al_it_it_october.mp3],Google Cloud TTS<br>Voice: it-IT-Journey-D,AnkiLangs::IT
oil,l'olio,/ˈlɔljo/,[sound:al_it_it_oil.mp3],Google Cloud TTS<br>Voice: it-IT-Journey-O,AnkiLangs::IT
"old [opposite of ""new""]",vecchio,/ˈvɛkkjo/,[sound:al_it_it_old_opposite_of_new.mp3],Google Cloud TTS<br>Voice: it-IT-Journey-D,AnkiLangs::IT
"old [opposite of ""young""]",anziano,/anˈtsjaːno/,[sound:al_it_it_old_opposite_of_young.mp3],Google Cloud TTS<br>Voice: it-IT-Journey-D,AnkiLangs::IT
one (1),uno,/ˈuːno/,[sound:al_it_it_one_1.mp3],Google Cloud TTS<br>Voice: it-IT-Journey-O,AnkiLangs::IT
"one billion (1,000,000,000)",un miliardo,/un miˈljardo/,[sound:al_it_it_one_billion_1_000_000_000.mp3],Google Cloud TTS<br>Voice: it-IT-Journey-F,AnkiLangs::IT
one hundred (100),cento,/ˈtʃɛnto/,[sound:al_it_it_one_hundred_100.mp3],Google Cloud TTS<br>Voice: it-IT-Journey-D,AnkiLangs::IT
one hundred eleven (111),centoundici,/tʃɛntounˈditʃi/,[sound:al_it_it_one_hundred_eleven_111.mp3],Google Cloud TTS<br>Voice: it-IT-Journey-D,AnkiLangs::IT
one hundred one (101),centouno,/tʃɛntoˈuːno/,[sound:al_it_it_one_hundred_one_101.mp3],Google Cloud TTS<br>Voice: it-IT-Journey-D,AnkiLangs::IT
one hundred ten (110),centodieci,/tʃɛntoˈdjɛtʃi/,[sound:al_it_it_one_hundred_ten_110.mp3],Google Cloud TTS<br>Voice: it-IT-Journey-O,AnkiLangs::IT
"one hundred thousand (100,000)",centomila,/tʃɛntoˈmila/,[sound:al_it_it_one_hundred_thousand_100_000.mp3],Google Cloud TTS<br>Voice: it-IT-Journey-D,AnkiLangs::IT
one hundred two (102),centodue,/tʃɛntoˈduːe/,[sound:al_it_it_one_hundred_two_102.mp3],Google Cloud TTS<br>Voice: it-IT-Journey-O,AnkiLangs::IT
"one million (1,000,000)",un milione,/un miˈljone/,[sound:al_it_it_one_million_1_000_000.mp3],Google Cloud TTS<br>Voice: it-IT-Journey-O,AnkiLangs::IT
one thousand (1000),mille,/ˈmille/,[sound:al_it_it_one_thousand_1000.mp3],Google Cloud TTS<br>Voice: it-IT-Journey-O,AnkiLangs::IT
one thousand one (1001),milleuno,/milleˈuːno/,[sound:al_it_it_one_thousand_one_1001.mp3],Google Cloud TTS<br>Voice: it-IT-Journey-D,AnkiLangs::IT
orange,arancione,/aranˈtʃone/,[sound:al_it_it_orange.mp3],Google Cloud TTS<br>Voice: it-IT-Journey-O,AnkiLangs::IT
pain,il dolore,/il doˈlore/,[sound:al_it_it_pain.mp3],Google Cloud TTS<br>Voice: it-IT-Journey-O,AnkiLangs::IT
peace,la pace,/la ˈpatʃe/,[sound:al_it_it_peace.mp3],Google Cloud TTS<br>Voice: it-IT-Journey-F,AnkiLangs::IT
pink,rosa,/ˈroza/,[sound:al_it_it_pink.mp3],Google Cloud TTS<br>Voice: it-IT-Journey-D,AnkiLangs::IT
plastic,la plastica,/la ˈplastika/,[sound:al_it_it_plastic.mp3],Google Cloud TTS<br>Voice: it-IT-Journey-D,AnkiLangs::IT
poison,il veleno,/il veˈleno/,[sound:al_it_it_poison.mp3],Google Cloud TTS<br>Voice: it-IT-Journey-D,AnkiLangs::IT
poor,povero,/ˈpɔvero/,[sound:al_it_it_poor.mp3],Google Cloud TTS<br>Voice: it-IT-Journey-D,AnkiLangs::IT
prison,la prigione,/la priˈdʒone/,[sound:al_it_it_prison.mp3],Google Cloud TTS<br>Voice: it-IT-Journey-D,AnkiLangs::IT
quiet,silenzioso,/silentˈsjoso/,[sound:al_it_it_quiet.mp3],Google Cloud TTS<br>Voice: it-IT-Journey-D,AnkiLangs::IT
race [ethnicity],la razza,/la ˈrattsa/,[sound:al_it_it_race_ethnicity.mp3],Google Cloud TTS<br>Voice: it-IT-Journey-O,AnkiLangs::IT
race [sport],la gara,/la ˈɡara/,[sound:al_it_it_race_sport.mp3],Google Cloud TTS<br>Voice: it-IT-Journey-O,AnkiLangs::IT
red,rosso,/ˈrosso/,[sound:al_it_it_red.mp3],Google Cloud TTS<br>Voice: it-IT-Journey-O,AnkiLangs::IT
relationship,la relazione,/la relatˈtsjone/,[sound:al_it_it_relationship.mp3],Google Cloud TTS<br>Voice: it-IT-Journey-D,AnkiLangs::IT
religion,la religione,/la reliˈdʒone/,[sound:al_it_it_religion.mp3],Google Cloud TTS<br>Voice: it-IT-Journey-O,AnkiLangs::IT
rice,il riso,/il ˈrizo/,[sound:al_it_it_rice.mp3],Google Cloud TTS<br>Voice: it-IT-Journey-D,AnkiLangs::IT
rich,ricco,/ˈrikko/,[sound:al_it_it_rich.mp3],Google Cloud TTS<br>Voice: it-IT-Journey-O,AnkiLangs::IT
right,destra,/ˈdestra/,[sound:al_it_it_right.mp3],Google Cloud TTS<br>Voice: it-IT-Journey-O,AnkiLangs::IT
sad,triste,/ˈtriste/,[sound:al_it_it_sad.mp3],Google Cloud TTS<br>Voice: it-IT-Journey-O,AnkiLangs::IT
salt,il sale,/il ˈsale/,[sound:al_it_it_salt.mp3],Google Cloud TTS<br>Voice: it-IT-Journey-O,AnkiLangs::IT
Saturday,sabato,/ˈsabato/,[sound:al_it_it_saturday.mp3],Google Cloud TTS<br>Voice: it-IT-Journey-F,AnkiLangs::IT
science,la scienza,/la ˈʃɛntsa/,[sound:al_it_it_science.mp3],Google Cloud TTS<br>Voice: it-IT-Journey-O,AnkiLangs::IT
second (2nd),secondo,/seˈkondo/,[sound:al_it_it_second_2nd.mp3],Google Cloud TTS<br>Voice: it-IT-Journey-D,AnkiLangs::IT
September,settembre,/setˈtembre/,[sound:al_it_it_september.mp3],Google Cloud TTS<br>Voice: it-IT-Journey-D,AnkiLangs::IT
seven (7),sette,/ˈsɛtte/,[sound:al_it_it_seven_7.mp3],Google Cloud TTS<br>Voice: it-IT-Journey-O,AnkiLangs::IT
seventeen (17),diciassette,/ditʃasˈsɛtte/,[sound:al_it_it_seventeen_17.mp3],Google Cloud TTS<br>Voice: it-IT-Journey-F,AnkiLangs::IT
seventy (70),settanta,/setˈtanta/,[sound:al_it_it_seventy_70.mp3],Google Cloud TTS<br>Voice: it-IT-Journey-D,AnkiLangs::IT
seventy-one (71),settantuno,/settanˈtuːno/,[sound:al_it_it_seventy_one_71.mp3],Google Cloud TTS<br>Voice: it-IT-Journey-D,AnkiLangs::IT
seventy-two (72),settantadue,/settantaˈduːe/,[sound:al_it_it_seventy_two_72.mp3],Google Cloud TTS<br>Voice: it-IT-Journey-D,AnkiLangs::IT
sex [gender],il sesso,/il ˈsɛsso/,[sound:al_it_it_sex_gender.mp3],Google Cloud TTS<br>Voice: it-IT-Journey-O,AnkiLangs::IT
sex [the act],il sesso,/il ˈsɛsso/,[sound:al_it_it_sex_the_act.mp3],Google Cloud TTS<br>Voice: it-IT-Journey-D,AnkiLangs::IT
shallow,poco profondo,/ˈpɔko proˈfondo/,[sound:al_it_it_shallow.mp3],Google Cloud TTS<br>Voice: it-IT-Journey-O,AnkiLangs::IT
she,lei,/ˈlɛi/,[sound:al_it_it_she.mp3],Google Cloud TTS<br>Voice: it-IT-Journey-O,AnkiLangs::IT
"short [opposite of ""long""]",corto,/ˈkorto/,[sound:al_it_it_short_opposite_of_long.mp3],Google Cloud TTS<br>Voice: it-IT-Journey-O,AnkiLangs::IT
"short [opposite of ""tall""]",basso,/ˈbasso/,[sound:al_it_it_short_opposite_of_tall.mp3],Google Cloud TTS<br>Voice: it-IT-Journey-D,AnkiLangs::IT
sick,malato,/maˈlato/,[sound:al_it_it_sick.mp3],Google Cloud TTS<br>Voice: it-IT-Journey-O,AnkiLangs::IT
silver,l'argento,/larˈdʒɛnto/,[sound:al_it_it_silver.mp3],Google Cloud TTS<br>Voice: it-IT-Journey-F,AnkiLangs::IT
six (6),sei,/ˈsɛi/,[sound:al_it_it_six_6.mp3],Google Cloud TTS<br>Voice: it-IT-Journey-D,AnkiLangs::IT
sixteen (16),sedici,/ˈsedici/,[sound:al_it_it_sixteen_16.mp3],Google Cloud TTS<br>Voice: it-IT-Journey-D,AnkiLangs::IT
sixty (60),sessanta,/sesˈsanta/,[sound:al_it_it_sixty_60.mp3],Google Cloud TTS<br>Voice: it-IT-Journey-D,AnkiLangs::IT
sixty-one (61),sessantuno,/sessanˈtuːno/,[sound:al_it_it_sixty_one_61.mp3],Google Cloud TTS<br>Voice: it-IT-Journey-D,AnkiLangs::IT
sixty-two (62),sessantadue,/sessantaˈduːe/,[sound:al_it_it_sixty_two_62.mp3],Google Cloud TTS<br>Voice: it-IT-Journey-D,AnkiLangs::IT
slow,lento,/ˈlɛnto/,[sound:al_it_it_slow.mp3],Google Cloud TTS<br>Voice: it-IT-Journey-O,AnkiLangs::IT
small / little,piccolo,/ˈpikkolo/,[sound:al_it_it_small_little.mp3],Google Cloud TTS<br>Voice: it-IT-Journey-O,AnkiLangs::IT
soft,morbido,/ˈmɔrbido/,[sound:al_it_it_soft.mp3],Google Cloud TTS<br>Voice: it-IT-Journey-D,AnkiLangs::IT
soil/earth [ground],la terra,/la ˈtɛrra/,[sound:al_it_it_soil_earth_ground.mp3],Google Cloud TTS<br>Voice: it-IT-Journey-O,AnkiLangs::IT
space (outer space),lo spazio,/lo ˈspatt͡sjo/,[sound:al_it_it_space_outer_space.mp3],Google Cloud TTS,AnkiLangs::IT
sport,lo sport,/lo ˈspɔrt/,[sound:al_it_it_sport.mp3],Google Cloud TTS<br>Voice: it-IT-Journey-D,AnkiLangs::IT
stone,la pietra,/la ˈpjetra/,[sound:al_it_it_stone.mp3],Google Cloud TTS<br>Voice: it-IT-Journey-O,AnkiLangs::IT
straight,dritto,/ˈdritto/,[sound:al_it_it_straight.mp3],Google Cloud TTS<br>Voice: it-IT-Journey-O,AnkiLangs::IT
strong,forte,/ˈfɔrte/,[sound:al_it_it_strong.mp3],Google Cloud TTS<br>Voice: it-IT-Journey-O,AnkiLangs::IT
sugar,lo zucchero,/lo ˈdzukkero/,[sound:al_it_it_sugar.mp3],Google Cloud TTS<br>Voice: it-IT-Journey-O,AnkiLangs::IT
Sunday,domenica,/doˈmenika/,[sound:al_it_it_sunday.mp3],Google Cloud TTS<br>Voice: it-IT-Journey-F,AnkiLangs::IT
sweat,il sudore,/il suˈdore/,[sound:al_it_it_sweat.mp3],Google Cloud TTS<br>Voice: it-IT-Journey-D,AnkiLangs::IT
tall,alto,/ˈalto/,[sound:al_it_it_tall.mp3],Google Cloud TTS<br>Voice: it-IT-Journey-F,AnkiLangs::IT
tea,il tè,/il ˈtɛ/,[sound:al_it_it_tea.mp3],Google Cloud TTS<br>Voice: it-IT-Journey-O,AnkiLangs::IT
technology,la tecnologia,/la teknoloˈdʒia/,[sound:al_it_it_technology.mp3],Google Cloud TTS<br>Voice: it-IT-Journey-F,AnkiLangs::IT
temperature,la temperatura,/la temperatuˈra/,[sound:al_it_it_temperature.mp3],Google Cloud TTS<br>Voice: it-IT-Journey-D,AnkiLangs::IT
ten (10),dieci,/ˈdjɛtʃi/,[sound:al_it_it_ten_10.mp3],Google Cloud TTS<br>Voice: it-IT-Journey-D,AnkiLangs::IT
"ten thousand (10,000)",diecimila,/djɛtʃiˈmila/,[sound:al_it_it_ten_thousand_10_000.mp3],Google Cloud TTS<br>Voice: it-IT-Journey-O,AnkiLangs::IT
the (train) ticket,il biglietto (del treno),/il biʎˈʎetto (del ˈtreno)/,[sound:al_it_it_the_train_ticket.mp3],Google Cloud TTS,AnkiLangs::IT
the actor,l'attore,/latˈtore/,[sound:al_it_it_the_actor.mp3],Google Cloud TTS<br>Voice: it-IT-Journey-F,AnkiLangs::IT
the adjective,l'aggettivo,/ladːʒetˈtivo/,[sound:al_it_it_the_adjective.mp3],Google Cloud TTS<br>Voice: it-IT-Journey-F,AnkiLangs::IT
the adult,l'adulto,/laˈdul.to/,[sound:al_it_it_the_adult.mp3],Google Cloud TTS<br>Voice: it-IT-Journey-O,AnkiLangs::IT
the afternoon,il pomeriggio,/il pomeˈridːʒo/,[sound:al_it_it_the_afternoon.mp3],Google Cloud TTS<br>Voice: it-IT-Journey-F,AnkiLangs::IT
the air,l'aria,/ˈlarja/,[sound:al_it_it_the_air.mp3],Google Cloud TTS<br>Voice: it-IT-Journey-D,AnkiLangs::IT
the airport,l'aeroporto,/laeroˈpɔrto/,[sound:al_it_it_the_airport.mp3],Google Cloud TTS,AnkiLangs::IT
the animal,l'animale,/laniˈmale/,[sound:al_it_it_the_animal.mp3],Google Cloud TTS,AnkiLangs::IT
the apartment,l'appartamento,/lapːartaˈmento/,[sound:al_it_it_the_apartment.mp3],Google Cloud TTS,AnkiLangs::IT
the apple,la mela,/la ˈmela/,[sound:al_it_it_the_apple.mp3],Google Cloud TTS<br>Voice: it-IT-Journey-D,AnkiLangs::IT
the arm,il braccio,/il ˈbrattʃo/,[sound:al_it_it_the_arm.mp3],Google Cloud TTS<br>Voice: it-IT-Journey-F,AnkiLangs::IT
the army,l'esercito,/leˈzɛrtʃito/,[sound:al_it_it_the_army.mp3],Google Cloud TTS<br>Voice: it-IT-Journey-D,AnkiLangs::IT
the artist,l'artista,/larˈtista/,[sound:al_it_it_the_artist.mp3],Google Cloud TTS<br>Voice: it-IT-Journey-D,AnkiLangs::IT
the attack,l'attacco,/latˈtakko/,[sound:al_it_it_the_attack.mp3],Google Cloud TTS<br>Voice: it-IT-Journey-F,AnkiLangs::IT
the author,l'autore,/lauˈtore/,[sound:al_it_it_the_author.mp3],Google Cloud TTS<br>Voice: it-IT-Journey-D,AnkiLangs::IT
the baby,il bebè,/il beˈbɛ/,[sound:al_it_it_the_baby.mp3],Google Cloud TTS<br>Voice: it-IT-Journey-D,AnkiLangs::IT
the back [anatomy],la schiena,/la ˈskjɛna/,[sound:al_it_it_the_back_anatomy.mp3],Google Cloud TTS<br>Voice: it-IT-Journey-F,AnkiLangs::IT
the back [location],il retro,/il ˈrɛtro/,[sound:al_it_it_the_back_location.mp3],Google Cloud TTS<br>Voice: it-IT-Journey-F,AnkiLangs::IT
the bag,la borsa,/la ˈborsa/,[sound:al_it_it_the_bag.mp3],Google Cloud TTS<br>Voice: it-IT-Journey-O,AnkiLangs::IT
the ball,la palla,/la ˈpalla/,[sound:al_it_it_the_ball.mp3],Google Cloud TTS<br>Voice: it-IT-Journey-F,AnkiLangs::IT
the banana,la banana,/la baˈnana/,[sound:al_it_it_the_banana.mp3],Google Cloud TTS<br>Voice: it-IT-Journey-D,AnkiLangs::IT
the band [music],la banda,/la ˈbanda/,[sound:al_it_it_the_band_music.mp3],Google Cloud TTS<br>Voice: it-IT-Journey-O,AnkiLangs::IT
the bank,la banca,/la ˈbanka/,[sound:al_it_it_the_bank.mp3],Google Cloud TTS,AnkiLangs::IT
the bar,il bar,/il ˈbar/,[sound:al_it_it_the_bar.mp3],Google Cloud TTS,AnkiLangs::IT
the bathroom,il bagno,/il ˈbaɲɲo/,[sound:al_it_it_the_bathroom.mp3],Google Cloud TTS<br>Voice: it-IT-Journey-F,AnkiLangs::IT
the beach,la spiaggia,/la ˈspjaddʒa/,[sound:al_it_it_the_beach.mp3],Google Cloud TTS<br>Voice: it-IT-Journey-O,AnkiLangs::IT
the beard,la barba,/la ˈbarba/,[sound:al_it_it_the_beard.mp3],Google Cloud TTS<br>Voice: it-IT-Journey-D,AnkiLangs::IT
the bed,il letto,/il ˈletto/,[sound:al_it_it_the_bed.mp3],Google Cloud TTS<br>Voice: it-IT-Journey-F,AnkiLangs::IT
the bedroom,la camera da letto,/la ˈkamera da ˈletto/,[sound:al_it_it_the_bedroom.mp3],Google Cloud TTS<br>Voice: it-IT-Journey-D,AnkiLangs::IT
the beef,il manzo,/il ˈmantso/,[sound:al_it_it_the_beef.mp3],Google Cloud TTS<br>Voice: it-IT-Journey-O,AnkiLangs::IT
the beverage,la bevanda,/la beˈvanda/,[sound:al_it_it_the_beverage.mp3],Google Cloud TTS<br>Voice: it-IT-Journey-F,AnkiLangs::IT
the bicycle,la bicicletta,/la bitʃiˈkletta/,[sound:al_it_it_the_bicycle.mp3],Google Cloud TTS,AnkiLangs::IT
the bill [bank note],la banconota,/la baŋkoˈnɔta/,[sound:al_it_it_the_bill_bank_note.mp3],Google Cloud TTS<br>Voice: it-IT-Journey-O,AnkiLangs::IT
the bird,l'uccello,/luˈtʃɛllo/,[sound:al_it_it_the_bird.mp3],Google Cloud TTS,AnkiLangs::IT
the boat,la barca,/la ˈbarka/,[sound:al_it_it_the_boat.mp3],Google Cloud TTS,AnkiLangs::IT
the body,il corpo,/il ˈkɔrpo/,[sound:al_it_it_the_body.mp3],Google Cloud TTS<br>Voice: it-IT-Journey-O,AnkiLangs::IT
the bone,l'osso,/ˈlɔsso/,[sound:al_it_it_the_bone.mp3],Google Cloud TTS<br>Voice: it-IT-Journey-F,AnkiLangs::IT
the book,il libro,/il ˈlibro/,[sound:al_it_it_the_book.mp3],Google Cloud TTS<br>Voice: it-IT-Journey-O,AnkiLangs::IT
the bottle,la bottiglia,/la botˈtiʎʎa/,[sound:al_it_it_the_bottle.mp3],Google Cloud TTS<br>Voice: it-IT-Journey-D,AnkiLangs::IT
the bottom,il fondo,/il ˈfondo/,[sound:al_it_it_the_bottom.mp3],Google Cloud TTS<br>Voice: it-IT-Journey-O,AnkiLangs::IT
the box,la scatola,/la ˈskatola/,[sound:al_it_it_the_box.mp3],Google Cloud TTS<br>Voice: it-IT-Journey-D,AnkiLangs::IT
the boy,il ragazzo,/il raˈɡat.tso/,[sound:al_it_it_the_boy.mp3],Google Cloud TTS<br>Voice: it-IT-Journey-D,AnkiLangs::IT
the brain,il cervello,/il tʃerˈvɛllo/,[sound:al_it_it_the_brain.mp3],Google Cloud TTS<br>Voice: it-IT-Journey-D,AnkiLangs::IT
the bread,il pane,/il ˈpane/,[sound:al_it_it_the_bread.mp3],Google Cloud TTS<br>Voice: it-IT-Journey-O,AnkiLangs::IT
the bridge,il ponte,/il ˈponte/,[sound:al_it_it_the_bridge.mp3],Google Cloud TTS,AnkiLangs::IT
the brother,il fratello,/il fraˈtɛl.lo/,[sound:al_it_it_the_brother.mp3],Google Cloud TTS<br>Voice: it-IT-Journey-O,AnkiLangs::IT
the building,l'edificio,/lediˈfiːtʃo/,[sound:al_it_it_the_building.mp3],Google Cloud TTS,AnkiLangs::IT
the bus,l'autobus,/ˈlautoˌbus/,[sound:al_it_it_the_bus.mp3],Google Cloud TTS,AnkiLangs::IT
the cake,la torta,/la ˈtɔrta/,[sound:al_it_it_the_cake.mp3],Google Cloud TTS<br>Voice: it-IT-Journey-D,AnkiLangs::IT
the camera,la macchina fotografica,/la ˈmakkina fotoˈɡrafika/,[sound:al_it_it_the_camera.mp3],Google Cloud TTS<br>Voice: it-IT-Journey-F,AnkiLangs::IT
the camp,il campeggio,/il kamˈpedʒːo/,[sound:al_it_it_the_camp.mp3],Google Cloud TTS,AnkiLangs::IT
the car,la macchina,/la ˈmakːina/,[sound:al_it_it_the_car.mp3],Google Cloud TTS,AnkiLangs::IT
the card,la carta,/la ˈkarta/,[sound:al_it_it_the_card.mp3],Google Cloud TTS<br>Voice: it-IT-Journey-D,AnkiLangs::IT
the cat,il gatto,/il ˈɡatto/,[sound:al_it_it_the_cat.mp3],Google Cloud TTS,AnkiLangs::IT
the ceiling,il soffitto,/il sofˈfitto/,[sound:al_it_it_the_ceiling.mp3],Google Cloud TTS<br>Voice: it-IT-Journey-D,AnkiLangs::IT
the cell phone,il cellulare,/il tʃelluˈlare/,[sound:al_it_it_the_cell_phone.mp3],Google Cloud TTS<br>Voice: it-IT-Journey-D,AnkiLangs::IT
the centimeter,il centimetro,/il tʃenˈtimetro/,[sound:al_it_it_the_centimeter.mp3],Google Cloud TTS<br>Voice: it-IT-Journey-F,AnkiLangs::IT
the chair,la sedia,/la ˈsɛdja/,[sound:al_it_it_the_chair.mp3],Google Cloud TTS<br>Voice: it-IT-Journey-F,AnkiLangs::IT
the cheese,il formaggio,/il forˈmaddʒo/,[sound:al_it_it_the_cheese.mp3],Google Cloud TTS<br>Voice: it-IT-Journey-F,AnkiLangs::IT
the chicken,il pollo,/il ˈpollo/,[sound:al_it_it_the_chicken.mp3],Google Cloud TTS<br>Voice: it-IT-Journey-O,AnkiLangs::IT
the child,il bambino,/il bamˈbi.no/,[sound:al_it_it_the_child.mp3],Google Cloud TTS<br>Voice: it-IT-Journey-O,AnkiLangs::IT
the church,la chiesa,/la ˈkjɛːza/,[sound:al_it_it_the_church.mp3],Google Cloud TTS,AnkiLangs::IT
the circle,il cerchio,/il ˈtʃɛrkjo/,[sound:al_it_it_the_circle.mp3],Google Cloud TTS<br>Voice: it-IT-Journey-F,AnkiLangs::IT
the city,la città,/la tʃitˈta/,[sound:al_it_it_the_city.mp3],Google Cloud TTS,AnkiLangs::IT
the clock,l'orologio,/loroˈlɔdʒo/,[sound:al_it_it_the_clock.mp3],Google Cloud TTS<br>Voice: it-IT-Journey-D,AnkiLangs::IT
the clothing,l'abbigliamento,/labbiʎʎaˈmento/,[sound:al_it_it_the_clothing.mp3],Google Cloud TTS,AnkiLangs::IT
the club,il club,/il ˈklub/,[sound:al_it_it_the_club.mp3],Google Cloud TTS,AnkiLangs::IT
the coat,il cappotto,/il kapˈpɔtːto/,[sound:al_it_it_the_coat.mp3],Google Cloud TTS,AnkiLangs::IT
the color,il colore,/il koˈloːre/,[sound:al_it_it_the_color.mp3],Google Cloud TTS<br>Voice: it-IT-Journey-O,AnkiLangs::IT
the computer,il computer,/il komˈpjuter/,[sound:al_it_it_the_computer.mp3],Google Cloud TTS<br>Voice: it-IT-Journey-F,AnkiLangs::IT
the consonant,la consonante,/la konsoˈnante/,[sound:al_it_it_the_consonant.mp3],Google Cloud TTS<br>Voice: it-IT-Journey-F,AnkiLangs::IT
the contract,il contratto,/il konˈtratto/,[sound:al_it_it_the_contract.mp3],Google Cloud TTS<br>Voice: it-IT-Journey-D,AnkiLangs::IT
the corn,il mais,/il ˈmais/,[sound:al_it_it_the_corn.mp3],Google Cloud TTS<br>Voice: it-IT-Journey-O,AnkiLangs::IT
the corner,l'angolo,/ˈlaŋɡolo/,[sound:al_it_it_the_corner.mp3],Google Cloud TTS<br>Voice: it-IT-Journey-F,AnkiLangs::IT
"the country (USA, France, etc.)",il paese; la nazione,/il paˈɛze/ /la natˈt͡sjo.ne/,[sound:al_it_it_the_country_usa_france_etc.mp3],Google Cloud TTS<br>Voice: it-IT-Journey-D,AnkiLangs::IT
the court,il tribunale,/il tribuˈnale/,[sound:al_it_it_the_court.mp3],Google Cloud TTS,AnkiLangs::IT
the cow,la mucca,/la ˈmukka/,[sound:al_it_it_the_cow.mp3],Google Cloud TTS,AnkiLangs::IT
the crowd,la folla,/la ˈfol.la/,[sound:al_it_it_the_crowd.mp3],Google Cloud TTS<br>Voice: it-IT-Journey-D,AnkiLangs::IT
the cup,la tazza,/la ˈtattsa/,[sound:al_it_it_the_cup.mp3],Google Cloud TTS<br>Voice: it-IT-Journey-O,AnkiLangs::IT
the date,la data,/la ˈdata/,[sound:al_it_it_the_date.mp3],Google Cloud TTS<br>Voice: it-IT-Journey-O,AnkiLangs::IT
the daughter,la figlia,/la ˈfiʎ.ʎa/,[sound:al_it_it_the_daughter.mp3],Google Cloud TTS<br>Voice: it-IT-Journey-O,AnkiLangs::IT
the day,il giorno,/il ˈdʒorno/,[sound:al_it_it_the_day.mp3],Google Cloud TTS<br>Voice: it-IT-Journey-O,AnkiLangs::IT
the direction,la direzione,/la diretˈtsjone/,[sound:al_it_it_the_direction.mp3],Google Cloud TTS<br>Voice: it-IT-Journey-D,AnkiLangs::IT
the doctor,il dottore,/il dotˈtore/,[sound:al_it_it_the_doctor.mp3],Google Cloud TTS<br>Voice: it-IT-Journey-O,AnkiLangs::IT
the dog,il cane,/il ˈkane/,[sound:al_it_it_the_dog.mp3],Google Cloud TTS,AnkiLangs::IT
the dollar,il dollaro,/il ˈdɔllaro/,[sound:al_it_it_the_dollar.mp3],Google Cloud TTS<br>Voice: it-IT-Journey-O,AnkiLangs::IT
the door,la porta,/la ˈpɔrta/,[sound:al_it_it_the_door.mp3],Google Cloud TTS<br>Voice: it-IT-Journey-D,AnkiLangs::IT
the dot,il punto,/il ˈpunto/,[sound:al_it_it_the_dot.mp3],Google Cloud TTS<br>Voice: it-IT-Journey-O,AnkiLangs::IT
the dream,il sogno,/il ˈsoɲɲo/,[sound:al_it_it_the_dream.mp3],Google Cloud TTS<br>Voice: it-IT-Journey-O,AnkiLangs::IT
the dress,il vestito,/il vesˈtiːto/,[sound:al_it_it_the_dress.mp3],Google Cloud TTS,AnkiLangs::IT
the drug,la droga,/la ˈdrɔɡa/,[sound:al_it_it_the_drug.mp3],Google Cloud TTS<br>Voice: it-IT-Journey-D,AnkiLangs::IT
the ear,l'orecchio,/loreˈkkjo/,[sound:al_it_it_the_ear.mp3],Google Cloud TTS<br>Voice: it-IT-Journey-D,AnkiLangs::IT
the east,l'est,/ˈlɛst/,[sound:al_it_it_the_east.mp3],Google Cloud TTS<br>Voice: it-IT-Journey-F,AnkiLangs::IT
the edge,il bordo,/il ˈbɔrdo/,[sound:al_it_it_the_edge.mp3],Google Cloud TTS<br>Voice: it-IT-Journey-F,AnkiLangs::IT
the egg,l'uovo,/ˈlwɔvo/,[sound:al_it_it_the_egg.mp3],Google Cloud TTS<br>Voice: it-IT-Journey-F,AnkiLangs::IT
the election,l'elezione,/leletˈtsjone/,[sound:al_it_it_the_election.mp3],Google Cloud TTS<br>Voice: it-IT-Journey-O,AnkiLangs::IT
the engine,il motore,/il moˈtoːre/,[sound:al_it_it_the_engine.mp3],Google Cloud TTS,AnkiLangs::IT
the evening,la sera,/la ˈsera/,[sound:al_it_it_the_evening.mp3],Google Cloud TTS<br>Voice: it-IT-Journey-O,AnkiLangs::IT
the eye,l'occhio,/ˈlɔkkjo/,[sound:al_it_it_the_eye.mp3],Google Cloud TTS<br>Voice: it-IT-Journey-O,AnkiLangs::IT
the face,la faccia,/la ˈfattʃa/,[sound:al_it_it_the_face.mp3],Google Cloud TTS<br>Voice: it-IT-Journey-D,AnkiLangs::IT
the Fall,l'autunno,/lauˈtunno/,[sound:al_it_it_the_fall.mp3],Google Cloud TTS<br>Voice: it-IT-Journey-O,AnkiLangs::IT
the family,la famiglia,/la faˈmiʎ.ʎa/,[sound:al_it_it_the_family.mp3],Google Cloud TTS<br>Voice: it-IT-Journey-D,AnkiLangs::IT
the fan [appliance],il ventilatore,/il ventilaˈtore/,[sound:al_it_it_the_fan_appliance.mp3],Google Cloud TTS<br>Voice: it-IT-Journey-F,AnkiLangs::IT
the fan [person],il tifoso,/il tiˈfo.so/,[sound:al_it_it_the_fan_person.mp3],Google Cloud TTS<br>Voice: it-IT-Journey-O,AnkiLangs::IT
the farm,la fattoria,/la fattoˈria/,[sound:al_it_it_the_farm.mp3],Google Cloud TTS,AnkiLangs::IT
the father,il padre,/il ˈpa.dre/,[sound:al_it_it_the_father.mp3],Google Cloud TTS<br>Voice: it-IT-Journey-D,AnkiLangs::IT
the finger,il dito,/il ˈdito/,[sound:al_it_it_the_finger.mp3],Google Cloud TTS<br>Voice: it-IT-Journey-D,AnkiLangs::IT
the fire,il fuoco,/il ˈfwɔko/,[sound:al_it_it_the_fire.mp3],Google Cloud TTS<br>Voice: it-IT-Journey-D,AnkiLangs::IT
the fish,il pesce,/il ˈpeʃe/,[sound:al_it_it_the_fish.mp3],Google Cloud TTS,AnkiLangs::IT
the floor,il pavimento,/il paviˈmento/,[sound:al_it_it_the_floor.mp3],Google Cloud TTS<br>Voice: it-IT-Journey-D,AnkiLangs::IT
the flower,il fiore,/il ˈfjore/,[sound:al_it_it_the_flower.mp3],Google Cloud TTS<br>Voice: it-IT-Journey-F,AnkiLangs::IT
the foot,il piede,/il ˈpjɛde/,[sound:al_it_it_the_foot.mp3],Google Cloud TTS<br>Voice: it-IT-Journey-F,AnkiLangs::IT
the foot [measurement],il piede,/il ˈpjɛde/,[sound:al_it_it_the_foot_measurement.mp3],Google Cloud TTS<br>Voice: it-IT-Journey-F,AnkiLangs::IT
the forest,la foresta,/la foˈrɛsta/,[sound:al_it_it_the_forest.mp3],Google Cloud TTS<br>Voice: it-IT-Journey-D,AnkiLangs::IT
the fork,la forchetta,/la forˈketta/,[sound:al_it_it_the_fork.mp3],Google Cloud TTS<br>Voice: it-IT-Journey-D,AnkiLangs::IT
the friend,l'amico,/laˈmi.ko/,[sound:al_it_it_the_friend.mp3],Google Cloud TTS<br>Voice: it-IT-Journey-D,AnkiLangs::IT
the front,il davanti,/il daˈvanti/,[sound:al_it_it_the_front.mp3],Google Cloud TTS<br>Voice: it-IT-Journey-O,AnkiLangs::IT
the game,il gioco,/il ˈdʒɔko/,[sound:al_it_it_the_game.mp3],Google Cloud TTS<br>Voice: it-IT-Journey-O,AnkiLangs::IT
the garden,il giardino,/il dʒarˈdino/,[sound:al_it_it_the_garden.mp3],Google Cloud TTS<br>Voice: it-IT-Journey-F,AnkiLangs::IT
the gasoline,la benzina,/la benˈdziːna/,[sound:al_it_it_the_gasoline.mp3],Google Cloud TTS,AnkiLangs::IT
the gift,il regalo,/il reˈɡalo/,[sound:al_it_it_the_gift.mp3],Google Cloud TTS<br>Voice: it-IT-Journey-D,AnkiLangs::IT
the girl,la ragazza,/la raˈɡat.tsa/,[sound:al_it_it_the_girl.mp3],Google Cloud TTS<br>Voice: it-IT-Journey-D,AnkiLangs::IT
the grandfather,il nonno,/il ˈnon.no/,[sound:al_it_it_the_grandfather.mp3],Google Cloud TTS<br>Voice: it-IT-Journey-O,AnkiLangs::IT
the grandmother,la nonna,/la ˈnon.na/,[sound:al_it_it_the_grandmother.mp3],Google Cloud TTS<br>Voice: it-IT-Journey-D,AnkiLangs::IT
the grass,l'erba,/ˈlɛrba/,[sound:al_it_it_the_grass.mp3],Google Cloud TTS<br>Voice: it-IT-Journey-O,AnkiLangs::IT
the ground,il terreno,/il terˈreːno/,[sound:al_it_it_the_ground.mp3],Google Cloud TTS,AnkiLangs::IT
the gun,la pistola,/la pisˈtɔla/,[sound:al_it_it_the_gun.mp3],Google Cloud TTS<br>Voice: it-IT-Journey-F,AnkiLangs::IT
the hair,i capelli,/i kaˈpɛlli/,[sound:al_it_it_the_hair.mp3],Google Cloud TTS<br>Voice: it-IT-Journey-F,AnkiLangs::IT
the half,la metà,/la meˈta/,[sound:al_it_it_the_half.mp3],Google Cloud TTS<br>Voice: it-IT-Journey-O,AnkiLangs::IT
the hand,la mano,/la ˈmano/,[sound:al_it_it_the_hand.mp3],Google Cloud TTS<br>Voice: it-IT-Journey-F,AnkiLangs::IT
the hat,il cappello,/il kapˈpɛllo/,[sound:al_it_it_the_hat.mp3],Google Cloud TTS,AnkiLangs::IT
the head,la testa,/la ˈtɛsta/,[sound:al_it_it_the_head.mp3],Google Cloud TTS<br>Voice: it-IT-Journey-D,AnkiLangs::IT
the heart,il cuore,/il ˈkwɔre/,[sound:al_it_it_the_heart.mp3],Google Cloud TTS<br>Voice: it-IT-Journey-F,AnkiLangs::IT
the heat,il calore,/il kaˈlore/,[sound:al_it_it_the_heat.mp3],Google Cloud TTS<br>Voice: it-IT-Journey-D,AnkiLangs::IT
the hill,la collina,/la kolˈlina/,[sound:al_it_it_the_hill.mp3],Google Cloud TTS<br>Voice: it-IT-Journey-D,AnkiLangs::IT
the hole,il buco,/il ˈbuko/,[sound:al_it_it_the_hole.mp3],Google Cloud TTS<br>Voice: it-IT-Journey-O,AnkiLangs::IT
the horse,il cavallo,/il kaˈvallo/,[sound:al_it_it_the_horse.mp3],Google Cloud TTS,AnkiLangs::IT
the hospital,l'ospedale,/lospeˈdaːle/,[sound:al_it_it_the_hospital.mp3],Google Cloud TTS,AnkiLangs::IT
the hotel,l'hotel,/loˈtel/,[sound:al_it_it_the_hotel.mp3],Google Cloud TTS,AnkiLangs::IT
the hour,l'ora,/ˈlɔra/,[sound:al_it_it_the_hour.mp3],Google Cloud TTS<br>Voice: it-IT-Journey-O,AnkiLangs::IT
the house,la casa,/la ˈkasa/,[sound:al_it_it_the_house.mp3],Google Cloud TTS,AnkiLangs::IT
the human,l'umano,/luˈma.no/,[sound:al_it_it_the_human.mp3],Google Cloud TTS<br>Voice: it-IT-Journey-F,AnkiLangs::IT
the husband,il marito,/il maˈri.to/,[sound:al_it_it_the_husband.mp3],Google Cloud TTS<br>Voice: it-IT-Journey-O,AnkiLangs::IT
the ice,il ghiaccio,/il ˈɡjattʃo/,[sound:al_it_it_the_ice.mp3],Google Cloud TTS<br>Voice: it-IT-Journey-O,AnkiLangs::IT
the image,l'immagine,/limˈmadʒine/,[sound:al_it_it_the_image.mp3],Google Cloud TTS<br>Voice: it-IT-Journey-F,AnkiLangs::IT
the inch,il pollice,/il ˈpollitʃe/,[sound:al_it_it_the_inch.mp3],Google Cloud TTS<br>Voice: it-IT-Journey-O,AnkiLangs::IT
the injury,la ferita,/la feˈrita/,[sound:al_it_it_the_injury.mp3],Google Cloud TTS<br>Voice: it-IT-Journey-O,AnkiLangs::IT
the inside,l'interno,/linˈtɛrno/,[sound:al_it_it_the_inside.mp3],Google Cloud TTS<br>Voice: it-IT-Journey-F,AnkiLangs::IT
the instrument,lo strumento,/lo struˈmento/,[sound:al_it_it_the_instrument.mp3],Google Cloud TTS<br>Voice: it-IT-Journey-O,AnkiLangs::IT
the island,l'isola,/ˈlizola/,[sound:al_it_it_the_island.mp3],Google Cloud TTS<br>Voice: it-IT-Journey-F,AnkiLangs::IT
the job,il lavoro,/il laˈvoro/,[sound:al_it_it_the_job.mp3],Google Cloud TTS<br>Voice: it-IT-Journey-F,AnkiLangs::IT
the key,la chiave,/la ˈkjave/,[sound:al_it_it_the_key.mp3],Google Cloud TTS<br>Voice: it-IT-Journey-D,AnkiLangs::IT
the kilogram,il chilogrammo,/il kiloˈɡrammo/,[sound:al_it_it_the_kilogram.mp3],Google Cloud TTS<br>Voice: it-IT-Journey-D,AnkiLangs::IT
the king,il re,/il ˈre/,[sound:al_it_it_the_king.mp3],Google Cloud TTS<br>Voice: it-IT-Journey-O,AnkiLangs::IT
the kitchen,la cucina,/la kuˈtʃina/,[sound:al_it_it_the_kitchen.mp3],Google Cloud TTS<br>Voice: it-IT-Journey-O,AnkiLangs::IT
the knee,il ginocchio,/il dʒiˈnɔkkjo/,[sound:al_it_it_the_knee.mp3],Google Cloud TTS<br>Voice: it-IT-Journey-F,AnkiLangs::IT
the knife,il coltello,/il kolˈtɛllo/,[sound:al_it_it_the_knife.mp3],Google Cloud TTS<br>Voice: it-IT-Journey-D,AnkiLangs::IT
the lake,il lago,/il ˈlaɡo/,[sound:al_it_it_the_lake.mp3],Google Cloud TTS<br>Voice: it-IT-Journey-D,AnkiLangs::IT
the lamp,la lampada,/la ˈlampada/,[sound:al_it_it_the_lamp.mp3],Google Cloud TTS<br>Voice: it-IT-Journey-D,AnkiLangs::IT
the laptop,il portatile,/il portaˈtile/,[sound:al_it_it_the_laptop.mp3],Google Cloud TTS<br>Voice: it-IT-Journey-D,AnkiLangs::IT
the lawyer,l'avvocato,/lavvoˈkato/,[sound:al_it_it_the_lawyer.mp3],Google Cloud TTS<br>Voice: it-IT-Journey-O,AnkiLangs::IT
the leaf,la foglia,/la ˈfɔʎʎa/,[sound:al_it_it_the_leaf.mp3],Google Cloud TTS<br>Voice: it-IT-Journey-D,AnkiLangs::IT
the leg,la gamba,/la ˈɡamba/,[sound:al_it_it_the_leg.mp3],Google Cloud TTS<br>Voice: it-IT-Journey-O,AnkiLangs::IT
the lemon,il limone,/il liˈmone/,[sound:al_it_it_the_lemon.mp3],Google Cloud TTS<br>Voice: it-IT-Journey-F,AnkiLangs::IT
the letter,la lettera,/la ˈlettera/,[sound:al_it_it_the_letter.mp3],Google Cloud TTS<br>Voice: it-IT-Journey-O,AnkiLangs::IT
the library,la biblioteca,/la bibʎoˈteːka/,[sound:al_it_it_the_library.mp3],Google Cloud TTS,AnkiLangs::IT
the light,la luce,/la ˈlutʃe/,[sound:al_it_it_the_light.mp3],Google Cloud TTS<br>Voice: it-IT-Journey-D,AnkiLangs::IT
the lip,il labbro,/il ˈlabbro/,[sound:al_it_it_the_lip.mp3],Google Cloud TTS<br>Voice: it-IT-Journey-F,AnkiLangs::IT
the location,la posizione,/la poˈtsiːtsjoːne/,[sound:al_it_it_the_location.mp3],Google Cloud TTS,AnkiLangs::IT
the lock,la serratura,/la serraˈtuːra/,[sound:al_it_it_the_lock.mp3],Google Cloud TTS<br>Voice: it-IT-Journey-F,AnkiLangs::IT
the magazine,la rivista,/la riˈvista/,[sound:al_it_it_the_magazine.mp3],Google Cloud TTS<br>Voice: it-IT-Journey-O,AnkiLangs::IT
the man,l'uomo,/ˈlwɔ.mo/,[sound:al_it_it_the_man.mp3],Google Cloud TTS<br>Voice: it-IT-Journey-D,AnkiLangs::IT
the manager,il direttore,/il diretˈtore/,[sound:al_it_it_the_manager.mp3],Google Cloud TTS<br>Voice: it-IT-Journey-F,AnkiLangs::IT
the map,la mappa,/la ˈmappa/,[sound:al_it_it_the_map.mp3],Google Cloud TTS<br>Voice: it-IT-Journey-O,AnkiLangs::IT
the market,il mercato,/il merˈkaːto/,[sound:al_it_it_the_market.mp3],Google Cloud TTS,AnkiLangs::IT
the meter,il metro,/il ˈmɛtro/,[sound:al_it_it_the_meter.mp3],Google Cloud TTS<br>Voice: it-IT-Journey-F,AnkiLangs::IT
the minute,il minuto,/il miˈnuto/,[sound:al_it_it_the_minute.mp3],Google Cloud TTS<br>Voice: it-IT-Journey-O,AnkiLangs::IT
the month,il mese,/il ˈmeze/,[sound:al_it_it_the_month.mp3],Google Cloud TTS<br>Voice: it-IT-Journey-D,AnkiLangs::IT
the moon,la luna,/la ˈluːna/,[sound:al_it_it_the_moon.mp3],Google Cloud TTS<br>Voice: it-IT-Journey-O,AnkiLangs::IT
the morning,la mattina,/la matˈtina/,[sound:al_it_it_the_morning.mp3],Google Cloud TTS<br>Voice: it-IT-Journey-O,AnkiLangs::IT
the mother,la madre,/la ˈma.dre/,[sound:al_it_it_the_mother.mp3],Google Cloud TTS<br>Voice: it-IT-Journey-F,AnkiLangs::IT
the mountain,la montagna,/la monˈtaɲɲa/,[sound:al_it_it_the_mountain.mp3],Google Cloud TTS<br>Voice: it-IT-Journey-D,AnkiLangs::IT
the mouse,il topo,/il ˈtopo/,[sound:al_it_it_the_mouse.mp3],Google Cloud TTS,AnkiLangs::IT
the mouth,la bocca,/la ˈbokka/,[sound:al_it_it_the_mouth.mp3],Google Cloud TTS<br>Voice: it-IT-Journey-O,AnkiLangs::IT
the movie,il film,/il ˈfilm/,[sound:al_it_it_the_movie.mp3],Google Cloud TTS<br>Voice: it-IT-Journey-O,AnkiLangs::IT
the neck,il collo,/il ˈkollo/,[sound:al_it_it_the_neck.mp3],Google Cloud TTS<br>Voice: it-IT-Journey-F,AnkiLangs::IT
the needle,l'ago,/ˈlaɡo/,[sound:al_it_it_the_needle.mp3],Google Cloud TTS<br>Voice: it-IT-Journey-O,AnkiLangs::IT
the neighbor,il vicino,/il viˈtʃi.no/,[sound:al_it_it_the_neighbor.mp3],Google Cloud TTS<br>Voice: it-IT-Journey-O,AnkiLangs::IT
the network,la rete,/la ˈrɛte/,[sound:al_it_it_the_network.mp3],Google Cloud TTS<br>Voice: it-IT-Journey-F,AnkiLangs::IT
the newspaper,il giornale,/il dʒorˈnale/,[sound:al_it_it_the_newspaper.mp3],Google Cloud TTS<br>Voice: it-IT-Journey-D,AnkiLangs::IT
the night,la notte,/la ˈnɔtte/,[sound:al_it_it_the_night.mp3],Google Cloud TTS<br>Voice: it-IT-Journey-F,AnkiLangs::IT
the north,il nord,/il ˈnɔrd/,[sound:al_it_it_the_north.mp3],Google Cloud TTS<br>Voice: it-IT-Journey-F,AnkiLangs::IT
the nose,il naso,/il ˈnazo/,[sound:al_it_it_the_nose.mp3],Google Cloud TTS<br>Voice: it-IT-Journey-D,AnkiLangs::IT
the note,la nota,/la ˈnɔta/,[sound:al_it_it_the_note.mp3],Google Cloud TTS<br>Voice: it-IT-Journey-F,AnkiLangs::IT
the noun,il sostantivo,/il sostanˈtivo/,[sound:al_it_it_the_noun.mp3],Google Cloud TTS<br>Voice: it-IT-Journey-D,AnkiLangs::IT
the number,il numero,/il ˈnumero/,[sound:al_it_it_the_number.mp3],Google Cloud TTS<br>Voice: it-IT-Journey-O,AnkiLangs::IT
the ocean,l'oceano,/loˈtʃɛano/,[sound:al_it_it_the_ocean.mp3],Google Cloud TTS<br>Voice: it-IT-Journey-O,AnkiLangs::IT
the office,l'ufficio,/lufˈfiːtʃo/,[sound:al_it_it_the_office.mp3],Google Cloud TTS,AnkiLangs::IT
the orange,l'arancia,/laˈrantʃa/,[sound:al_it_it_the_orange.mp3],Google Cloud TTS<br>Voice: it-IT-Journey-F,AnkiLangs::IT
the outside,l'esterno,/lesˈtɛrno/,[sound:al_it_it_the_outside.mp3],Google Cloud TTS<br>Voice: it-IT-Journey-O,AnkiLangs::IT
the page,la pagina,/la ˈpadʒina/,[sound:al_it_it_the_page.mp3],Google Cloud TTS<br>Voice: it-IT-Journey-D,AnkiLangs::IT
the paint,la pittura,/la pitˈtuːra/,[sound:al_it_it_the_paint.mp3],Google Cloud TTS<br>Voice: it-IT-Journey-O,AnkiLangs::IT
the pants,i pantaloni,/i pantaˈloːni/,[sound:al_it_it_the_pants.mp3],Google Cloud TTS,AnkiLangs::IT
the paper,la carta,/la ˈkarta/,[sound:al_it_it_the_paper.mp3],Google Cloud TTS<br>Voice: it-IT-Journey-D,AnkiLangs::IT
the parent,il genitore,/il ˌdʒeniˈto.re/,[sound:al_it_it_the_parent.mp3],Google Cloud TTS<br>Voice: it-IT-Journey-D,AnkiLangs::IT
the park,il parco,/il ˈparko/,[sound:al_it_it_the_park.mp3],Google Cloud TTS,AnkiLangs::IT
the patient,il paziente,/il paˈtsjɛnte/,[sound:al_it_it_the_patient.mp3],Google Cloud TTS<br>Voice: it-IT-Journey-O,AnkiLangs::IT
the pattern,il motivo,/il moˈtivo/,[sound:al_it_it_the_pattern.mp3],Google Cloud TTS<br>Voice: it-IT-Journey-F,AnkiLangs::IT
the pen,la penna,/la ˈpɛnna/,[sound:al_it_it_the_pen.mp3],Google Cloud TTS<br>Voice: it-IT-Journey-O,AnkiLangs::IT
the pencil,la matita,/la maˈtita/,[sound:al_it_it_the_pencil.mp3],Google Cloud TTS<br>Voice: it-IT-Journey-O,AnkiLangs::IT
the person,la persona,/la perˈso.na/,[sound:al_it_it_the_person.mp3],Google Cloud TTS<br>Voice: it-IT-Journey-O,AnkiLangs::IT
the photograph,la fotografia,/la fotoɡraˈfia/,[sound:al_it_it_the_photograph.mp3],Google Cloud TTS<br>Voice: it-IT-Journey-O,AnkiLangs::IT
the piece,il pezzo,/il ˈpettso/,[sound:al_it_it_the_piece.mp3],Google Cloud TTS<br>Voice: it-IT-Journey-D,AnkiLangs::IT
the pig,il maiale,/il maˈjale/,[sound:al_it_it_the_pig.mp3],Google Cloud TTS,AnkiLangs::IT
the plane,l'aereo,/laˈɛːreo/,[sound:al_it_it_the_plane.mp3],Google Cloud TTS,AnkiLangs::IT
the plant,la pianta,/la ˈpjanta/,[sound:al_it_it_the_plant.mp3],Google Cloud TTS<br>Voice: it-IT-Journey-D,AnkiLangs::IT
the plate,il piatto,/il ˈpjatto/,[sound:al_it_it_the_plate.mp3],Google Cloud TTS<br>Voice: it-IT-Journey-F,AnkiLangs::IT
the player,il giocatore,/il dʒokaˈto.re/,[sound:al_it_it_the_player.mp3],Google Cloud TTS<br>Voice: it-IT-Journey-D,AnkiLangs::IT
the pocket,la tasca,/la ˈtaska/,[sound:al_it_it_the_pocket.mp3],Google Cloud TTS,AnkiLangs::IT
the police,la polizia,/la poliˈtsia/,[sound:al_it_it_the_police.mp3],Google Cloud TTS<br>Voice: it-IT-Journey-D,AnkiLangs::IT
the pool,la piscina,/la piʃˈʃina/,[sound:al_it_it_the_pool.mp3],Google Cloud TTS<br>Voice: it-IT-Journey-O,AnkiLangs::IT
the pork,il maiale,/il maˈjale/,[sound:al_it_it_the_pork.mp3],Google Cloud TTS<br>Voice: it-IT-Journey-O,AnkiLangs::IT
the pound,la libbra,/la ˈlibbra/,[sound:al_it_it_the_pound.mp3],Google Cloud TTS<br>Voice: it-IT-Journey-D,AnkiLangs::IT
the president,il presidente,/il preziˈdɛnte/,[sound:al_it_it_the_president.mp3],Google Cloud TTS<br>Voice: it-IT-Journey-F,AnkiLangs::IT
the price,il prezzo,/il ˈprettso/,[sound:al_it_it_the_price.mp3],Google Cloud TTS<br>Voice: it-IT-Journey-O,AnkiLangs::IT
the priest,il prete,/il ˈprɛte/,[sound:al_it_it_the_priest.mp3],Google Cloud TTS<br>Voice: it-IT-Journey-F,AnkiLangs::IT
the program,il programma,/il proˈɡramma/,[sound:al_it_it_the_program.mp3],Google Cloud TTS<br>Voice: it-IT-Journey-F,AnkiLangs::IT
the queen,la regina,/la reˈdʒi.na/,[sound:al_it_it_the_queen.mp3],Google Cloud TTS<br>Voice: it-IT-Journey-O,AnkiLangs::IT
the radio,la radio,/la ˈradjo/,[sound:al_it_it_the_radio.mp3],Google Cloud TTS<br>Voice: it-IT-Journey-D,AnkiLangs::IT
the rain,la pioggia,/la ˈpjɔddʒa/,[sound:al_it_it_the_rain.mp3],Google Cloud TTS<br>Voice: it-IT-Journey-D,AnkiLangs::IT
the reporter,il giornalista,/il dʒornaˈlista/,[sound:al_it_it_the_reporter.mp3],Google Cloud TTS<br>Voice: it-IT-Journey-F,AnkiLangs::IT
the restaurant,il ristorante,/il ristoˈrante/,[sound:al_it_it_the_restaurant.mp3],Google Cloud TTS,AnkiLangs::IT
the ring,l'anello,/laˈnɛllo/,[sound:al_it_it_the_ring.mp3],Google Cloud TTS<br>Voice: it-IT-Journey-F,AnkiLangs::IT
the river,il fiume,/il ˈfjuːme/,[sound:al_it_it_the_river.mp3],Google Cloud TTS<br>Voice: it-IT-Journey-D,AnkiLangs::IT
the roof,il tetto,/il ˈtetto/,[sound:al_it_it_the_roof.mp3],Google Cloud TTS<br>Voice: it-IT-Journey-D,AnkiLangs::IT
the room,la stanza,/la ˈstantsa/,[sound:al_it_it_the_room.mp3],Google Cloud TTS,AnkiLangs::IT
the root,la radice,/la raˈditʃe/,[sound:al_it_it_the_root.mp3],Google Cloud TTS<br>Voice: it-IT-Journey-D,AnkiLangs::IT
the sand,la sabbia,/la ˈsabbja/,[sound:al_it_it_the_sand.mp3],Google Cloud TTS<br>Voice: it-IT-Journey-O,AnkiLangs::IT
the school,la scuola,/la ˈskwɔːla/,[sound:al_it_it_the_school.mp3],Google Cloud TTS,AnkiLangs::IT
the screen,lo schermo,/lo ˈskɛrmo/,[sound:al_it_it_the_screen.mp3],Google Cloud TTS<br>Voice: it-IT-Journey-D,AnkiLangs::IT
the sea,il mare,/il ˈmare/,[sound:al_it_it_the_sea.mp3],Google Cloud TTS<br>Voice: it-IT-Journey-D,AnkiLangs::IT
the season,la stagione,/la staˈdʒone/,[sound:al_it_it_the_season.mp3],Google Cloud TTS<br>Voice: it-IT-Journey-O,AnkiLangs::IT
the second,il secondo,/il seˈkondo/,[sound:al_it_it_the_second.mp3],Google Cloud TTS<br>Voice: it-IT-Journey-F,AnkiLangs::IT
the secretary,il segretario,/il seɡreˈtarjo/,[sound:al_it_it_the_secretary.mp3],Google Cloud TTS<br>Voice: it-IT-Journey-D,AnkiLangs::IT
the seed,il seme,/il ˈseme/,[sound:al_it_it_the_seed.mp3],Google Cloud TTS<br>Voice: it-IT-Journey-O,AnkiLangs::IT
the ship,la nave,/la ˈnave/,[sound:al_it_it_the_ship.mp3],Google Cloud TTS,AnkiLangs::IT
the shirt,la camicia,/la kaˈmiːtʃa/,[sound:al_it_it_the_shirt.mp3],Google Cloud TTS,AnkiLangs::IT
the shoes,le scarpe,/le ˈskarpe/,[sound:al_it_it_the_shoes.mp3],Google Cloud TTS,AnkiLangs::IT
the shoulder,la spalla,/la ˈspalla/,[sound:al_it_it_the_shoulder.mp3],Google Cloud TTS<br>Voice: it-IT-Journey-D,AnkiLangs::IT
the side,il lato,/il ˈlato/,[sound:al_it_it_the_side.mp3],Google Cloud TTS<br>Voice: it-IT-Journey-D,AnkiLangs::IT
the sign,il cartello,/il karˈtɛllo/,[sound:al_it_it_the_sign.mp3],Google Cloud TTS<br>Voice: it-IT-Journey-O,AnkiLangs::IT
the sister,la sorella,/la soˈrɛl.la/,[sound:al_it_it_the_sister.mp3],Google Cloud TTS<br>Voice: it-IT-Journey-O,AnkiLangs::IT
the skin,la pelle,/la ˈpɛlle/,[sound:al_it_it_the_skin.mp3],Google Cloud TTS<br>Voice: it-IT-Journey-F,AnkiLangs::IT
the skirt,la gonna,/la ˈɡonːa/,[sound:al_it_it_the_skirt.mp3],Google Cloud TTS,AnkiLangs::IT
the sky,il cielo,/il ˈtʃɛlo/,[sound:al_it_it_the_sky.mp3],Google Cloud TTS<br>Voice: it-IT-Journey-O,AnkiLangs::IT
the snow,la neve,/la ˈneve/,[sound:al_it_it_the_snow.mp3],Google Cloud TTS<br>Voice: it-IT-Journey-D,AnkiLangs::IT
the soap,il sapone,/il saˈpone/,[sound:al_it_it_the_soap.mp3],Google Cloud TTS<br>Voice: it-IT-Journey-F,AnkiLangs::IT
the soldier,il soldato,/il solˈdato/,[sound:al_it_it_the_soldier.mp3],Google Cloud TTS<br>Voice: it-IT-Journey-O,AnkiLangs::IT
the son,il figlio,/il ˈfiʎ.ʎo/,[sound:al_it_it_the_son.mp3],Google Cloud TTS<br>Voice: it-IT-Journey-D,AnkiLangs::IT
the song,la canzone,/la kanˈtsone/,[sound:al_it_it_the_song.mp3],Google Cloud TTS<br>Voice: it-IT-Journey-O,AnkiLangs::IT
the sound,il suono,/il ˈswɔno/,[sound:al_it_it_the_sound.mp3],Google Cloud TTS<br>Voice: it-IT-Journey-F,AnkiLangs::IT
the soup,la zuppa,/la ˈdzuppa/,[sound:al_it_it_the_soup.mp3],Google Cloud TTS<br>Voice: it-IT-Journey-D,AnkiLangs::IT
the south,il sud,/il ˈsud/,[sound:al_it_it_the_south.mp3],Google Cloud TTS<br>Voice: it-IT-Journey-O,AnkiLangs::IT
the spoon,il cucchiaio,/il kukkˈjaːjo/,[sound:al_it_it_the_spoon.mp3],Google Cloud TTS<br>Voice: it-IT-Journey-O,AnkiLangs::IT
the Spring,la primavera,/la primaˈvera/,[sound:al_it_it_the_spring.mp3],Google Cloud TTS<br>Voice: it-IT-Journey-O,AnkiLangs::IT
the square,il quadrato,/il kwaˈdrato/,[sound:al_it_it_the_square.mp3],Google Cloud TTS<br>Voice: it-IT-Journey-D,AnkiLangs::IT
the stain,la macchia,/la ˈmakːkja/,[sound:al_it_it_the_stain.mp3],Google Cloud TTS,AnkiLangs::IT
the star,la stella,/la ˈstɛlla/,[sound:al_it_it_the_star.mp3],Google Cloud TTS<br>Voice: it-IT-Journey-O,AnkiLangs::IT
the store/shop,il negozio,/il neˈɡɔttsjo/,[sound:al_it_it_the_store_shop.mp3],Google Cloud TTS,AnkiLangs::IT
the street/road,la strada,/la ˈstraːda/,[sound:al_it_it_the_street_road.mp3],Google Cloud TTS,AnkiLangs::IT
the student,lo studente,/lo stuˈdɛnte/,[sound:al_it_it_the_student.mp3],Google Cloud TTS<br>Voice: it-IT-Journey-F,AnkiLangs::IT
the suit,il completo,/il komˈpleːto/,[sound:al_it_it_the_suit.mp3],Google Cloud TTS,AnkiLangs::IT
the Summer,l'estate,/lesˈtate/,[sound:al_it_it_the_summer.mp3],Google Cloud TTS<br>Voice: it-IT-Journey-F,AnkiLangs::IT
the sun,il sole,/il ˈsole/,[sound:al_it_it_the_sun.mp3],Google Cloud TTS<br>Voice: it-IT-Journey-O,AnkiLangs::IT
the T-shirt,la maglietta,/la maʎˈʎetːta/,[sound:al_it_it_the_t_shirt.mp3],Google Cloud TTS,AnkiLangs::IT
the table,il tavolo,/il ˈtavolo/,[sound:al_it_it_the_table.mp3],Google Cloud TTS<br>Voice: it-IT-Journey-O,AnkiLangs::IT
the teacher,l'insegnante,/linseɲˈɲante/,[sound:al_it_it_the_teacher.mp3],Google Cloud TTS<br>Voice: it-IT-Journey-F,AnkiLangs::IT
the team,la squadra,/la ˈskwadra/,[sound:al_it_it_the_team.mp3],Google Cloud TTS<br>Voice: it-IT-Journey-F,AnkiLangs::IT
the tear,la lacrima,/la ˈlakrima/,[sound:al_it_it_the_tear.mp3],Google Cloud TTS<br>Voice: it-IT-Journey-O,AnkiLangs::IT
the telephone,il telefono,/il teˈlɛfono/,[sound:al_it_it_the_telephone.mp3],Google Cloud TTS<br>Voice: it-IT-Journey-F,AnkiLangs::IT
the television,la televisione,/la televiˈzjone/,[sound:al_it_it_the_television.mp3],Google Cloud TTS<br>Voice: it-IT-Journey-D,AnkiLangs::IT
the theater,il teatro,/il teˈaːtro/,[sound:al_it_it_the_theater.mp3],Google Cloud TTS,AnkiLangs::IT
the time,il tempo,/il ˈtɛmpo/,[sound:al_it_it_the_time.mp3],Google Cloud TTS<br>Voice: it-IT-Journey-D,AnkiLangs::IT
the tire,la gomma,/la ˈɡomːa/,[sound:al_it_it_the_tire.mp3],Google Cloud TTS,AnkiLangs::IT
the toe,il dito del piede,/il ˈdito del ˈpjɛde/,[sound:al_it_it_the_toe.mp3],Google Cloud TTS<br>Voice: it-IT-Journey-D,AnkiLangs::IT
the tongue,la lingua,/la ˈliŋɡwa/,[sound:al_it_it_the_tongue.mp3],Google Cloud TTS<br>Voice: it-IT-Journey-D,AnkiLangs::IT
the tool,lo strumento,/lo struˈmento/,[sound:al_it_it_the_tool.mp3],Google Cloud TTS<br>Voice: it-IT-Journey-F,AnkiLangs::IT
the tooth,il dente,/il ˈdɛnte/,[sound:al_it_it_the_tooth.mp3],Google Cloud TTS<br>Voice: it-IT-Journey-D,AnkiLangs::IT
the top,la cima,/la ˈtʃima/,[sound:al_it_it_the_top.mp3],Google Cloud TTS<br>Voice: it-IT-Journey-O,AnkiLangs::IT
the town,la cittadina; il paese,/la tʃit.taˈdi.na/ /il paˈɛze/,[sound:al_it_it_the_town.mp3],Google Cloud TTS<br>Voice: it-IT-Journey-O,AnkiLangs::IT
the train,il treno,/il ˈtreno/,[sound:al_it_it_the_train.mp3],Google Cloud TTS,AnkiLangs::IT
the train station,la stazione dei treni,/la statˈtsjoːne dei ˈtrɛni/,[sound:al_it_it_the_train_station.mp3],Google Cloud TTS,AnkiLangs::IT
the tree,l'albero,/ˈlalbero/,[sound:al_it_it_the_tree.mp3],Google Cloud TTS<br>Voice: it-IT-Journey-O,AnkiLangs::IT
the truck,il camion,/il ˈkamjon/,[sound:al_it_it_the_truck.mp3],Google Cloud TTS,AnkiLangs::IT
the university,l'università,/luniˈversiˌta/,[sound:al_it_it_the_university.mp3],Google Cloud TTS,AnkiLangs::IT
the valley,la valle,/la ˈvalle/,[sound:al_it_it_the_valley.mp3],Google Cloud TTS<br>Voice: it-IT-Journey-D,AnkiLangs::IT
the verb,il verbo,/il ˈverbo/,[sound:al_it_it_the_verb.mp3],Google Cloud TTS<br>Voice: it-IT-Journey-O,AnkiLangs::IT
the victim,la vittima,/la ˈvit.ti.ma/,[sound:al_it_it_the_victim.mp3],Google Cloud TTS<br>Voice: it-IT-Journey-D,AnkiLangs::IT
the voice,la voce,/la ˈvotʃe/,[sound:al_it_it_the_voice.mp3],Google Cloud TTS<br>Voice: it-IT-Journey-D,AnkiLangs::IT
the vowel,la vocale,/la voˈkale/,[sound:al_it_it_the_vowel.mp3],Google Cloud TTS<br>Voice: it-IT-Journey-D,AnkiLangs::IT
the waiter,il cameriere,/il kameˈrjɛre/,[sound:al_it_it_the_waiter.mp3],Google Cloud TTS<br>Voice: it-IT-Journey-D,AnkiLangs::IT
the wall,il muro,/il ˈmuːro/,[sound:al_it_it_the_wall.mp3],Google Cloud TTS<br>Voice: it-IT-Journey-O,AnkiLangs::IT
the wave,l'onda,/ˈlonda/,[sound:al_it_it_the_wave.mp3],Google Cloud TTS<br>Voice: it-IT-Journey-O,AnkiLangs::IT
the week,la settimana,/la settiˈmana/,[sound:al_it_it_the_week.mp3],Google Cloud TTS<br>Voice: it-IT-Journey-D,AnkiLangs::IT
the west,l'ovest,/ˈlovest/,[sound:al_it_it_the_west.mp3],Google Cloud TTS<br>Voice: it-IT-Journey-D,AnkiLangs::IT
the wife,la moglie,/la ˈmoʎʎe/,[sound:al_it_it_the_wife.mp3],Google Cloud TTS<br>Voice: it-IT-Journey-O,AnkiLangs::IT
the wind,il vento,/il ˈvento/,[sound:al_it_it_the_wind.mp3],Google Cloud TTS<br>Voice: it-IT-Journey-D,AnkiLangs::IT
the window,la finestra,/la fiˈnestra/,[sound:al_it_it_the_window.mp3],Google Cloud TTS<br>Voice: it-IT-Journey-D,AnkiLangs::IT
the wing,l'ala,/ˈlala/,[sound:al_it_it_the_wing.mp3],Google Cloud TTS,AnkiLangs::IT
the Winter,l'inverno,/linˈvɛrno/,[sound:al_it_it_the_winter.mp3],Google Cloud TTS<br>Voice: it-IT-Journey-F,AnkiLangs::IT
the woman,la donna,/la ˈdon.na/,[sound:al_it_it_the_woman.mp3],Google Cloud TTS<br>Voice: it-IT-Journey-D,AnkiLangs::IT
the world,il mondo,/il ˈmondo/,[sound:al_it_it_the_world.mp3],Google Cloud TTS<br>Voice: it-IT-Journey-D,AnkiLangs::IT
the yard,il cortile,/il korˈtile/,[sound:al_it_it_the_yard.mp3],Google Cloud TTS<br>Voice: it-IT-Journey-O,AnkiLangs::IT
the year,l'anno,/ˈlanno/,[sound:al_it_it_the_year.mp3],Google Cloud TTS<br>Voice: it-IT-Journey-D,AnkiLangs::IT
they,loro,/ˈloro/,[sound:al_it_it_they.mp3],Google Cloud TTS<br>Voice: it-IT-Journey-F,AnkiLangs::IT
thick,spesso,/ˈspɛsso/,[sound:al_it_it_thick.mp3],Google Cloud TTS<br>Voice: it-IT-Journey-O,AnkiLangs::IT
thin,sottile,/sotˈtile/,[sound:al_it_it_thin.mp3],Google Cloud TTS<br>Voice: it-IT-Journey-F,AnkiLangs::IT
third (3rd),terzo,/ˈtɛrtso/,[sound:al_it_it_third_3rd.mp3],Google Cloud TTS<br>Voice: it-IT-Journey-D,AnkiLangs::IT
thirteen (13),tredici,/ˈtredici/,[sound:al_it_it_thirteen_13.mp3],Google Cloud TTS<br>Voice: it-IT-Journey-O,AnkiLangs::IT
thirty (30),trenta,/ˈtrɛnta/,[sound:al_it_it_thirty_30.mp3],Google Cloud TTS<br>Voice: it-IT-Journey-D,AnkiLangs::IT
thirty-one (31),trentuno,/trenˈtuːno/,[sound:al_it_it_thirty_one_31.mp3],Google Cloud TTS<br>Voice: it-IT-Journey-O,AnkiLangs::IT
thirty-two (32),trentadue,/trentaˈduːe/,[sound:al_it_it_thirty_two_32.mp3],Google Cloud TTS<br>Voice: it-IT-Journey-O,AnkiLangs::IT
three (3),tre,/ˈtre/,[sound:al_it_it_three_3.mp3],Google Cloud TTS<br>Voice: it-IT-Journey-O,AnkiLangs::IT
Thursday,giovedì,/dʒoveˈdi/,[sound:al_it_it_thursday.mp3],Google Cloud TTS<br>Voice: it-IT-Journey-F,AnkiLangs::IT
tight,stretto,/ˈstretto/,[sound:al_it_it_tight.mp3],Google Cloud TTS<br>Voice: it-IT-Journey-D,AnkiLangs::IT
to beat,battere,/ˈbattere/,[sound:al_it_it_to_beat.mp3],Google Cloud TTS<br>Voice: it-IT-Journey-F,AnkiLangs::IT
to bend,piegare,/pjeˈɡare/,[sound:al_it_it_to_bend.mp3],Google Cloud TTS<br>Voice: it-IT-Journey-F,AnkiLangs::IT
to break,rompere,/ˈrompere/,[sound:al_it_it_to_break.mp3],Google Cloud TTS<br>Voice: it-IT-Journey-D,AnkiLangs::IT
to build,costruire,/kostruˈire/,[sound:al_it_it_to_build.mp3],Google Cloud TTS<br>Voice: it-IT-Journey-D,AnkiLangs::IT
to burn,bruciare,/bruˈtʃare/,[sound:al_it_it_to_burn.mp3],Google Cloud TTS<br>Voice: it-IT-Journey-D,AnkiLangs::IT
to buy,comprare,/komˈprare/,[sound:al_it_it_to_buy.mp3],Google Cloud TTS<br>Voice: it-IT-Journey-O,AnkiLangs::IT
to call,chiamare,/kjaˈmare/,[sound:al_it_it_to_call.mp3],Google Cloud TTS<br>Voice: it-IT-Journey-F,AnkiLangs::IT
to carry,portare,/porˈtare/,[sound:al_it_it_to_carry.mp3],Google Cloud TTS<br>Voice: it-IT-Journey-F,AnkiLangs::IT
to catch,prendere,/ˈprɛndere/,[sound:al_it_it_to_catch.mp3],Google Cloud TTS<br>Voice: it-IT-Journey-F,AnkiLangs::IT
to clean,pulire,/puˈlire/,[sound:al_it_it_to_clean.mp3],Google Cloud TTS<br>Voice: it-IT-Journey-F,AnkiLangs::IT
to close,chiudere,/ˈkjudere/,[sound:al_it_it_to_close.mp3],Google Cloud TTS<br>Voice: it-IT-Journey-F,AnkiLangs::IT
to cook,cucinare,/kutʃiˈnare/,[sound:al_it_it_to_cook.mp3],Google Cloud TTS<br>Voice: it-IT-Journey-O,AnkiLangs::IT
to count,contare,/konˈtare/,[sound:al_it_it_to_count.mp3],Google Cloud TTS<br>Voice: it-IT-Journey-D,AnkiLangs::IT
to cry,piangere,/ˈpjandʒere/,[sound:al_it_it_to_cry.mp3],Google Cloud TTS<br>Voice: it-IT-Journey-O,AnkiLangs::IT
to cut,tagliare,/taʎˈʎare/,[sound:al_it_it_to_cut.mp3],Google Cloud TTS<br>Voice: it-IT-Journey-O,AnkiLangs::IT
to dance,ballare,/balˈlare/,[sound:al_it_it_to_dance.mp3],Google Cloud TTS<br>Voice: it-IT-Journey-O,AnkiLangs::IT
to die,morire,/moˈrire/,[sound:al_it_it_to_die.mp3],Google Cloud TTS<br>Voice: it-IT-Journey-D,AnkiLangs::IT
to dig,scavare,/skaˈvare/,[sound:al_it_it_to_dig.mp3],Google Cloud TTS<br>Voice: it-IT-Journey-D,AnkiLangs::IT
to draw,disegnare,/dizeɲˈɲare/,[sound:al_it_it_to_draw.mp3],Google Cloud TTS<br>Voice: it-IT-Journey-F,AnkiLangs::IT
to drink,bere,/ˈbere/,[sound:al_it_it_to_drink.mp3],Google Cloud TTS<br>Voice: it-IT-Journey-O,AnkiLangs::IT
to drive,guidare,/ɡwiˈdare/,[sound:al_it_it_to_drive.mp3],Google Cloud TTS<br>Voice: it-IT-Journey-F,AnkiLangs::IT
to eat,mangiare,/manˈdʒare/,[sound:al_it_it_to_eat.mp3],Google Cloud TTS<br>Voice: it-IT-Journey-D,AnkiLangs::IT
to explode,esplodere,/esˈplɔdere/,[sound:al_it_it_to_explode.mp3],Google Cloud TTS<br>Voice: it-IT-Journey-D,AnkiLangs::IT
to fall,cadere,/kaˈdere/,[sound:al_it_it_to_fall.mp3],Google Cloud TTS<br>Voice: it-IT-Journey-D,AnkiLangs::IT
to feed,nutrire,/nuˈtrire/,[sound:al_it_it_to_feed.mp3],Google Cloud TTS<br>Voice: it-IT-Journey-D,AnkiLangs::IT
to fight,combattere,/komˈbattere/,[sound:al_it_it_to_fight.mp3],Google Cloud TTS<br>Voice: it-IT-Journey-O,AnkiLangs::IT
to find,trovare,/troˈvare/,[sound:al_it_it_to_find.mp3],Google Cloud TTS<br>Voice: it-IT-Journey-F,AnkiLangs::IT
to fly,volare,/voˈlare/,[sound:al_it_it_to_fly.mp3],Google Cloud TTS<br>Voice: it-IT-Journey-D,AnkiLangs::IT
to follow,seguire,/seˈɡwire/,[sound:al_it_it_to_follow.mp3],Google Cloud TTS<br>Voice: it-IT-Journey-F,AnkiLangs::IT
to go,andare,/anˈdare/,[sound:al_it_it_to_go.mp3],Google Cloud TTS<br>Voice: it-IT-Journey-D,AnkiLangs::IT
to grow,crescere,/ˈkreʃʃere/,[sound:al_it_it_to_grow.mp3],Google Cloud TTS<br>Voice: it-IT-Journey-F,AnkiLangs::IT
to hang,appendere,/apˈpɛndere/,[sound:al_it_it_to_hang.mp3],Google Cloud TTS<br>Voice: it-IT-Journey-F,AnkiLangs::IT
to hear,sentire,/senˈtire/,[sound:al_it_it_to_hear.mp3],Google Cloud TTS<br>Voice: it-IT-Journey-D,AnkiLangs::IT
to jump,saltare,/salˈtare/,[sound:al_it_it_to_jump.mp3],Google Cloud TTS<br>Voice: it-IT-Journey-D,AnkiLangs::IT
to kill,uccidere,/utˈtʃidere/,[sound:al_it_it_to_kill.mp3],Google Cloud TTS<br>Voice: it-IT-Journey-F,AnkiLangs::IT
to kiss,baciare,/baˈtʃare/,[sound:al_it_it_to_kiss.mp3],Google Cloud TTS<br>Voice: it-IT-Journey-O,AnkiLangs::IT
to laugh,ridere,/ˈridere/,[sound:al_it_it_to_laugh.mp3],Google Cloud TTS<br>Voice: it-IT-Journey-D,AnkiLangs::IT
to learn,imparare,/impaˈrare/,[sound:al_it_it_to_learn.mp3],Google Cloud TTS<br>Voice: it-IT-Journey-D,AnkiLangs::IT
to lie down,sdraiarsi,/zdraˈjarsi/,[sound:al_it_it_to_lie_down.mp3],Google Cloud TTS<br>Voice: it-IT-Journey-O,AnkiLangs::IT
to lift,sollevare,/solleˈvare/,[sound:al_it_it_to_lift.mp3],Google Cloud TTS<br>Voice: it-IT-Journey-O,AnkiLangs::IT
to listen,ascoltare,/askolˈtare/,[sound:al_it_it_to_listen.mp3],Google Cloud TTS<br>Voice: it-IT-Journey-D,AnkiLangs::IT
to lose,perdere,/ˈpɛrdere/,[sound:al_it_it_to_lose.mp3],Google Cloud TTS<br>Voice: it-IT-Journey-D,AnkiLangs::IT
to love,amare,/aˈmare/,[sound:al_it_it_to_love.mp3],Google Cloud TTS<br>Voice: it-IT-Journey-D,AnkiLangs::IT
to marry,sposare,/spoˈzare/,[sound:al_it_it_to_marry.mp3],Google Cloud TTS<br>Voice: it-IT-Journey-D,AnkiLangs::IT
to melt,sciogliere,/ˈʃɔʎʎere/,[sound:al_it_it_to_melt.mp3],Google Cloud TTS<br>Voice: it-IT-Journey-F,AnkiLangs::IT
to mix / to stir,mescolare,/meskoˈlare/,[sound:al_it_it_to_mix_to_stir.mp3],Google Cloud TTS<br>Voice: it-IT-Journey-F,AnkiLangs::IT
to open,aprire,/aˈprire/,[sound:al_it_it_to_open.mp3],Google Cloud TTS<br>Voice: it-IT-Journey-F,AnkiLangs::IT
to pass by,passare,/pasˈsare/,[sound:al_it_it_to_pass_by.mp3],Google Cloud TTS<br>Voice: it-IT-Journey-D,AnkiLangs::IT
to pay,pagare,/paˈɡare/,[sound:al_it_it_to_pay.mp3],Google Cloud TTS<br>Voice: it-IT-Journey-F,AnkiLangs::IT
to play,giocare,/dʒoˈkare/,[sound:al_it_it_to_play.mp3],Google Cloud TTS<br>Voice: it-IT-Journey-D,AnkiLangs::IT
to pray,pregare,/preˈɡare/,[sound:al_it_it_to_pray.mp3],Google Cloud TTS<br>Voice: it-IT-Journey-D,AnkiLangs::IT
to pull,tirare,/tiˈrare/,[sound:al_it_it_to_pull.mp3],Google Cloud TTS<br>Voice: it-IT-Journey-F,AnkiLangs::IT
to push,spingere,/ˈspindʒere/,[sound:al_it_it_to_push.mp3],Google Cloud TTS<br>Voice: it-IT-Journey-D,AnkiLangs::IT
to run,correre,/ˈkorrere/,[sound:al_it_it_to_run.mp3],Google Cloud TTS<br>Voice: it-IT-Journey-F,AnkiLangs::IT
to see,vedere,/veˈdere/,[sound:al_it_it_to_see.mp3],Google Cloud TTS<br>Voice: it-IT-Journey-F,AnkiLangs::IT
to sell,vendere,/ˈvɛndere/,[sound:al_it_it_to_sell.mp3],Google Cloud TTS<br>Voice: it-IT-Journey-F,AnkiLangs::IT
to shake,scuotere,/ˈskwɔtere/,[sound:al_it_it_to_shake.mp3],Google Cloud TTS<br>Voice: it-IT-Journey-F,AnkiLangs::IT
to shoot (a gun),sparare,/spaˈrare/,[sound:al_it_it_to_shoot_a_gun.mp3],Google Cloud TTS<br>Voice: it-IT-Journey-F,AnkiLangs::IT
to sign,firmare,/firˈmare/,[sound:al_it_it_to_sign.mp3],Google Cloud TTS<br>Voice: it-IT-Journey-O,AnkiLangs::IT
to sing,cantare,/kanˈtare/,[sound:al_it_it_to_sing.mp3],Google Cloud TTS<br>Voice: it-IT-Journey-O,AnkiLangs::IT
to sit,sedersi,/seˈdersi/,[sound:al_it_it_to_sit.mp3],Google Cloud TTS<br>Voice: it-IT-Journey-O,AnkiLangs::IT
to sleep,dormire,/dorˈmire/,[sound:al_it_it_to_sleep.mp3],Google Cloud TTS<br>Voice: it-IT-Journey-O,AnkiLangs::IT
to smell,odorare,/odoˈrare/,[sound:al_it_it_to_smell.mp3],Google Cloud TTS<br>Voice: it-IT-Journey-O,AnkiLangs::IT
to smile,sorridere,/sorˈridere/,[sound:al_it_it_to_smile.mp3],Google Cloud TTS<br>Voice: it-IT-Journey-F,AnkiLangs::IT
to speak / to say,parlare,/parˈlare/,[sound:al_it_it_to_speak_to_say.mp3],Google Cloud TTS<br>Voice: it-IT-Journey-D,AnkiLangs::IT
to stand,stare in piedi,/ˈstare in ˈpjɛdi/,[sound:al_it_it_to_stand.mp3],Google Cloud TTS<br>Voice: it-IT-Journey-D,AnkiLangs::IT
to stop,fermare,/ferˈmare/,[sound:al_it_it_to_stop.mp3],Google Cloud TTS<br>Voice: it-IT-Journey-F,AnkiLangs::IT
to swim,nuotare,/nwoˈtare/,[sound:al_it_it_to_swim.mp3],Google Cloud TTS<br>Voice: it-IT-Journey-D,AnkiLangs::IT
to taste,assaggiare,/assadˈdʒare/,[sound:al_it_it_to_taste.mp3],Google Cloud TTS<br>Voice: it-IT-Journey-D,AnkiLangs::IT
to teach,insegnare,/inseɲˈɲare/,[sound:al_it_it_to_teach.mp3],Google Cloud TTS<br>Voice: it-IT-Journey-O,AnkiLangs::IT
to think,pensare,/penˈsare/,[sound:al_it_it_to_think.mp3],Google Cloud TTS<br>Voice: it-IT-Journey-O,AnkiLangs::IT
to throw,lanciare,/lanˈtʃare/,[sound:al_it_it_to_throw.mp3],Google Cloud TTS<br>Voice: it-IT-Journey-O,AnkiLangs::IT
to touch,toccare,/tokˈkare/,[sound:al_it_it_to_touch.mp3],Google Cloud TTS<br>Voice: it-IT-Journey-D,AnkiLangs::IT
to turn,girare,/dʒiˈrare/,[sound:al_it_it_to_turn.mp3],Google Cloud TTS<br>Voice: it-IT-Journey-O,AnkiLangs::IT
to wake up,svegliarsi,/sveʎˈʎarsi/,[sound:al_it_it_to_wake_up.mp3],Google Cloud TTS<br>Voice: it-IT-Journey-F,AnkiLangs::IT
to walk,camminare,/kammiˈnare/,[sound:al_it_it_to_walk.mp3],Google Cloud TTS<br>Voice: it-IT-Journey-D,AnkiLangs::IT
to wash,lavare,/laˈvare/,[sound:al_it_it_to_wash.mp3],Google Cloud TTS<br>Voice: it-IT-Journey-D,AnkiLangs::IT
to watch,guardare,/ɡwarˈdare/,[sound:al_it_it_to_watch.mp3],Google Cloud TTS<br>Voice: it-IT-Journey-O,AnkiLangs::IT
to wear,indossare,/indosˈsare/,[sound:al_it_it_to_wear.mp3],Google Cloud TTS<br>Voice: it-IT-Journey-F,AnkiLangs::IT
to win,vincere,/ˈvintʃere/,[sound:al_it_it_to_win.mp3],Google Cloud TTS<br>Voice: it-IT-Journey-O,AnkiLangs::IT
to work,lavorare,/lavoˈrare/,[sound:al_it_it_to_work.mp3],Google Cloud TTS<br>Voice: it-IT-Journey-O,AnkiLangs::IT
to write,scrivere,/ˈskrivere/,[sound:al_it_it_to_write.mp3],Google Cloud TTS<br>Voice: it-IT-Journey-D,AnkiLangs::IT
transportation,il trasporto,/il trasˈporːto/,[sound:al_it_it_transportation.mp3],Google Cloud TTS,AnkiLangs::IT
Tuesday,martedì,/marteˈdi/,[sound:al_it_it_tuesday.mp3],Google Cloud TTS<br>Voice: it-IT-Journey-D,AnkiLangs::IT
twelve (12),dodici,/ˈdodici/,[sound:al_it_it_twelve_12.mp3],Google Cloud TTS<br>Voice: it-IT-Journey-O,AnkiLangs::IT
twenty (20),venti,/ˈventi/,[sound:al_it_it_twenty_20.mp3],Google Cloud TTS<br>Voice: it-IT-Journey-D,AnkiLangs::IT
twenty-one (21),ventuno,/venˈtuːno/,[sound:al_it_it_twenty_one_21.mp3],Google Cloud TTS<br>Voice: it-IT-Journey-D,AnkiLangs::IT
twenty-two (22),ventidue,/ventiˈduːe/,[sound:al_it_it_twenty_two_22.mp3],Google Cloud TTS<br>Voice: it-IT-Journey-D,AnkiLangs::IT
two (2),due,/ˈduːe/,[sound:al_it_it_two_2.mp3],Google Cloud TTS<br>Voice: it-IT-Journey-O,AnkiLangs::IT
ugly,brutto,/ˈbrutto/,[sound:al_it_it_ugly.mp3],Google Cloud TTS<br>Voice: it-IT-Journey-D,AnkiLangs::IT
up,su,/su/,[sound:al_it_it_up.mp3],Google Cloud TTS<br>Voice: it-IT-Journey-O,AnkiLangs::IT
war,la guerra,/la ˈɡwɛrra/,[sound:al_it_it_war.mp3],Google Cloud TTS<br>Voice: it-IT-Journey-D,AnkiLangs::IT
warm,caldo,/ˈkaldo/,[sound:al_it_it_warm.mp3],Google Cloud TTS<br>Voice: it-IT-Journey-F,AnkiLangs::IT
water,l'acqua,/ˈlakkwa/,[sound:al_it_it_water.mp3],Google Cloud TTS<br>Voice: it-IT-Journey-D,AnkiLangs::IT
we,noi,/ˈnoi/,[sound:al_it_it_we.mp3],Google Cloud TTS<br>Voice: it-IT-Journey-O,AnkiLangs::IT
weak,debole,/ˈdebole/,[sound:al_it_it_weak.mp3],Google Cloud TTS<br>Voice: it-IT-Journey-D,AnkiLangs::IT
wedding,il matrimonio,/il matrimoˈnio/,[sound:al_it_it_wedding.mp3],Google Cloud TTS<br>Voice: it-IT-Journey-O,AnkiLangs::IT
Wednesday,mercoledì,/merkoˈledi/,[sound:al_it_it_wednesday.mp3],Google Cloud TTS<br>Voice: it-IT-Journey-O,AnkiLangs::IT
weight,il peso,/il ˈpezo/,[sound:al_it_it_weight.mp3],Google Cloud TTS<br>Voice: it-IT-Journey-D,AnkiLangs::IT
wet,bagnato,/baɲˈɲato/,[sound:al_it_it_wet.mp3],Google Cloud TTS<br>Voice: it-IT-Journey-O,AnkiLangs::IT
white,bianco,/ˈbjaŋko/,[sound:al_it_it_white.mp3],Google Cloud TTS<br>Voice: it-IT-Journey-O,AnkiLangs::IT
wide,largo,/ˈlarɡo/,[sound:al_it_it_wide.mp3],Google Cloud TTS<br>Voice: it-IT-Journey-D,AnkiLangs::IT
wine,il vino,/il ˈvino/,[sound:al_it_it_wine.mp3],Google Cloud TTS<br>Voice: it-IT-Journey-F,AnkiLangs::IT
wood,il legno,/il ˈleɲɲo/,[sound:al_it_it_wood.mp3],Google Cloud TTS<br>Voice: it-IT-Journey-O,AnkiLangs::IT
yellow,giallo,/ˈdʒallo/,[sound:al_it_it_yellow.mp3],Google Cloud TTS<br>Voice: it-IT-Journey-D,AnkiLangs::IT
yes,sì,/si/,[sound:al_it_it_yes.mp3],Google Cloud TTS<br>Voice: it-IT-Journey-O,AnkiLangs::IT
"you [plural, y'all]",voi,/ˈvoi/,[sound:al_it_it_you_plural_y_all.mp3],Google Cloud TTS<br>Voice: it-IT-Journey-O,AnkiLangs::IT
you [singular],tu,/tu/,[sound:al_it_it_you_singular.mp3],Google Cloud TTS<br>Voice: it-IT-Journey-O,AnkiLangs::IT
young,giovane,/ˈdʒovane/,[sound:al_it_it_young.mp3],Google Cloud TTS<br>Voice: it-IT-Journey-F,AnkiLangs::IT
