key,text:hi,ipa:hi,audio:hi,audio source:hi,tags:hi
alive,जीवित,/d͡ʒiːʋɪt̪/,[sound:al_hi_in_alive.mp3],Google Cloud TTS<br>Voice: hi-IN-Standard-A,AnkiLangs::HI
April,अप्रैल,/əpɾɛːl/,[sound:al_hi_in_april.mp3],Google Cloud TTS<br>Voice: hi-IN-Standard-A,AnkiLangs::HI
art,कला,/kəlaː/,[sound:al_hi_in_art.mp3],Google Cloud TTS<br>Voice: hi-IN-Standard-B,AnkiLangs::HI
August,अगस्त,/əɡəst̪/,[sound:al_hi_in_august.mp3],Google Cloud TTS<br>Voice: hi-IN-Standard-A,AnkiLangs::HI
bad,बुरा,/bʊɾaː/,[sound:al_hi_in_bad.mp3],Google Cloud TTS<br>Voice: hi-IN-Standard-A,AnkiLangs::HI
beautiful,सुंदर,/sʊnd̪ər/,[sound:al_hi_in_beautiful.mp3],Google Cloud TTS<br>Voice: hi-IN-Standard-A,AnkiLangs::HI
beer,बीयर,/biːjər/,[sound:al_hi_in_beer.mp3],Google Cloud TTS<br>Voice: hi-IN-Standard-A,AnkiLangs::HI
big / large,बड़ा,/bəɽaː/,[sound:al_hi_in_big_large.mp3],Google Cloud TTS<br>Voice: hi-IN-Standard-B,AnkiLangs::HI
black,काला,/kaːlaː/,[sound:al_hi_in_black.mp3],Google Cloud TTS<br>Voice: hi-IN-Standard-A,AnkiLangs::HI
blind,अंधा,/ənd̪ʱaː/,[sound:al_hi_in_blind.mp3],Google Cloud TTS<br>Voice: hi-IN-Standard-A,AnkiLangs::HI
blood,खून,/kʰuːn/,[sound:al_hi_in_blood.mp3],Google Cloud TTS<br>Voice: hi-IN-Standard-A,AnkiLangs::HI
blue,नीला,/niːlaː/,[sound:al_hi_in_blue.mp3],Google Cloud TTS<br>Voice: hi-IN-Standard-A,AnkiLangs::HI
breakfast,नाश्ता,/naːʃt̪aː/,[sound:al_hi_in_breakfast.mp3],Google Cloud TTS<br>Voice: hi-IN-Standard-A,AnkiLangs::HI
brown,भूरा,/bʱuːraː/,[sound:al_hi_in_brown.mp3],Google Cloud TTS<br>Voice: hi-IN-Standard-B,AnkiLangs::HI
cheap,सस्ता,/səst̪aː/,[sound:al_hi_in_cheap.mp3],Google Cloud TTS<br>Voice: hi-IN-Standard-A,AnkiLangs::HI
clay,मिट्टी,/mɪʈʈiː/,[sound:al_hi_in_clay.mp3],Google Cloud TTS<br>Voice: hi-IN-Standard-A,AnkiLangs::HI
clean,साफ़,/saːf/,[sound:al_hi_in_clean.mp3],Google Cloud TTS<br>Voice: hi-IN-Standard-A,AnkiLangs::HI
coffee,कॉफ़ी,/kɔfiː/,[sound:al_hi_in_coffee.mp3],Google Cloud TTS<br>Voice: hi-IN-Standard-A,AnkiLangs::HI
cold,ठंडा,/ʈʰəɳɖaː/,[sound:al_hi_in_cold.mp3],Google Cloud TTS<br>Voice: hi-IN-Standard-A,AnkiLangs::HI
cool,ठंडा,/ʈʰəɳɖaː/,[sound:al_hi_in_cool.mp3],Google Cloud TTS<br>Voice: hi-IN-Standard-A,AnkiLangs::HI
copper,ताँबा,/t̪aːmbaː/,[sound:al_hi_in_copper.mp3],Google Cloud TTS<br>Voice: hi-IN-Standard-A,AnkiLangs::HI
curved,घुमावदार,/ɡʱʊmaːʋəd̪aːr/,[sound:al_hi_in_curved.mp3],Google Cloud TTS<br>Voice: hi-IN-Standard-B,AnkiLangs::HI
dark,अँधेरा,/ənd̪ʱeːraː/,[sound:al_hi_in_dark.mp3],Google Cloud TTS<br>Voice: hi-IN-Standard-A,AnkiLangs::HI
dark blue,गहरा नीला,/ɡəhəraː niːlaː/,[sound:al_hi_in_dark_blue.mp3],Google Cloud TTS<br>Voice: hi-IN-Standard-B,AnkiLangs::HI
dead,मृत,/mɾɪt̪/,[sound:al_hi_in_dead.mp3],Google Cloud TTS<br>Voice: hi-IN-Standard-B,AnkiLangs::HI
deaf,बहरा,/bəhəraː/,[sound:al_hi_in_deaf.mp3],Google Cloud TTS<br>Voice: hi-IN-Standard-A,AnkiLangs::HI
death,मृत्यु,/mɾɪt̪jʊ/,[sound:al_hi_in_death.mp3],Google Cloud TTS<br>Voice: hi-IN-Standard-A,AnkiLangs::HI
December,दिसंबर,/d̪ɪsəmbər/,[sound:al_hi_in_december.mp3],Google Cloud TTS<br>Voice: hi-IN-Standard-B,AnkiLangs::HI
deep,गहरा,/ɡəhəraː/,[sound:al_hi_in_deep.mp3],Google Cloud TTS<br>Voice: hi-IN-Standard-B,AnkiLangs::HI
diamond,हीरा,/hiːraː/,[sound:al_hi_in_diamond.mp3],Google Cloud TTS<br>Voice: hi-IN-Standard-B,AnkiLangs::HI
dinner,रात का खाना,/raːt̪ kaː kʰaːnaː/,[sound:al_hi_in_dinner.mp3],Google Cloud TTS<br>Voice: hi-IN-Standard-A,AnkiLangs::HI
dirty,गंदा,/ɡənd̪aː/,[sound:al_hi_in_dirty.mp3],Google Cloud TTS<br>Voice: hi-IN-Standard-A,AnkiLangs::HI
disease,बीमारी,/biːmaːriː/,[sound:al_hi_in_disease.mp3],Google Cloud TTS<br>Voice: hi-IN-Standard-B,AnkiLangs::HI
down,नीचे,/niːt͡ʃeː/,[sound:al_hi_in_down.mp3],Google Cloud TTS<br>Voice: hi-IN-Standard-A,AnkiLangs::HI
dry,सूखा,/suːkʰaː/,[sound:al_hi_in_dry.mp3],Google Cloud TTS<br>Voice: hi-IN-Standard-A,AnkiLangs::HI
dust,धूल,/d̪ʱuːl/,[sound:al_hi_in_dust.mp3],Google Cloud TTS<br>Voice: hi-IN-Standard-B,AnkiLangs::HI
Earth,पृथ्वी,/pɾɪt̪ʰʋiː/,[sound:al_hi_in_earth.mp3],Google Cloud TTS<br>Voice: hi-IN-Standard-A,AnkiLangs::HI
eight (8),आठ,/aːʈʰ/,[sound:al_hi_in_eight_8.mp3],Google Cloud TTS<br>Voice: hi-IN-Standard-B,AnkiLangs::HI
eighteen (18),अठारह,/əʈʰaːrəh/,[sound:al_hi_in_eighteen_18.mp3],Google Cloud TTS<br>Voice: hi-IN-Standard-B,AnkiLangs::HI
eighty (80),अस्सी,/əssiː/,[sound:al_hi_in_eighty_80.mp3],Google Cloud TTS<br>Voice: hi-IN-Standard-B,AnkiLangs::HI
eighty-one (81),इक्यासी,/ɪkjaːsiː/,[sound:al_hi_in_eighty_one_81.mp3],Google Cloud TTS<br>Voice: hi-IN-Standard-A,AnkiLangs::HI
eighty-two (82),बयासी,/bəjaːsiː/,[sound:al_hi_in_eighty_two_82.mp3],Google Cloud TTS<br>Voice: hi-IN-Standard-B,AnkiLangs::HI
eleven (11),ग्यारह,/ɡjaːrəh/,[sound:al_hi_in_eleven_11.mp3],Google Cloud TTS<br>Voice: hi-IN-Standard-A,AnkiLangs::HI
energy,ऊर्जा,/uːrd͡ʒaː/,[sound:al_hi_in_energy.mp3],Google Cloud TTS<br>Voice: hi-IN-Standard-B,AnkiLangs::HI
exercise,व्यायाम,/ʋjaːjaːm/,[sound:al_hi_in_exercise.mp3],Google Cloud TTS<br>Voice: hi-IN-Standard-A,AnkiLangs::HI
expensive,महँगा,/məhəŋɡaː/,[sound:al_hi_in_expensive.mp3],Google Cloud TTS<br>Voice: hi-IN-Standard-B,AnkiLangs::HI
famous,प्रसिद्ध,/prəsɪd̪d̪ʱ/,[sound:al_hi_in_famous.mp3],Google Cloud TTS<br>Voice: hi-IN-Standard-B,AnkiLangs::HI
fast,तेज़,/t̪eːz/,[sound:al_hi_in_fast.mp3],Google Cloud TTS<br>Voice: hi-IN-Standard-A,AnkiLangs::HI
February,फ़रवरी,/fərʋəriː/,[sound:al_hi_in_february.mp3],Google Cloud TTS<br>Voice: hi-IN-Standard-A,AnkiLangs::HI
female,महिला,/məhɪlaː/,[sound:al_hi_in_female.mp3],Google Cloud TTS<br>Voice: hi-IN-Standard-A,AnkiLangs::HI
fifteen (15),पंद्रह,/pənd̪rəh/,[sound:al_hi_in_fifteen_15.mp3],Google Cloud TTS<br>Voice: hi-IN-Standard-A,AnkiLangs::HI
fifth (5th),पाँचवाँ,/paːnt͡ʃʋaː̃/,[sound:al_hi_in_fifth_5th.mp3],Google Cloud TTS<br>Voice: hi-IN-Standard-B,AnkiLangs::HI
fifty (50),पचास,/pət͡ʃaːs/,[sound:al_hi_in_fifty_50.mp3],Google Cloud TTS<br>Voice: hi-IN-Standard-A,AnkiLangs::HI
fifty-one (51),इक्यावन,/ɪkjaːʋən/,[sound:al_hi_in_fifty_one_51.mp3],Google Cloud TTS<br>Voice: hi-IN-Standard-A,AnkiLangs::HI
fifty-two (52),बावन,/baːʋən/,[sound:al_hi_in_fifty_two_52.mp3],Google Cloud TTS<br>Voice: hi-IN-Standard-A,AnkiLangs::HI
first (1st),पहला,/pəhlaː/,[sound:al_hi_in_first_1st.mp3],Google Cloud TTS<br>Voice: hi-IN-Standard-B,AnkiLangs::HI
five (5),पाँच,/paːnt͡ʃ/,[sound:al_hi_in_five_5.mp3],Google Cloud TTS<br>Voice: hi-IN-Standard-B,AnkiLangs::HI
flat,समतल,/səmət̪əl/,[sound:al_hi_in_flat.mp3],Google Cloud TTS<br>Voice: hi-IN-Standard-B,AnkiLangs::HI
food,खाना,/kʰaːnaː/,[sound:al_hi_in_food.mp3],Google Cloud TTS<br>Voice: hi-IN-Standard-B,AnkiLangs::HI
forty (40),चालीस,/t͡ʃaːliːs/,[sound:al_hi_in_forty_40.mp3],Google Cloud TTS<br>Voice: hi-IN-Standard-A,AnkiLangs::HI
forty-one (41),इकतालीस,/ɪkət̪aːliːs/,[sound:al_hi_in_forty_one_41.mp3],Google Cloud TTS<br>Voice: hi-IN-Standard-B,AnkiLangs::HI
forty-two (42),बयालीस,/bəjaːliːs/,[sound:al_hi_in_forty_two_42.mp3],Google Cloud TTS<br>Voice: hi-IN-Standard-B,AnkiLangs::HI
four (4),चार,/t͡ʃaːr/,[sound:al_hi_in_four_4.mp3],Google Cloud TTS<br>Voice: hi-IN-Standard-A,AnkiLangs::HI
fourteen (14),चौदह,/t͡ʃɔːd̪əh/,[sound:al_hi_in_fourteen_14.mp3],Google Cloud TTS<br>Voice: hi-IN-Standard-B,AnkiLangs::HI
fourth (4th),चौथा,/t͡ʃɔːt̪ʰaː/,[sound:al_hi_in_fourth_4th.mp3],Google Cloud TTS<br>Voice: hi-IN-Standard-A,AnkiLangs::HI
Friday,शुक्रवार,/ʃʊkrəʋaːr/,[sound:al_hi_in_friday.mp3],Google Cloud TTS<br>Voice: hi-IN-Standard-A,AnkiLangs::HI
glass [material],काँच,/kaːnt͡ʃ/,[sound:al_hi_in_glass.mp3],Google Cloud TTS<br>Voice: hi-IN-Standard-A,AnkiLangs::HI
God,ईश्वर,/iːʃʋər/,[sound:al_hi_in_god.mp3],Google Cloud TTS<br>Voice: hi-IN-Standard-A,AnkiLangs::HI
gold,सोना,/soːnaː/,[sound:al_hi_in_gold.mp3],Google Cloud TTS<br>Voice: hi-IN-Standard-B,AnkiLangs::HI
good,अच्छा,/ət͡ʃʰt͡ʃʰaː/,[sound:al_hi_in_good.mp3],Google Cloud TTS<br>Voice: hi-IN-Standard-B,AnkiLangs::HI
gray,स्लेटी,/sleːʈiː/,[sound:al_hi_in_gray.mp3],Google Cloud TTS<br>Voice: hi-IN-Standard-B,AnkiLangs::HI
green,हरा,/həraː/,[sound:al_hi_in_green.mp3],Google Cloud TTS<br>Voice: hi-IN-Standard-A,AnkiLangs::HI
happy,खुश,/kʰʊʃ/,[sound:al_hi_in_happy.mp3],Google Cloud TTS<br>Voice: hi-IN-Standard-B,AnkiLangs::HI
hard,कठोर,/kəʈʰoːr/,[sound:al_hi_in_hard.mp3],Google Cloud TTS<br>Voice: hi-IN-Standard-A,AnkiLangs::HI
he,वह,/ʋəh/,[sound:al_hi_in_he.mp3],Google Cloud TTS<br>Voice: hi-IN-Standard-A,AnkiLangs::HI
healthy,स्वस्थ,/sʋəst̪ʰ/,[sound:al_hi_in_healthy.mp3],Google Cloud TTS<br>Voice: hi-IN-Standard-A,AnkiLangs::HI
heaven,स्वर्ग,/sʋərɡ/,[sound:al_hi_in_heaven.mp3],Google Cloud TTS<br>Voice: hi-IN-Standard-B,AnkiLangs::HI
heavy,भारी,/bʱaːriː/,[sound:al_hi_in_heavy.mp3],Google Cloud TTS<br>Voice: hi-IN-Standard-B,AnkiLangs::HI
hell,नरक,/nərək/,[sound:al_hi_in_hell.mp3],Google Cloud TTS<br>Voice: hi-IN-Standard-B,AnkiLangs::HI
high,ऊँचा,/uːnt͡ʃaː/,[sound:al_hi_in_high.mp3],Google Cloud TTS<br>Voice: hi-IN-Standard-A,AnkiLangs::HI
hot,गरम,/ɡərəm/,[sound:al_hi_in_hot.mp3],Google Cloud TTS<br>Voice: hi-IN-Standard-A,AnkiLangs::HI
I,मैं,/mɛː̃/,[sound:al_hi_in_i.mp3],Google Cloud TTS<br>Voice: hi-IN-Standard-B,AnkiLangs::HI
it,यह,/jəh/,[sound:al_hi_in_it.mp3],Google Cloud TTS<br>Voice: hi-IN-Standard-A,AnkiLangs::HI
January,जनवरी,/d͡ʒənʋəriː/,[sound:al_hi_in_january.mp3],Google Cloud TTS<br>Voice: hi-IN-Standard-B,AnkiLangs::HI
juice,रस,/rəs/,[sound:al_hi_in_juice.mp3],Google Cloud TTS<br>Voice: hi-IN-Standard-B,AnkiLangs::HI
July,जुलाई,/d͡ʒʊlaːiː/,[sound:al_hi_in_july.mp3],Google Cloud TTS<br>Voice: hi-IN-Standard-B,AnkiLangs::HI
June,जून,/d͡ʒuːn/,[sound:al_hi_in_june.mp3],Google Cloud TTS<br>Voice: hi-IN-Standard-A,AnkiLangs::HI
left,बायाँ,/baːjaː̃/,[sound:al_hi_in_left.mp3],Google Cloud TTS<br>Voice: hi-IN-Standard-B,AnkiLangs::HI
"light [opposite of ""dark""]",उजाला,/ʊd͡ʒaːlaː/,[sound:al_hi_in_light_opposite_of_dark.mp3],Google Cloud TTS<br>Voice: hi-IN-Standard-A,AnkiLangs::HI
"light [opposite of ""heavy""]",हल्का,/həlkaː/,[sound:al_hi_in_light_opposite_of_heavy.mp3],Google Cloud TTS<br>Voice: hi-IN-Standard-A,AnkiLangs::HI
light blue,हल्का नीला,/həlkaː niːlaː/,[sound:al_hi_in_light_blue.mp3],Google Cloud TTS<br>Voice: hi-IN-Standard-B,AnkiLangs::HI
long,लंबा,/ləmbaː/,[sound:al_hi_in_long.mp3],Google Cloud TTS<br>Voice: hi-IN-Standard-B,AnkiLangs::HI
loose,ढीला,/ɖʱiːlaː/,[sound:al_hi_in_loose.mp3],Google Cloud TTS<br>Voice: hi-IN-Standard-B,AnkiLangs::HI
loud,तेज़,/t̪eːz/,[sound:al_hi_in_loud.mp3],Google Cloud TTS<br>Voice: hi-IN-Standard-B,AnkiLangs::HI
low,नीचा,/niːt͡ʃaː/,[sound:al_hi_in_low.mp3],Google Cloud TTS<br>Voice: hi-IN-Standard-A,AnkiLangs::HI
lunch,दोपहर का खाना,/d̪oːpəhər kaː kʰaːnaː/,[sound:al_hi_in_lunch.mp3],Google Cloud TTS<br>Voice: hi-IN-Standard-A,AnkiLangs::HI
male,पुरुष,/pʊrʊʃ/,[sound:al_hi_in_male.mp3],Google Cloud TTS<br>Voice: hi-IN-Standard-B,AnkiLangs::HI
March,मार्च,/maːrt͡ʃ/,[sound:al_hi_in_march.mp3],Google Cloud TTS<br>Voice: hi-IN-Standard-A,AnkiLangs::HI
marriage,विवाह,/ʋɪʋaːh/,[sound:al_hi_in_marriage.mp3],Google Cloud TTS<br>Voice: hi-IN-Standard-A,AnkiLangs::HI
material,सामग्री,/saːməɡriː/,[sound:al_hi_in_material.mp3],Google Cloud TTS<br>Voice: hi-IN-Standard-A,AnkiLangs::HI
May,मई,/məiː/,[sound:al_hi_in_may.mp3],Google Cloud TTS<br>Voice: hi-IN-Standard-A,AnkiLangs::HI
mean,मतलब,/mət̪ləb/,[sound:al_hi_in_mean.mp3],Google Cloud TTS<br>Voice: hi-IN-Standard-A,AnkiLangs::HI
medicine,दवा,/d̪əʋaː/,[sound:al_hi_in_medicine.mp3],Google Cloud TTS<br>Voice: hi-IN-Standard-B,AnkiLangs::HI
metal,धातु,/d̪ʱaːt̪ʊ/,[sound:al_hi_in_metal.mp3],Google Cloud TTS<br>Voice: hi-IN-Standard-A,AnkiLangs::HI
milk,दूध,/d̪uːd̪ʱ/,[sound:al_hi_in_milk.mp3],Google Cloud TTS<br>Voice: hi-IN-Standard-B,AnkiLangs::HI
Monday,सोमवार,/soːmʋaːr/,[sound:al_hi_in_monday.mp3],Google Cloud TTS<br>Voice: hi-IN-Standard-B,AnkiLangs::HI
money,पैसा,/pɛːsaː/,[sound:al_hi_in_money.mp3],Google Cloud TTS<br>Voice: hi-IN-Standard-B,AnkiLangs::HI
murder,हत्या,/hət̪jaː/,[sound:al_hi_in_murder.mp3],Google Cloud TTS<br>Voice: hi-IN-Standard-B,AnkiLangs::HI
music,संगीत,/səŋɡiːt̪/,[sound:al_hi_in_music.mp3],Google Cloud TTS<br>Voice: hi-IN-Standard-A,AnkiLangs::HI
narrow,संकीर्ण,/səŋkiːrɳ/,[sound:al_hi_in_narrow.mp3],Google Cloud TTS<br>Voice: hi-IN-Standard-A,AnkiLangs::HI
nature,प्रकृति,/prəkɾɪt̪ɪ/,[sound:al_hi_in_nature.mp3],Google Cloud TTS<br>Voice: hi-IN-Standard-B,AnkiLangs::HI
new,नया,/nəjaː/,[sound:al_hi_in_new.mp3],Google Cloud TTS<br>Voice: hi-IN-Standard-B,AnkiLangs::HI
nice,अच्छा,/ət͡ʃʰt͡ʃʰaː/,[sound:al_hi_in_nice.mp3],Google Cloud TTS<br>Voice: hi-IN-Standard-A,AnkiLangs::HI
nine (9),नौ,/nɔː/,[sound:al_hi_in_nine_9.mp3],Google Cloud TTS<br>Voice: hi-IN-Standard-B,AnkiLangs::HI
nineteen (19),उन्नीस,/ʊnniːs/,[sound:al_hi_in_nineteen_19.mp3],Google Cloud TTS<br>Voice: hi-IN-Standard-B,AnkiLangs::HI
ninety (90),नब्बे,/nəbbeː/,[sound:al_hi_in_ninety_90.mp3],Google Cloud TTS<br>Voice: hi-IN-Standard-A,AnkiLangs::HI
ninety-one (91),इक्यानवे,/ɪkjaːnəʋeː/,[sound:al_hi_in_ninety_one_91.mp3],Google Cloud TTS<br>Voice: hi-IN-Standard-B,AnkiLangs::HI
ninety-two (92),बानवे,/baːnəʋeː/,[sound:al_hi_in_ninety_two_92.mp3],Google Cloud TTS<br>Voice: hi-IN-Standard-A,AnkiLangs::HI
no,नहीं,/nəhiː̃/,[sound:al_hi_in_no.mp3],Google Cloud TTS<br>Voice: hi-IN-Standard-B,AnkiLangs::HI
November,नवंबर,/nəʋəmbər/,[sound:al_hi_in_november.mp3],Google Cloud TTS<br>Voice: hi-IN-Standard-A,AnkiLangs::HI
nuclear,परमाणु,/pərəmaːɳʊ/,[sound:al_hi_in_nuclear.mp3],Google Cloud TTS<br>Voice: hi-IN-Standard-A,AnkiLangs::HI
October,अक्टूबर,/əkʈuːbər/,[sound:al_hi_in_october.mp3],Google Cloud TTS<br>Voice: hi-IN-Standard-B,AnkiLangs::HI
oil,तेल,/t̪eːl/,[sound:al_hi_in_oil.mp3],Google Cloud TTS<br>Voice: hi-IN-Standard-A,AnkiLangs::HI
"old [opposite of ""new""]",पुराना,/pʊraːnaː/,[sound:al_hi_in_old_opposite_of_new.mp3],Google Cloud TTS<br>Voice: hi-IN-Standard-A,AnkiLangs::HI
"old [opposite of ""young""]",बूढ़ा,/buːɽʱaː/,[sound:al_hi_in_old_opposite_of_young.mp3],Google Cloud TTS<br>Voice: hi-IN-Standard-B,AnkiLangs::HI
one (1),एक,/eːk/,[sound:al_hi_in_one_1.mp3],Google Cloud TTS<br>Voice: hi-IN-Standard-A,AnkiLangs::HI
"one billion (1,000,000,000)",एक अरब,/eːk ərəb/,[sound:al_hi_in_one_billion_1_000_000_000.mp3],Google Cloud TTS<br>Voice: hi-IN-Standard-A,AnkiLangs::HI
one hundred (100),एक सौ,/eːk sɔː/,[sound:al_hi_in_one_hundred_100.mp3],Google Cloud TTS<br>Voice: hi-IN-Standard-B,AnkiLangs::HI
one hundred eleven (111),एक सौ ग्यारह,/eːk sɔː ɡjaːrəh/,[sound:al_hi_in_one_hundred_eleven_111.mp3],Google Cloud TTS<br>Voice: hi-IN-Standard-B,AnkiLangs::HI
one hundred one (101),एक सौ एक,/eːk sɔː eːk/,[sound:al_hi_in_one_hundred_one_101.mp3],Google Cloud TTS<br>Voice: hi-IN-Standard-A,AnkiLangs::HI
one hundred ten (110),एक सौ दस,/eːk sɔː d̪əs/,[sound:al_hi_in_one_hundred_ten_110.mp3],Google Cloud TTS<br>Voice: hi-IN-Standard-A,AnkiLangs::HI
"one hundred thousand (100,000)",एक लाख,/eːk laːkʰ/,[sound:al_hi_in_one_hundred_thousand_100_000.mp3],Google Cloud TTS<br>Voice: hi-IN-Standard-B,AnkiLangs::HI
one hundred two (102),एक सौ दो,/eːk sɔː d̪oː/,[sound:al_hi_in_one_hundred_two_102.mp3],Google Cloud TTS<br>Voice: hi-IN-Standard-B,AnkiLangs::HI
"one million (1,000,000)",दस लाख,/d̪əs laːkʰ/,[sound:al_hi_in_one_million_1_000_000.mp3],Google Cloud TTS<br>Voice: hi-IN-Standard-A,AnkiLangs::HI
one thousand (1000),एक हज़ार,/eːk həzaːr/,[sound:al_hi_in_one_thousand_1000.mp3],Google Cloud TTS<br>Voice: hi-IN-Standard-A,AnkiLangs::HI
one thousand one (1001),एक हज़ार एक,/eːk həzaːr eːk/,[sound:al_hi_in_one_thousand_one_1001.mp3],Google Cloud TTS<br>Voice: hi-IN-Standard-A,AnkiLangs::HI
orange,नारंगी,/naːrəŋɡiː/,[sound:al_hi_in_orange.mp3],Google Cloud TTS<br>Voice: hi-IN-Standard-A,AnkiLangs::HI
pain,दर्द,/d̪ərd̪/,[sound:al_hi_in_pain.mp3],Google Cloud TTS<br>Voice: hi-IN-Standard-A,AnkiLangs::HI
peace,शांति,/ʃaːnt̪ɪ/,[sound:al_hi_in_peace.mp3],Google Cloud TTS<br>Voice: hi-IN-Standard-B,AnkiLangs::HI
pink,गुलाबी,/ɡʊlaːbiː/,[sound:al_hi_in_pink.mp3],Google Cloud TTS<br>Voice: hi-IN-Standard-A,AnkiLangs::HI
plastic,प्लास्टिक,/plaːsʈɪk/,[sound:al_hi_in_plastic.mp3],Google Cloud TTS<br>Voice: hi-IN-Standard-A,AnkiLangs::HI
poison,ज़हर,/zəhər/,[sound:al_hi_in_poison.mp3],Google Cloud TTS<br>Voice: hi-IN-Standard-A,AnkiLangs::HI
poor,गरीब,/ɡəriːb/,[sound:al_hi_in_poor.mp3],Google Cloud TTS<br>Voice: hi-IN-Standard-B,AnkiLangs::HI
prison,जेल,/d͡ʒeːl/,[sound:al_hi_in_prison.mp3],Google Cloud TTS<br>Voice: hi-IN-Standard-A,AnkiLangs::HI
quiet,शांत,/ʃaːnt̪/,[sound:al_hi_in_quiet.mp3],Google Cloud TTS<br>Voice: hi-IN-Standard-B,AnkiLangs::HI
race [human group],नस्ल,/nəsl/,[sound:al_hi_in_race_ethnicity.mp3],Google Cloud TTS<br>Voice: hi-IN-Standard-B,AnkiLangs::HI
race [sport],दौड़,/d̪ɔːɽ/,[sound:al_hi_in_race_sport.mp3],Google Cloud TTS<br>Voice: hi-IN-Standard-A,AnkiLangs::HI
red,लाल,/laːl/,[sound:al_hi_in_red.mp3],Google Cloud TTS<br>Voice: hi-IN-Standard-A,AnkiLangs::HI
relationship,रिश्ता,/rɪʃt̪aː/,[sound:al_hi_in_relationship.mp3],Google Cloud TTS<br>Voice: hi-IN-Standard-B,AnkiLangs::HI
religion,धर्म,/d̪ʱərm/,[sound:al_hi_in_religion.mp3],Google Cloud TTS<br>Voice: hi-IN-Standard-B,AnkiLangs::HI
rice,चावल,/t͡ʃaːʋəl/,[sound:al_hi_in_rice.mp3],Google Cloud TTS<br>Voice: hi-IN-Standard-B,AnkiLangs::HI
rich,अमीर,/əmiːr/,[sound:al_hi_in_rich.mp3],Google Cloud TTS<br>Voice: hi-IN-Standard-B,AnkiLangs::HI
right [direction],दाहिना,/d̪aːhɪnaː/,[sound:al_hi_in_right.mp3],Google Cloud TTS<br>Voice: hi-IN-Standard-B,AnkiLangs::HI
sad,उदास,/ʊd̪aːs/,[sound:al_hi_in_sad.mp3],Google Cloud TTS<br>Voice: hi-IN-Standard-A,AnkiLangs::HI
salt,नमक,/nəmək/,[sound:al_hi_in_salt.mp3],Google Cloud TTS<br>Voice: hi-IN-Standard-A,AnkiLangs::HI
Saturday,शनिवार,/ʃənɪʋaːr/,[sound:al_hi_in_saturday.mp3],Google Cloud TTS<br>Voice: hi-IN-Standard-A,AnkiLangs::HI
science,विज्ञान,/ʋɪd͡ʒɲaːn/,[sound:al_hi_in_science.mp3],Google Cloud TTS<br>Voice: hi-IN-Standard-A,AnkiLangs::HI
second (2nd),दूसरा,/d̪uːsraː/,[sound:al_hi_in_second_2nd.mp3],Google Cloud TTS<br>Voice: hi-IN-Standard-B,AnkiLangs::HI
September,सितंबर,/sɪt̪əmbər/,[sound:al_hi_in_september.mp3],Google Cloud TTS<br>Voice: hi-IN-Standard-A,AnkiLangs::HI
seven (7),सात,/saːt̪/,[sound:al_hi_in_seven_7.mp3],Google Cloud TTS<br>Voice: hi-IN-Standard-A,AnkiLangs::HI
seventeen (17),सत्रह,/sət̪rəh/,[sound:al_hi_in_seventeen_17.mp3],Google Cloud TTS<br>Voice: hi-IN-Standard-A,AnkiLangs::HI
seventy (70),सत्तर,/sət̪t̪ər/,[sound:al_hi_in_seventy_70.mp3],Google Cloud TTS<br>Voice: hi-IN-Standard-A,AnkiLangs::HI
seventy-one (71),इकहत्तर,/ɪkəhət̪t̪ər/,[sound:al_hi_in_seventy_one_71.mp3],Google Cloud TTS<br>Voice: hi-IN-Standard-A,AnkiLangs::HI
seventy-two (72),बहत्तर,/bəhət̪t̪ər/,[sound:al_hi_in_seventy_two_72.mp3],Google Cloud TTS<br>Voice: hi-IN-Standard-A,AnkiLangs::HI
sex [gender],लिंग,/lɪŋɡ/,[sound:al_hi_in_sex_gender.mp3],Google Cloud TTS<br>Voice: hi-IN-Standard-A,AnkiLangs::HI
sex [the act],यौन संबंध,/jɔːn səmbənd̪ʱ/,[sound:al_hi_in_sex_the_act.mp3],Google Cloud TTS<br>Voice: hi-IN-Standard-A,AnkiLangs::HI
shallow,उथला,/ʊt̪ʰlaː/,[sound:al_hi_in_shallow.mp3],Google Cloud TTS<br>Voice: hi-IN-Standard-A,AnkiLangs::HI
she,वह,/ʋəh/,[sound:al_hi_in_she.mp3],Google Cloud TTS<br>Voice: hi-IN-Standard-B,AnkiLangs::HI
"short [opposite of ""long""]",छोटा,/t͡ʃʰoːʈaː/,[sound:al_hi_in_short_opposite_of_long.mp3],Google Cloud TTS<br>Voice: hi-IN-Standard-A,AnkiLangs::HI
"short [opposite of ""tall""]",नाटा,/naːʈaː/,[sound:al_hi_in_short_opposite_of_tall.mp3],Google Cloud TTS<br>Voice: hi-IN-Standard-A,AnkiLangs::HI
sick,बीमार,/biːmaːr/,[sound:al_hi_in_sick.mp3],Google Cloud TTS<br>Voice: hi-IN-Standard-B,AnkiLangs::HI
silver,चाँदी,/t͡ʃaːnd̪iː/,[sound:al_hi_in_silver.mp3],Google Cloud TTS<br>Voice: hi-IN-Standard-B,AnkiLangs::HI
six (6),छह,/t͡ʃʰəh/,[sound:al_hi_in_six_6.mp3],Google Cloud TTS<br>Voice: hi-IN-Standard-A,AnkiLangs::HI
sixteen (16),सोलह,/soːləh/,[sound:al_hi_in_sixteen_16.mp3],Google Cloud TTS<br>Voice: hi-IN-Standard-A,AnkiLangs::HI
sixty (60),साठ,/saːʈʰ/,[sound:al_hi_in_sixty_60.mp3],Google Cloud TTS<br>Voice: hi-IN-Standard-B,AnkiLangs::HI
sixty-one (61),इकसठ,/ɪkəsəʈʰ/,[sound:al_hi_in_sixty_one_61.mp3],Google Cloud TTS<br>Voice: hi-IN-Standard-A,AnkiLangs::HI
sixty-two (62),बासठ,/baːsəʈʰ/,[sound:al_hi_in_sixty_two_62.mp3],Google Cloud TTS<br>Voice: hi-IN-Standard-B,AnkiLangs::HI
slow,धीमा,/d̪ʱiːmaː/,[sound:al_hi_in_slow.mp3],Google Cloud TTS<br>Voice: hi-IN-Standard-B,AnkiLangs::HI
small / little,छोटा,/t͡ʃʰoːʈaː/,[sound:al_hi_in_small_little.mp3],Google Cloud TTS<br>Voice: hi-IN-Standard-A,AnkiLangs::HI
soft,मुलायम,/mʊlaːjəm/,[sound:al_hi_in_soft.mp3],Google Cloud TTS<br>Voice: hi-IN-Standard-A,AnkiLangs::HI
soil/earth [ground],मिट्टी,/mɪʈʈiː/,[sound:al_hi_in_soil_earth_ground.mp3],Google Cloud TTS<br>Voice: hi-IN-Standard-A,AnkiLangs::HI
space (outer space),अंतरिक्ष,/ənt̪ərɪkʃ/,[sound:al_hi_in_space_outer_space.mp3],Google Cloud TTS<br>Voice: hi-IN-Standard-B,AnkiLangs::HI
sport,खेल,/kʰeːl/,[sound:al_hi_in_sport.mp3],Google Cloud TTS<br>Voice: hi-IN-Standard-B,AnkiLangs::HI
stone,पत्थर,/pət̪t̪ʰər/,[sound:al_hi_in_stone.mp3],Google Cloud TTS<br>Voice: hi-IN-Standard-B,AnkiLangs::HI
straight,सीधा,/siːd̪ʱaː/,[sound:al_hi_in_straight.mp3],Google Cloud TTS<br>Voice: hi-IN-Standard-B,AnkiLangs::HI
strong,मज़बूत,/məzbuːt̪/,[sound:al_hi_in_strong.mp3],Google Cloud TTS<br>Voice: hi-IN-Standard-B,AnkiLangs::HI
sugar,चीनी,/t͡ʃiːniː/,[sound:al_hi_in_sugar.mp3],Google Cloud TTS<br>Voice: hi-IN-Standard-A,AnkiLangs::HI
Sunday,रविवार,/rəʋɪʋaːr/,[sound:al_hi_in_sunday.mp3],Google Cloud TTS<br>Voice: hi-IN-Standard-A,AnkiLangs::HI
sweat,पसीना,/pəsiːnaː/,[sound:al_hi_in_sweat.mp3],Google Cloud TTS<br>Voice: hi-IN-Standard-A,AnkiLangs::HI
tall,लंबा,/ləmbaː/,[sound:al_hi_in_tall.mp3],Google Cloud TTS<br>Voice: hi-IN-Standard-B,AnkiLangs::HI
tea,चाय,/t͡ʃaːj/,[sound:al_hi_in_tea.mp3],Google Cloud TTS<br>Voice: hi-IN-Standard-B,AnkiLangs::HI
technology,प्रौद्योगिकी,/prɔːd̪joːɡɪkiː/,[sound:al_hi_in_technology.mp3],Google Cloud TTS<br>Voice: hi-IN-Standard-A,AnkiLangs::HI
temperature,तापमान,/t̪aːpmaːn/,[sound:al_hi_in_temperature.mp3],Google Cloud TTS<br>Voice: hi-IN-Standard-A,AnkiLangs::HI
ten (10),दस,/d̪əs/,[sound:al_hi_in_ten_10.mp3],Google Cloud TTS<br>Voice: hi-IN-Standard-A,AnkiLangs::HI
"ten thousand (10,000)",दस हज़ार,/d̪əs həzaːr/,[sound:al_hi_in_ten_thousand_10_000.mp3],Google Cloud TTS<br>Voice: hi-IN-Standard-A,AnkiLangs::HI
the (train) ticket,टिकट,/ʈɪkəʈ/,[sound:al_hi_in_the_train_ticket.mp3],Google Cloud TTS<br>Voice: hi-IN-Standard-B,AnkiLangs::HI
the actor,अभिनेता,/əbʱɪneːt̪aː/,[sound:al_hi_in_the_actor.mp3],Google Cloud TTS<br>Voice: hi-IN-Standard-A,AnkiLangs::HI
the adjective,विशेषण,/ʋɪʃeːʃəɳ/,[sound:al_hi_in_the_adjective.mp3],Google Cloud TTS<br>Voice: hi-IN-Standard-B,AnkiLangs::HI
the adult,वयस्क,/ʋəjəsk/,[sound:al_hi_in_the_adult.mp3],Google Cloud TTS<br>Voice: hi-IN-Standard-A,AnkiLangs::HI
the afternoon,दोपहर,/d̪oːpəhər/,[sound:al_hi_in_the_afternoon.mp3],Google Cloud TTS<br>Voice: hi-IN-Standard-B,AnkiLangs::HI
the air,हवा,/həʋaː/,[sound:al_hi_in_the_air.mp3],Google Cloud TTS<br>Voice: hi-IN-Standard-B,AnkiLangs::HI
the airport,हवाई अड्डा,/həʋaːiː əɖɖaː/,[sound:al_hi_in_the_airport.mp3],Google Cloud TTS<br>Voice: hi-IN-Standard-A,AnkiLangs::HI
the animal,जानवर,/d͡ʒaːnəʋər/,[sound:al_hi_in_the_animal.mp3],Google Cloud TTS<br>Voice: hi-IN-Standard-A,AnkiLangs::HI
the apartment,अपार्टमेंट,/əpaːrʈmeːnʈ/,[sound:al_hi_in_the_apartment.mp3],Google Cloud TTS<br>Voice: hi-IN-Standard-B,AnkiLangs::HI
the apple,सेब,/seːb/,[sound:al_hi_in_the_apple.mp3],Google Cloud TTS<br>Voice: hi-IN-Standard-A,AnkiLangs::HI
the arm,बाँह,/baːh/,[sound:al_hi_in_the_arm.mp3],Google Cloud TTS<br>Voice: hi-IN-Standard-A,AnkiLangs::HI
the army,सेना,/seːnaː/,[sound:al_hi_in_the_army.mp3],Google Cloud TTS<br>Voice: hi-IN-Standard-A,AnkiLangs::HI
the artist,कलाकार,/kəlaːkaːr/,[sound:al_hi_in_the_artist.mp3],Google Cloud TTS<br>Voice: hi-IN-Standard-A,AnkiLangs::HI
the attack,हमला,/həmlaː/,[sound:al_hi_in_the_attack.mp3],Google Cloud TTS<br>Voice: hi-IN-Standard-A,AnkiLangs::HI
the author,लेखक,/leːkʰək/,[sound:al_hi_in_the_author.mp3],Google Cloud TTS<br>Voice: hi-IN-Standard-A,AnkiLangs::HI
the baby,बच्चा,/bət͡ʃt͡ʃaː/,[sound:al_hi_in_the_baby.mp3],Google Cloud TTS<br>Voice: hi-IN-Standard-B,AnkiLangs::HI
the back [anatomy],पीठ,/piːʈʰ/,[sound:al_hi_in_the_back_anatomy.mp3],Google Cloud TTS<br>Voice: hi-IN-Standard-B,AnkiLangs::HI
the back [location],पीछे,/piːt͡ʃʰeː/,[sound:al_hi_in_the_back_location.mp3],Google Cloud TTS<br>Voice: hi-IN-Standard-B,AnkiLangs::HI
the bag,थैला,/t̪ʰɛːlaː/,[sound:al_hi_in_the_bag.mp3],Google Cloud TTS<br>Voice: hi-IN-Standard-A,AnkiLangs::HI
the ball,गेंद,/ɡeːnd̪/,[sound:al_hi_in_the_ball.mp3],Google Cloud TTS<br>Voice: hi-IN-Standard-B,AnkiLangs::HI
the banana,केला,/keːlaː/,[sound:al_hi_in_the_banana.mp3],Google Cloud TTS<br>Voice: hi-IN-Standard-A,AnkiLangs::HI
the band [music],संगीत समूह,/səŋɡiːt̪ səmuːh/,[sound:al_hi_in_the_band_music.mp3],Google Cloud TTS<br>Voice: hi-IN-Standard-A,AnkiLangs::HI
the bank,बैंक,/bɛːŋk/,[sound:al_hi_in_the_bank.mp3],Google Cloud TTS<br>Voice: hi-IN-Standard-B,AnkiLangs::HI
the bar,बार,/baːr/,[sound:al_hi_in_the_bar.mp3],Google Cloud TTS<br>Voice: hi-IN-Standard-A,AnkiLangs::HI
the bathroom,बाथरूम,/baːt̪ʰruːm/,[sound:al_hi_in_the_bathroom.mp3],Google Cloud TTS<br>Voice: hi-IN-Standard-B,AnkiLangs::HI
the beach,समुद्र तट,/səmʊd̪rə t̪əʈ/,[sound:al_hi_in_the_beach.mp3],Google Cloud TTS<br>Voice: hi-IN-Standard-B,AnkiLangs::HI
the beard,दाढ़ी,/d̪aːɽʱiː/,[sound:al_hi_in_the_beard.mp3],Google Cloud TTS<br>Voice: hi-IN-Standard-B,AnkiLangs::HI
the bed,बिस्तर,/bɪst̪ər/,[sound:al_hi_in_the_bed.mp3],Google Cloud TTS<br>Voice: hi-IN-Standard-B,AnkiLangs::HI
the bedroom,शयनकक्ष,/ʃəjənəkəkʃ/,[sound:al_hi_in_the_bedroom.mp3],Google Cloud TTS<br>Voice: hi-IN-Standard-B,AnkiLangs::HI
the beef,गोमांस,/ɡoːmaːns/,[sound:al_hi_in_the_beef.mp3],Google Cloud TTS<br>Voice: hi-IN-Standard-B,AnkiLangs::HI
the beverage,पेय,/peːj/,[sound:al_hi_in_the_beverage.mp3],Google Cloud TTS<br>Voice: hi-IN-Standard-A,AnkiLangs::HI
the bicycle,साइकिल,/saːikɪl/,[sound:al_hi_in_the_bicycle.mp3],Google Cloud TTS<br>Voice: hi-IN-Standard-A,AnkiLangs::HI
the bill [bank note],नोट,/noːʈ/,[sound:al_hi_in_the_bill_bank_note.mp3],Google Cloud TTS<br>Voice: hi-IN-Standard-B,AnkiLangs::HI
the bird,पक्षी,/pəkʃiː/,[sound:al_hi_in_the_bird.mp3],Google Cloud TTS<br>Voice: hi-IN-Standard-A,AnkiLangs::HI
the boat,नाव,/naːʋ/,[sound:al_hi_in_the_boat.mp3],Google Cloud TTS<br>Voice: hi-IN-Standard-A,AnkiLangs::HI
the body,शरीर,/ʃəriːr/,[sound:al_hi_in_the_body.mp3],Google Cloud TTS<br>Voice: hi-IN-Standard-A,AnkiLangs::HI
the bone,हड्डी,/həɖɖiː/,[sound:al_hi_in_the_bone.mp3],Google Cloud TTS<br>Voice: hi-IN-Standard-B,AnkiLangs::HI
the book,किताब,/kɪt̪aːb/,[sound:al_hi_in_the_book.mp3],Google Cloud TTS<br>Voice: hi-IN-Standard-A,AnkiLangs::HI
the bottle,बोतल,/boːt̪əl/,[sound:al_hi_in_the_bottle.mp3],Google Cloud TTS<br>Voice: hi-IN-Standard-A,AnkiLangs::HI
the bottom,तल,/t̪əl/,[sound:al_hi_in_the_bottom.mp3],Google Cloud TTS<br>Voice: hi-IN-Standard-B,AnkiLangs::HI
the box,डिब्बा,/ɖɪbbaː/,[sound:al_hi_in_the_box.mp3],Google Cloud TTS<br>Voice: hi-IN-Standard-A,AnkiLangs::HI
the boy,लड़का,/ləɽkaː/,[sound:al_hi_in_the_boy.mp3],Google Cloud TTS<br>Voice: hi-IN-Standard-A,AnkiLangs::HI
the brain,दिमाग़,/d̪ɪmaːɣ/,[sound:al_hi_in_the_brain.mp3],Google Cloud TTS<br>Voice: hi-IN-Standard-A,AnkiLangs::HI
the bread,रोटी,/roːʈiː/,[sound:al_hi_in_the_bread.mp3],Google Cloud TTS<br>Voice: hi-IN-Standard-A,AnkiLangs::HI
the bridge,पुल,/pʊl/,[sound:al_hi_in_the_bridge.mp3],Google Cloud TTS<br>Voice: hi-IN-Standard-A,AnkiLangs::HI
the brother,भाई,/bʱaːiː/,[sound:al_hi_in_the_brother.mp3],Google Cloud TTS<br>Voice: hi-IN-Standard-A,AnkiLangs::HI
the building,इमारत,/ɪmaːrət̪/,[sound:al_hi_in_the_building.mp3],Google Cloud TTS<br>Voice: hi-IN-Standard-A,AnkiLangs::HI
the bus,बस,/bəs/,[sound:al_hi_in_the_bus.mp3],Google Cloud TTS<br>Voice: hi-IN-Standard-B,AnkiLangs::HI
the cake,केक,/keːk/,[sound:al_hi_in_the_cake.mp3],Google Cloud TTS<br>Voice: hi-IN-Standard-A,AnkiLangs::HI
the camera,कैमरा,/kɛːməraː/,[sound:al_hi_in_the_camera.mp3],Google Cloud TTS<br>Voice: hi-IN-Standard-A,AnkiLangs::HI
the camp,शिविर,/ʃɪʋɪr/,[sound:al_hi_in_the_camp.mp3],Google Cloud TTS<br>Voice: hi-IN-Standard-A,AnkiLangs::HI
the car,कार,/kaːr/,[sound:al_hi_in_the_car.mp3],Google Cloud TTS<br>Voice: hi-IN-Standard-A,AnkiLangs::HI
the card,कार्ड,/kaːrɖ/,[sound:al_hi_in_the_card.mp3],Google Cloud TTS<br>Voice: hi-IN-Standard-B,AnkiLangs::HI
the cat,बिल्ली,/bɪlliː/,[sound:al_hi_in_the_cat.mp3],Google Cloud TTS<br>Voice: hi-IN-Standard-B,AnkiLangs::HI
the ceiling,छत,/t͡ʃʰət̪/,[sound:al_hi_in_the_ceiling.mp3],Google Cloud TTS<br>Voice: hi-IN-Standard-B,AnkiLangs::HI
the cell phone,मोबाइल फ़ोन,/moːbaːil foːn/,[sound:al_hi_in_the_cell_phone.mp3],Google Cloud TTS<br>Voice: hi-IN-Standard-A,AnkiLangs::HI
the centimeter,सेंटीमीटर,/seːnʈiːmiːʈər/,[sound:al_hi_in_the_centimeter.mp3],Google Cloud TTS<br>Voice: hi-IN-Standard-B,AnkiLangs::HI
the chair,कुर्सी,/kʊrsiː/,[sound:al_hi_in_the_chair.mp3],Google Cloud TTS<br>Voice: hi-IN-Standard-A,AnkiLangs::HI
the cheese,पनीर,/pəniːr/,[sound:al_hi_in_the_cheese.mp3],Google Cloud TTS<br>Voice: hi-IN-Standard-B,AnkiLangs::HI
the chicken,मुर्गी,/mʊrɡiː/,[sound:al_hi_in_the_chicken.mp3],Google Cloud TTS<br>Voice: hi-IN-Standard-B,AnkiLangs::HI
the child,बच्चा,/bət͡ʃt͡ʃaː/,[sound:al_hi_in_the_child.mp3],Google Cloud TTS<br>Voice: hi-IN-Standard-A,AnkiLangs::HI
the church,चर्च,/t͡ʃərt͡ʃ/,[sound:al_hi_in_the_church.mp3],Google Cloud TTS<br>Voice: hi-IN-Standard-B,AnkiLangs::HI
the circle,वृत्त,/ʋɾɪt̪t̪/,[sound:al_hi_in_the_circle.mp3],Google Cloud TTS<br>Voice: hi-IN-Standard-B,AnkiLangs::HI
the city,शहर,/ʃəhər/,[sound:al_hi_in_the_city.mp3],Google Cloud TTS<br>Voice: hi-IN-Standard-B,AnkiLangs::HI
the clock,घड़ी,/ɡʱəɽiː/,[sound:al_hi_in_the_clock.mp3],Google Cloud TTS<br>Voice: hi-IN-Standard-A,AnkiLangs::HI
the clothing,कपड़े,/kəpɽeː/,[sound:al_hi_in_the_clothing.mp3],Google Cloud TTS<br>Voice: hi-IN-Standard-A,AnkiLangs::HI
the club,क्लब,/kləb/,[sound:al_hi_in_the_club.mp3],Google Cloud TTS<br>Voice: hi-IN-Standard-B,AnkiLangs::HI
the coat,कोट,/koːʈ/,[sound:al_hi_in_the_coat.mp3],Google Cloud TTS<br>Voice: hi-IN-Standard-A,AnkiLangs::HI
the color,रंग,/rəŋɡ/,[sound:al_hi_in_the_color.mp3],Google Cloud TTS<br>Voice: hi-IN-Standard-A,AnkiLangs::HI
the computer,कंप्यूटर,/kəmpjuːʈər/,[sound:al_hi_in_the_computer.mp3],Google Cloud TTS<br>Voice: hi-IN-Standard-A,AnkiLangs::HI
the consonant,व्यंजन,/ʋjənd͡ʒən/,[sound:al_hi_in_the_consonant.mp3],Google Cloud TTS<br>Voice: hi-IN-Standard-B,AnkiLangs::HI
the contract,अनुबंध,/ənʊbənd̪ʱ/,[sound:al_hi_in_the_contract.mp3],Google Cloud TTS<br>Voice: hi-IN-Standard-A,AnkiLangs::HI
the corn,मकई,/məkəiː/,[sound:al_hi_in_the_corn.mp3],Google Cloud TTS<br>Voice: hi-IN-Standard-B,AnkiLangs::HI
the corner,कोना,/koːnaː/,[sound:al_hi_in_the_corner.mp3],Google Cloud TTS<br>Voice: hi-IN-Standard-A,AnkiLangs::HI
"the country (USA, France, etc.)",देश,/d̪eːʃ/,[sound:al_hi_in_the_country_usa_france_etc.mp3],Google Cloud TTS<br>Voice: hi-IN-Standard-A,AnkiLangs::HI
the court,अदालत,/əd̪aːlət̪/,[sound:al_hi_in_the_court.mp3],Google Cloud TTS<br>Voice: hi-IN-Standard-B,AnkiLangs::HI
the cow,गाय,/ɡaːj/,[sound:al_hi_in_the_cow.mp3],Google Cloud TTS<br>Voice: hi-IN-Standard-B,AnkiLangs::HI
the crowd,भीड़,/bʱiːɽ/,[sound:al_hi_in_the_crowd.mp3],Google Cloud TTS<br>Voice: hi-IN-Standard-A,AnkiLangs::HI
the cup,कप,/kəp/,[sound:al_hi_in_the_cup.mp3],Google Cloud TTS<br>Voice: hi-IN-Standard-B,AnkiLangs::HI
the date,तारीख़,/t̪aːriːkʰ/,[sound:al_hi_in_the_date.mp3],Google Cloud TTS<br>Voice: hi-IN-Standard-B,AnkiLangs::HI
the daughter,बेटी,/beːʈiː/,[sound:al_hi_in_the_daughter.mp3],Google Cloud TTS<br>Voice: hi-IN-Standard-A,AnkiLangs::HI
the day,दिन,/d̪ɪn/,[sound:al_hi_in_the_day.mp3],Google Cloud TTS<br>Voice: hi-IN-Standard-B,AnkiLangs::HI
the direction,दिशा,/d̪ɪʃaː/,[sound:al_hi_in_the_direction.mp3],Google Cloud TTS<br>Voice: hi-IN-Standard-A,AnkiLangs::HI
the doctor,डॉक्टर,/ɖɔkʈər/,[sound:al_hi_in_the_doctor.mp3],Google Cloud TTS<br>Voice: hi-IN-Standard-A,AnkiLangs::HI
the dog,कुत्ता,/kʊt̪t̪aː/,[sound:al_hi_in_the_dog.mp3],Google Cloud TTS<br>Voice: hi-IN-Standard-B,AnkiLangs::HI
the dollar,डॉलर,/ɖɔlər/,[sound:al_hi_in_the_dollar.mp3],Google Cloud TTS<br>Voice: hi-IN-Standard-A,AnkiLangs::HI
the door,दरवाज़ा,/d̪ərʋaːzaː/,[sound:al_hi_in_the_door.mp3],Google Cloud TTS<br>Voice: hi-IN-Standard-A,AnkiLangs::HI
the dot,बिंदु,/bɪnd̪ʊ/,[sound:al_hi_in_the_dot.mp3],Google Cloud TTS<br>Voice: hi-IN-Standard-A,AnkiLangs::HI
the dream,सपना,/səpnaː/,[sound:al_hi_in_the_dream.mp3],Google Cloud TTS<br>Voice: hi-IN-Standard-B,AnkiLangs::HI
the dress,पोशाक,/poːʃaːk/,[sound:al_hi_in_the_dress.mp3],Google Cloud TTS<br>Voice: hi-IN-Standard-B,AnkiLangs::HI
the drug,दवा,/d̪əʋaː/,[sound:al_hi_in_the_drug.mp3],Google Cloud TTS<br>Voice: hi-IN-Standard-A,AnkiLangs::HI
the ear,कान,/kaːn/,[sound:al_hi_in_the_ear.mp3],Google Cloud TTS<br>Voice: hi-IN-Standard-B,AnkiLangs::HI
the east,पूर्व,/puːrʋ/,[sound:al_hi_in_the_east.mp3],Google Cloud TTS<br>Voice: hi-IN-Standard-A,AnkiLangs::HI
the edge,किनारा,/kɪnaːraː/,[sound:al_hi_in_the_edge.mp3],Google Cloud TTS<br>Voice: hi-IN-Standard-B,AnkiLangs::HI
the egg,अंडा,/əɳɖaː/,[sound:al_hi_in_the_egg.mp3],Google Cloud TTS<br>Voice: hi-IN-Standard-B,AnkiLangs::HI
the election,चुनाव,/t͡ʃʊnaːʋ/,[sound:al_hi_in_the_election.mp3],Google Cloud TTS<br>Voice: hi-IN-Standard-B,AnkiLangs::HI
the engine,इंजन,/ɪnd͡ʒən/,[sound:al_hi_in_the_engine.mp3],Google Cloud TTS<br>Voice: hi-IN-Standard-A,AnkiLangs::HI
the evening,शाम,/ʃaːm/,[sound:al_hi_in_the_evening.mp3],Google Cloud TTS<br>Voice: hi-IN-Standard-A,AnkiLangs::HI
the eye,आँख,/aːŋkʰ/,[sound:al_hi_in_the_eye.mp3],Google Cloud TTS<br>Voice: hi-IN-Standard-B,AnkiLangs::HI
the face,चेहरा,/t͡ʃeːhraː/,[sound:al_hi_in_the_face.mp3],Google Cloud TTS<br>Voice: hi-IN-Standard-B,AnkiLangs::HI
the Fall,पतझड़,/pət̪əd͡ʒʱəɽ/,[sound:al_hi_in_the_fall.mp3],Google Cloud TTS<br>Voice: hi-IN-Standard-A,AnkiLangs::HI
the family,परिवार,/pərɪʋaːr/,[sound:al_hi_in_the_family.mp3],Google Cloud TTS<br>Voice: hi-IN-Standard-A,AnkiLangs::HI
the fan [appliance],पंखा,/pəŋkʰaː/,[sound:al_hi_in_the_fan_appliance.mp3],Google Cloud TTS<br>Voice: hi-IN-Standard-B,AnkiLangs::HI
the fan [person],प्रशंसक,/prəʃənsək/,[sound:al_hi_in_the_fan_person.mp3],Google Cloud TTS<br>Voice: hi-IN-Standard-A,AnkiLangs::HI
the farm,खेत,/kʰeːt̪/,[sound:al_hi_in_the_farm.mp3],Google Cloud TTS<br>Voice: hi-IN-Standard-B,AnkiLangs::HI
the father,पिता,/pɪt̪aː/,[sound:al_hi_in_the_father.mp3],Google Cloud TTS<br>Voice: hi-IN-Standard-A,AnkiLangs::HI
the finger,उँगली,/ʊŋɡliː/,[sound:al_hi_in_the_finger.mp3],Google Cloud TTS<br>Voice: hi-IN-Standard-B,AnkiLangs::HI
the fire,आग,/aːɡ/,[sound:al_hi_in_the_fire.mp3],Google Cloud TTS<br>Voice: hi-IN-Standard-B,AnkiLangs::HI
the fish,मछली,/mət͡ʃʰliː/,[sound:al_hi_in_the_fish.mp3],Google Cloud TTS<br>Voice: hi-IN-Standard-A,AnkiLangs::HI
the floor,फ़र्श,/fərʃ/,[sound:al_hi_in_the_floor.mp3],Google Cloud TTS<br>Voice: hi-IN-Standard-A,AnkiLangs::HI
the flower,फूल,/fuːl/,[sound:al_hi_in_the_flower.mp3],Google Cloud TTS<br>Voice: hi-IN-Standard-A,AnkiLangs::HI
the foot,पैर,/pɛːr/,[sound:al_hi_in_the_foot.mp3],Google Cloud TTS<br>Voice: hi-IN-Standard-A,AnkiLangs::HI
the foot [measurement],फ़ुट,/fʊʈ/,[sound:al_hi_in_the_foot_measurement.mp3],Google Cloud TTS<br>Voice: hi-IN-Standard-A,AnkiLangs::HI
the forest,जंगल,/d͡ʒəŋɡəl/,[sound:al_hi_in_the_forest.mp3],Google Cloud TTS<br>Voice: hi-IN-Standard-B,AnkiLangs::HI
the fork,काँटा,/kaːŋʈaː/,[sound:al_hi_in_the_fork.mp3],Google Cloud TTS<br>Voice: hi-IN-Standard-A,AnkiLangs::HI
the friend,दोस्त,/d̪oːst̪/,[sound:al_hi_in_the_friend.mp3],Google Cloud TTS<br>Voice: hi-IN-Standard-B,AnkiLangs::HI
the front,सामने,/saːmneː/,[sound:al_hi_in_the_front.mp3],Google Cloud TTS<br>Voice: hi-IN-Standard-A,AnkiLangs::HI
the game,खेल,/kʰeːl/,[sound:al_hi_in_the_game.mp3],Google Cloud TTS<br>Voice: hi-IN-Standard-A,AnkiLangs::HI
the garden,बगीचा,/bəɡiːt͡ʃaː/,[sound:al_hi_in_the_garden.mp3],Google Cloud TTS<br>Voice: hi-IN-Standard-B,AnkiLangs::HI
the gasoline,पेट्रोल,/peːʈroːl/,[sound:al_hi_in_the_gasoline.mp3],Google Cloud TTS<br>Voice: hi-IN-Standard-B,AnkiLangs::HI
the gift,उपहार,/ʊpəhaːr/,[sound:al_hi_in_the_gift.mp3],Google Cloud TTS<br>Voice: hi-IN-Standard-A,AnkiLangs::HI
the girl,लड़की,/ləɽkiː/,[sound:al_hi_in_the_girl.mp3],Google Cloud TTS<br>Voice: hi-IN-Standard-B,AnkiLangs::HI
the grandfather,दादा,/d̪aːd̪aː/,[sound:al_hi_in_the_grandfather.mp3],Google Cloud TTS<br>Voice: hi-IN-Standard-A,AnkiLangs::HI
the grandmother,दादी,/d̪aːd̪iː/,[sound:al_hi_in_the_grandmother.mp3],Google Cloud TTS<br>Voice: hi-IN-Standard-A,AnkiLangs::HI
the grass,घास,/ɡʱaːs/,[sound:al_hi_in_the_grass.mp3],Google Cloud TTS<br>Voice: hi-IN-Standard-A,AnkiLangs::HI
the ground,ज़मीन,/zəmiːn/,[sound:al_hi_in_the_ground.mp3],Google Cloud TTS<br>Voice: hi-IN-Standard-B,AnkiLangs::HI
the gun,बंदूक,/bənd̪uːk/,[sound:al_hi_in_the_gun.mp3],Google Cloud TTS<br>Voice: hi-IN-Standard-B,AnkiLangs::HI
the hair,बाल,/baːl/,[sound:al_hi_in_the_hair.mp3],Google Cloud TTS<br>Voice: hi-IN-Standard-A,AnkiLangs::HI
the half,आधा,/aːd̪ʱaː/,[sound:al_hi_in_the_half.mp3],Google Cloud TTS<br>Voice: hi-IN-Standard-A,AnkiLangs::HI
the hand,हाथ,/haːt̪ʰ/,[sound:al_hi_in_the_hand.mp3],Google Cloud TTS<br>Voice: hi-IN-Standard-A,AnkiLangs::HI
the hat,टोपी,/ʈoːpiː/,[sound:al_hi_in_the_hat.mp3],Google Cloud TTS<br>Voice: hi-IN-Standard-A,AnkiLangs::HI
the head,सिर,/sɪr/,[sound:al_hi_in_the_head.mp3],Google Cloud TTS<br>Voice: hi-IN-Standard-B,AnkiLangs::HI
the heart,दिल,/d̪ɪl/,[sound:al_hi_in_the_heart.mp3],Google Cloud TTS<br>Voice: hi-IN-Standard-A,AnkiLangs::HI
the heat,गर्मी,/ɡərmiː/,[sound:al_hi_in_the_heat.mp3],Google Cloud TTS<br>Voice: hi-IN-Standard-A,AnkiLangs::HI
the hill,पहाड़ी,/pəhaːɽiː/,[sound:al_hi_in_the_hill.mp3],Google Cloud TTS<br>Voice: hi-IN-Standard-B,AnkiLangs::HI
the hole,छेद,/t͡ʃʰeːd̪/,[sound:al_hi_in_the_hole.mp3],Google Cloud TTS<br>Voice: hi-IN-Standard-B,AnkiLangs::HI
the horse,घोड़ा,/ɡʱoːɽaː/,[sound:al_hi_in_the_horse.mp3],Google Cloud TTS<br>Voice: hi-IN-Standard-A,AnkiLangs::HI
the hospital,अस्पताल,/əspət̪aːl/,[sound:al_hi_in_the_hospital.mp3],Google Cloud TTS<br>Voice: hi-IN-Standard-B,AnkiLangs::HI
the hotel,होटल,/hoːʈəl/,[sound:al_hi_in_the_hotel.mp3],Google Cloud TTS<br>Voice: hi-IN-Standard-A,AnkiLangs::HI
the hour,घंटा,/ɡʱəɳʈaː/,[sound:al_hi_in_the_hour.mp3],Google Cloud TTS<br>Voice: hi-IN-Standard-A,AnkiLangs::HI
the house,घर,/ɡʱər/,[sound:al_hi_in_the_house.mp3],Google Cloud TTS<br>Voice: hi-IN-Standard-B,AnkiLangs::HI
the human,मनुष्य,/mənʊʃj/,[sound:al_hi_in_the_human.mp3],Google Cloud TTS<br>Voice: hi-IN-Standard-A,AnkiLangs::HI
the husband,पति,/pət̪ɪ/,[sound:al_hi_in_the_husband.mp3],Google Cloud TTS<br>Voice: hi-IN-Standard-B,AnkiLangs::HI
the ice,बर्फ़,/bərf/,[sound:al_hi_in_the_ice.mp3],Google Cloud TTS<br>Voice: hi-IN-Standard-A,AnkiLangs::HI
the image,छवि,/t͡ʃʰəʋɪ/,[sound:al_hi_in_the_image.mp3],Google Cloud TTS<br>Voice: hi-IN-Standard-A,AnkiLangs::HI
the inch,इंच,/ɪnt͡ʃ/,[sound:al_hi_in_the_inch.mp3],Google Cloud TTS<br>Voice: hi-IN-Standard-B,AnkiLangs::HI
the injury,चोट,/t͡ʃoːʈ/,[sound:al_hi_in_the_injury.mp3],Google Cloud TTS<br>Voice: hi-IN-Standard-B,AnkiLangs::HI
the inside,अंदर,/ənd̪ər/,[sound:al_hi_in_the_inside.mp3],Google Cloud TTS<br>Voice: hi-IN-Standard-B,AnkiLangs::HI
the instrument,वाद्य यंत्र,/ʋaːd̪j jənt̪r/,[sound:al_hi_in_the_instrument.mp3],Google Cloud TTS<br>Voice: hi-IN-Standard-A,AnkiLangs::HI
the island,द्वीप,/d̪ʋiːp/,[sound:al_hi_in_the_island.mp3],Google Cloud TTS<br>Voice: hi-IN-Standard-A,AnkiLangs::HI
the job,नौकरी,/nɔːkəriː/,[sound:al_hi_in_the_job.mp3],Google Cloud TTS<br>Voice: hi-IN-Standard-A,AnkiLangs::HI
the key,चाबी,/t͡ʃaːbiː/,[sound:al_hi_in_the_key.mp3],Google Cloud TTS<br>Voice: hi-IN-Standard-A,AnkiLangs::HI
the kilogram,किलोग्राम,/kɪloːɡraːm/,[sound:al_hi_in_the_kilogram.mp3],Google Cloud TTS<br>Voice: hi-IN-Standard-B,AnkiLangs::HI
the king,राजा,/raːd͡ʒaː/,[sound:al_hi_in_the_king.mp3],Google Cloud TTS<br>Voice: hi-IN-Standard-B,AnkiLangs::HI
the kitchen,रसोई,/rəsoːiː/,[sound:al_hi_in_the_kitchen.mp3],Google Cloud TTS<br>Voice: hi-IN-Standard-B,AnkiLangs::HI
the knee,घुटना,/ɡʱʊʈnaː/,[sound:al_hi_in_the_knee.mp3],Google Cloud TTS<br>Voice: hi-IN-Standard-A,AnkiLangs::HI
the knife,चाकू,/t͡ʃaːkuː/,[sound:al_hi_in_the_knife.mp3],Google Cloud TTS<br>Voice: hi-IN-Standard-B,AnkiLangs::HI
the lake,झील,/d͡ʒʰiːl/,[sound:al_hi_in_the_lake.mp3],Google Cloud TTS<br>Voice: hi-IN-Standard-B,AnkiLangs::HI
the lamp,दीपक,/d̪iːpək/,[sound:al_hi_in_the_lamp.mp3],Google Cloud TTS<br>Voice: hi-IN-Standard-B,AnkiLangs::HI
the laptop,लैपटॉप,/lɛpʈɔp/,[sound:al_hi_in_the_laptop.mp3],Google Cloud TTS<br>Voice: hi-IN-Standard-B,AnkiLangs::HI
the lawyer,वकील,/ʋəkiːl/,[sound:al_hi_in_the_lawyer.mp3],Google Cloud TTS<br>Voice: hi-IN-Standard-A,AnkiLangs::HI
the leaf,पत्ता,/pət̪t̪aː/,[sound:al_hi_in_the_leaf.mp3],Google Cloud TTS<br>Voice: hi-IN-Standard-A,AnkiLangs::HI
the leg,टाँग,/ʈaːŋɡ/,[sound:al_hi_in_the_leg.mp3],Google Cloud TTS<br>Voice: hi-IN-Standard-B,AnkiLangs::HI
the lemon,नींबू,/niːmbuː/,[sound:al_hi_in_the_lemon.mp3],Google Cloud TTS<br>Voice: hi-IN-Standard-A,AnkiLangs::HI
the letter,पत्र,/pət̪r/,[sound:al_hi_in_the_letter.mp3],Google Cloud TTS<br>Voice: hi-IN-Standard-B,AnkiLangs::HI
the library,पुस्तकालय,/pʊst̪əkaːləj/,[sound:al_hi_in_the_library.mp3],Google Cloud TTS<br>Voice: hi-IN-Standard-A,AnkiLangs::HI
the light,रोशनी,/roːʃniː/,[sound:al_hi_in_the_light.mp3],Google Cloud TTS<br>Voice: hi-IN-Standard-A,AnkiLangs::HI
the lip,होंठ,/hoːŋʈʰ/,[sound:al_hi_in_the_lip.mp3],Google Cloud TTS<br>Voice: hi-IN-Standard-B,AnkiLangs::HI
the location,स्थान,/st̪ʰaːn/,[sound:al_hi_in_the_location.mp3],Google Cloud TTS<br>Voice: hi-IN-Standard-B,AnkiLangs::HI
the lock,ताला,/t̪aːlaː/,[sound:al_hi_in_the_lock.mp3],Google Cloud TTS<br>Voice: hi-IN-Standard-B,AnkiLangs::HI
the magazine,पत्रिका,/pət̪rɪkaː/,[sound:al_hi_in_the_magazine.mp3],Google Cloud TTS<br>Voice: hi-IN-Standard-B,AnkiLangs::HI
the man,आदमी,/aːd̪miː/,[sound:al_hi_in_the_man.mp3],Google Cloud TTS<br>Voice: hi-IN-Standard-A,AnkiLangs::HI
the manager,प्रबंधक,/prəbənd̪ʱək/,[sound:al_hi_in_the_manager.mp3],Google Cloud TTS<br>Voice: hi-IN-Standard-B,AnkiLangs::HI
the map,नक़्शा,/nəkʃaː/,[sound:al_hi_in_the_map.mp3],Google Cloud TTS<br>Voice: hi-IN-Standard-A,AnkiLangs::HI
the market,बाज़ार,/baːzaːr/,[sound:al_hi_in_the_market.mp3],Google Cloud TTS<br>Voice: hi-IN-Standard-B,AnkiLangs::HI
the meter,मीटर,/miːʈər/,[sound:al_hi_in_the_meter.mp3],Google Cloud TTS<br>Voice: hi-IN-Standard-A,AnkiLangs::HI
the minute,मिनट,/mɪnəʈ/,[sound:al_hi_in_the_minute.mp3],Google Cloud TTS<br>Voice: hi-IN-Standard-B,AnkiLangs::HI
the month,महीना,/məhiːnaː/,[sound:al_hi_in_the_month.mp3],Google Cloud TTS<br>Voice: hi-IN-Standard-A,AnkiLangs::HI
the moon,चाँद,/t͡ʃaːnd̪/,[sound:al_hi_in_the_moon.mp3],Google Cloud TTS<br>Voice: hi-IN-Standard-A,AnkiLangs::HI
the morning,सुबह,/sʊbəh/,[sound:al_hi_in_the_morning.mp3],Google Cloud TTS<br>Voice: hi-IN-Standard-B,AnkiLangs::HI
the mother,माँ,/maː̃/,[sound:al_hi_in_the_mother.mp3],Google Cloud TTS<br>Voice: hi-IN-Standard-B,AnkiLangs::HI
the mountain,पहाड़,/pəhaːɽ/,[sound:al_hi_in_the_mountain.mp3],Google Cloud TTS<br>Voice: hi-IN-Standard-A,AnkiLangs::HI
the mouse,चूहा,/t͡ʃuːhaː/,[sound:al_hi_in_the_mouse.mp3],Google Cloud TTS<br>Voice: hi-IN-Standard-B,AnkiLangs::HI
the mouth,मुँह,/mʊ̃h/,[sound:al_hi_in_the_mouth.mp3],Google Cloud TTS<br>Voice: hi-IN-Standard-B,AnkiLangs::HI
the movie,फ़िल्म,/fɪlm/,[sound:al_hi_in_the_movie.mp3],Google Cloud TTS<br>Voice: hi-IN-Standard-A,AnkiLangs::HI
the neck,गर्दन,/ɡərd̪ən/,[sound:al_hi_in_the_neck.mp3],Google Cloud TTS<br>Voice: hi-IN-Standard-B,AnkiLangs::HI
the needle,सुई,/sʊiː/,[sound:al_hi_in_the_needle.mp3],Google Cloud TTS<br>Voice: hi-IN-Standard-B,AnkiLangs::HI
the neighbor,पड़ोसी,/pəɽoːsiː/,[sound:al_hi_in_the_neighbor.mp3],Google Cloud TTS<br>Voice: hi-IN-Standard-B,AnkiLangs::HI
the network,नेटवर्क,/neːʈʋərk/,[sound:al_hi_in_the_network.mp3],Google Cloud TTS<br>Voice: hi-IN-Standard-B,AnkiLangs::HI
the newspaper,अख़बार,/əkʰbaːr/,[sound:al_hi_in_the_newspaper.mp3],Google Cloud TTS<br>Voice: hi-IN-Standard-B,AnkiLangs::HI
the night,रात,/raːt̪/,[sound:al_hi_in_the_night.mp3],Google Cloud TTS<br>Voice: hi-IN-Standard-B,AnkiLangs::HI
the north,उत्तर,/ʊt̪t̪ər/,[sound:al_hi_in_the_north.mp3],Google Cloud TTS<br>Voice: hi-IN-Standard-A,AnkiLangs::HI
the nose,नाक,/naːk/,[sound:al_hi_in_the_nose.mp3],Google Cloud TTS<br>Voice: hi-IN-Standard-A,AnkiLangs::HI
the note,नोट,/noːʈ/,[sound:al_hi_in_the_note.mp3],Google Cloud TTS<br>Voice: hi-IN-Standard-B,AnkiLangs::HI
the noun,संज्ञा,/səŋd͡ʒɲaː/,[sound:al_hi_in_the_noun.mp3],Google Cloud TTS<br>Voice: hi-IN-Standard-B,AnkiLangs::HI
the number,संख्या,/səŋkʰjaː/,[sound:al_hi_in_the_number.mp3],Google Cloud TTS<br>Voice: hi-IN-Standard-A,AnkiLangs::HI
the ocean,महासागर,/məhaːsaːɡər/,[sound:al_hi_in_the_ocean.mp3],Google Cloud TTS<br>Voice: hi-IN-Standard-B,AnkiLangs::HI
the office,कार्यालय,/kaːrjaːləj/,[sound:al_hi_in_the_office.mp3],Google Cloud TTS<br>Voice: hi-IN-Standard-B,AnkiLangs::HI
the orange,संतरा,/sənt̪əraː/,[sound:al_hi_in_the_orange.mp3],Google Cloud TTS<br>Voice: hi-IN-Standard-A,AnkiLangs::HI
the outside,बाहर,/baːhər/,[sound:al_hi_in_the_outside.mp3],Google Cloud TTS<br>Voice: hi-IN-Standard-B,AnkiLangs::HI
the page,पृष्ठ,/pɾɪʃʈʰ/,[sound:al_hi_in_the_page.mp3],Google Cloud TTS<br>Voice: hi-IN-Standard-B,AnkiLangs::HI
the paint,रंग,/rəŋɡ/,[sound:al_hi_in_the_paint.mp3],Google Cloud TTS<br>Voice: hi-IN-Standard-A,AnkiLangs::HI
the pants,पैंट,/pɛːnʈ/,[sound:al_hi_in_the_pants.mp3],Google Cloud TTS<br>Voice: hi-IN-Standard-B,AnkiLangs::HI
the paper,कागज़,/kaːɡəz/,[sound:al_hi_in_the_paper.mp3],Google Cloud TTS<br>Voice: hi-IN-Standard-B,AnkiLangs::HI
the parent,माता-पिता,/maːt̪aː pɪt̪aː/,[sound:al_hi_in_the_parent.mp3],Google Cloud TTS<br>Voice: hi-IN-Standard-B,AnkiLangs::HI
the park,पार्क,/paːrk/,[sound:al_hi_in_the_park.mp3],Google Cloud TTS<br>Voice: hi-IN-Standard-B,AnkiLangs::HI
the patient,मरीज़,/məriːz/,[sound:al_hi_in_the_patient.mp3],Google Cloud TTS<br>Voice: hi-IN-Standard-B,AnkiLangs::HI
the pattern,पैटर्न,/pɛʈərn/,[sound:al_hi_in_the_pattern.mp3],Google Cloud TTS<br>Voice: hi-IN-Standard-A,AnkiLangs::HI
the pen,क़लम,/qələm/,[sound:al_hi_in_the_pen.mp3],Google Cloud TTS<br>Voice: hi-IN-Standard-B,AnkiLangs::HI
the pencil,पेंसिल,/peːnsɪl/,[sound:al_hi_in_the_pencil.mp3],Google Cloud TTS<br>Voice: hi-IN-Standard-A,AnkiLangs::HI
the person,व्यक्ति,/ʋjəkt̪ɪ/,[sound:al_hi_in_the_person.mp3],Google Cloud TTS<br>Voice: hi-IN-Standard-A,AnkiLangs::HI
the photograph,फ़ोटो,/foːʈoː/,[sound:al_hi_in_the_photograph.mp3],Google Cloud TTS<br>Voice: hi-IN-Standard-B,AnkiLangs::HI
the piece,टुकड़ा,/ʈʊkɽaː/,[sound:al_hi_in_the_piece.mp3],Google Cloud TTS<br>Voice: hi-IN-Standard-B,AnkiLangs::HI
the pig,सूअर,/suːər/,[sound:al_hi_in_the_pig.mp3],Google Cloud TTS<br>Voice: hi-IN-Standard-A,AnkiLangs::HI
the plane,हवाई जहाज़,/həʋaːiː d͡ʒəhaːz/,[sound:al_hi_in_the_plane.mp3],Google Cloud TTS<br>Voice: hi-IN-Standard-A,AnkiLangs::HI
the plant,पौधा,/pɔːd̪ʱaː/,[sound:al_hi_in_the_plant.mp3],Google Cloud TTS<br>Voice: hi-IN-Standard-B,AnkiLangs::HI
the plate,प्लेट,/pleːʈ/,[sound:al_hi_in_the_plate.mp3],Google Cloud TTS<br>Voice: hi-IN-Standard-A,AnkiLangs::HI
the player,खिलाड़ी,/kʰɪlaːɽiː/,[sound:al_hi_in_the_player.mp3],Google Cloud TTS<br>Voice: hi-IN-Standard-A,AnkiLangs::HI
the pocket,जेब,/d͡ʒeːb/,[sound:al_hi_in_the_pocket.mp3],Google Cloud TTS<br>Voice: hi-IN-Standard-A,AnkiLangs::HI
the police,पुलिस,/pʊlɪs/,[sound:al_hi_in_the_police.mp3],Google Cloud TTS<br>Voice: hi-IN-Standard-A,AnkiLangs::HI
the pool,तालाब,/t̪aːlaːb/,[sound:al_hi_in_the_pool.mp3],Google Cloud TTS<br>Voice: hi-IN-Standard-A,AnkiLangs::HI
the pork,सूअर का मांस,/suːər kaː maːns/,[sound:al_hi_in_the_pork.mp3],Google Cloud TTS<br>Voice: hi-IN-Standard-A,AnkiLangs::HI
the pound,पाउंड,/paːunɖ/,[sound:al_hi_in_the_pound.mp3],Google Cloud TTS<br>Voice: hi-IN-Standard-B,AnkiLangs::HI
the president,राष्ट्रपति,/raːʃʈrəpət̪ɪ/,[sound:al_hi_in_the_president.mp3],Google Cloud TTS<br>Voice: hi-IN-Standard-A,AnkiLangs::HI
the price,क़ीमत,/qiːmət̪/,[sound:al_hi_in_the_price.mp3],Google Cloud TTS<br>Voice: hi-IN-Standard-B,AnkiLangs::HI
the priest,पुजारी,/pʊd͡ʒaːriː/,[sound:al_hi_in_the_priest.mp3],Google Cloud TTS<br>Voice: hi-IN-Standard-B,AnkiLangs::HI
the program,कार्यक्रम,/kaːrjəkrəm/,[sound:al_hi_in_the_program.mp3],Google Cloud TTS<br>Voice: hi-IN-Standard-A,AnkiLangs::HI
the queen,रानी,/raːniː/,[sound:al_hi_in_the_queen.mp3],Google Cloud TTS<br>Voice: hi-IN-Standard-B,AnkiLangs::HI
the radio,रेडियो,/reːɖijoː/,[sound:al_hi_in_the_radio.mp3],Google Cloud TTS<br>Voice: hi-IN-Standard-B,AnkiLangs::HI
the rain,बारिश,/baːrɪʃ/,[sound:al_hi_in_the_rain.mp3],Google Cloud TTS<br>Voice: hi-IN-Standard-B,AnkiLangs::HI
the reporter,संवाददाता,/səŋʋaːd̪d̪aːt̪aː/,[sound:al_hi_in_the_reporter.mp3],Google Cloud TTS<br>Voice: hi-IN-Standard-A,AnkiLangs::HI
the restaurant,रेस्तराँ,/reːst̪raː̃/,[sound:al_hi_in_the_restaurant.mp3],Google Cloud TTS<br>Voice: hi-IN-Standard-A,AnkiLangs::HI
the ring,अंगूठी,/əŋɡuːʈʰiː/,[sound:al_hi_in_the_ring.mp3],Google Cloud TTS<br>Voice: hi-IN-Standard-A,AnkiLangs::HI
the river,नदी,/nəd̪iː/,[sound:al_hi_in_the_river.mp3],Google Cloud TTS<br>Voice: hi-IN-Standard-A,AnkiLangs::HI
the roof,छत,/t͡ʃʰət̪/,[sound:al_hi_in_the_roof.mp3],Google Cloud TTS<br>Voice: hi-IN-Standard-B,AnkiLangs::HI
the room,कमरा,/kəmraː/,[sound:al_hi_in_the_room.mp3],Google Cloud TTS<br>Voice: hi-IN-Standard-A,AnkiLangs::HI
the root,जड़,/d͡ʒəɽ/,[sound:al_hi_in_the_root.mp3],Google Cloud TTS<br>Voice: hi-IN-Standard-A,AnkiLangs::HI
the sand,रेत,/reːt̪/,[sound:al_hi_in_the_sand.mp3],Google Cloud TTS<br>Voice: hi-IN-Standard-B,AnkiLangs::HI
the school,स्कूल,/skuːl/,[sound:al_hi_in_the_school.mp3],Google Cloud TTS<br>Voice: hi-IN-Standard-A,AnkiLangs::HI
the screen,स्क्रीन,/skriːn/,[sound:al_hi_in_the_screen.mp3],Google Cloud TTS<br>Voice: hi-IN-Standard-A,AnkiLangs::HI
the sea,समुद्र,/səmʊd̪r/,[sound:al_hi_in_the_sea.mp3],Google Cloud TTS<br>Voice: hi-IN-Standard-A,AnkiLangs::HI
the season,मौसम,/mɔːsəm/,[sound:al_hi_in_the_season.mp3],Google Cloud TTS<br>Voice: hi-IN-Standard-B,AnkiLangs::HI
the second,सेकंड,/seːkəɳɖ/,[sound:al_hi_in_the_second.mp3],Google Cloud TTS<br>Voice: hi-IN-Standard-A,AnkiLangs::HI
the secretary,सचिव,/sət͡ʃɪʋ/,[sound:al_hi_in_the_secretary.mp3],Google Cloud TTS<br>Voice: hi-IN-Standard-B,AnkiLangs::HI
the seed,बीज,/biːd͡ʒ/,[sound:al_hi_in_the_seed.mp3],Google Cloud TTS<br>Voice: hi-IN-Standard-B,AnkiLangs::HI
the ship,जहाज़,/d͡ʒəhaːz/,[sound:al_hi_in_the_ship.mp3],Google Cloud TTS<br>Voice: hi-IN-Standard-B,AnkiLangs::HI
the shirt,क़मीज़,/qəmiːz/,[sound:al_hi_in_the_shirt.mp3],Google Cloud TTS<br>Voice: hi-IN-Standard-B,AnkiLangs::HI
the shoes,जूते,/d͡ʒuːt̪eː/,[sound:al_hi_in_the_shoes.mp3],Google Cloud TTS<br>Voice: hi-IN-Standard-B,AnkiLangs::HI
the shoulder,कंधा,/kənd̪ʱaː/,[sound:al_hi_in_the_shoulder.mp3],Google Cloud TTS<br>Voice: hi-IN-Standard-A,AnkiLangs::HI
the side,पक्ष,/pəkʃ/,[sound:al_hi_in_the_side.mp3],Google Cloud TTS<br>Voice: hi-IN-Standard-B,AnkiLangs::HI
the sign,संकेत,/səŋkeːt̪/,[sound:al_hi_in_the_sign.mp3],Google Cloud TTS<br>Voice: hi-IN-Standard-B,AnkiLangs::HI
the sister,बहन,/bəhən/,[sound:al_hi_in_the_sister.mp3],Google Cloud TTS<br>Voice: hi-IN-Standard-B,AnkiLangs::HI
the skin,त्वचा,/t̪ʋət͡ʃaː/,[sound:al_hi_in_the_skin.mp3],Google Cloud TTS<br>Voice: hi-IN-Standard-A,AnkiLangs::HI
the skirt,स्कर्ट,/skərʈ/,[sound:al_hi_in_the_skirt.mp3],Google Cloud TTS<br>Voice: hi-IN-Standard-B,AnkiLangs::HI
the sky,आकाश,/aːkaːʃ/,[sound:al_hi_in_the_sky.mp3],Google Cloud TTS<br>Voice: hi-IN-Standard-B,AnkiLangs::HI
the snow,बर्फ़,/bərf/,[sound:al_hi_in_the_snow.mp3],Google Cloud TTS<br>Voice: hi-IN-Standard-A,AnkiLangs::HI
the soap,साबुन,/saːbʊn/,[sound:al_hi_in_the_soap.mp3],Google Cloud TTS<br>Voice: hi-IN-Standard-B,AnkiLangs::HI
the soldier,सैनिक,/sɛːnɪk/,[sound:al_hi_in_the_soldier.mp3],Google Cloud TTS<br>Voice: hi-IN-Standard-B,AnkiLangs::HI
the son,बेटा,/beːʈaː/,[sound:al_hi_in_the_son.mp3],Google Cloud TTS<br>Voice: hi-IN-Standard-A,AnkiLangs::HI
the song,गाना,/ɡaːnaː/,[sound:al_hi_in_the_song.mp3],Google Cloud TTS<br>Voice: hi-IN-Standard-B,AnkiLangs::HI
the sound,आवाज़,/aːʋaːz/,[sound:al_hi_in_the_sound.mp3],Google Cloud TTS<br>Voice: hi-IN-Standard-A,AnkiLangs::HI
the soup,सूप,/suːp/,[sound:al_hi_in_the_soup.mp3],Google Cloud TTS<br>Voice: hi-IN-Standard-B,AnkiLangs::HI
the south,दक्षिण,/d̪əkʃɪɳ/,[sound:al_hi_in_the_south.mp3],Google Cloud TTS<br>Voice: hi-IN-Standard-B,AnkiLangs::HI
the spoon,चम्मच,/t͡ʃəmmət͡ʃ/,[sound:al_hi_in_the_spoon.mp3],Google Cloud TTS<br>Voice: hi-IN-Standard-B,AnkiLangs::HI
the Spring,वसंत,/ʋəsənt̪/,[sound:al_hi_in_the_spring.mp3],Google Cloud TTS<br>Voice: hi-IN-Standard-A,AnkiLangs::HI
the square,वर्ग,/ʋərɡ/,[sound:al_hi_in_the_square.mp3],Google Cloud TTS<br>Voice: hi-IN-Standard-A,AnkiLangs::HI
the stain,दाग़,/d̪aːɣ/,[sound:al_hi_in_the_stain.mp3],Google Cloud TTS<br>Voice: hi-IN-Standard-A,AnkiLangs::HI
the star,तारा,/t̪aːraː/,[sound:al_hi_in_the_star.mp3],Google Cloud TTS<br>Voice: hi-IN-Standard-A,AnkiLangs::HI
the store/shop,दुकान,/d̪ʊkaːn/,[sound:al_hi_in_the_store_shop.mp3],Google Cloud TTS<br>Voice: hi-IN-Standard-B,AnkiLangs::HI
the street/road,सड़क,/səɽək/,[sound:al_hi_in_the_street_road.mp3],Google Cloud TTS<br>Voice: hi-IN-Standard-A,AnkiLangs::HI
the student,छात्र,/t͡ʃʰaːt̪r/,[sound:al_hi_in_the_student.mp3],Google Cloud TTS<br>Voice: hi-IN-Standard-A,AnkiLangs::HI
the suit,सूट,/suːʈ/,[sound:al_hi_in_the_suit.mp3],Google Cloud TTS<br>Voice: hi-IN-Standard-A,AnkiLangs::HI
the Summer,गर्मी,/ɡərmiː/,[sound:al_hi_in_the_summer.mp3],Google Cloud TTS<br>Voice: hi-IN-Standard-B,AnkiLangs::HI
the sun,सूरज,/suːrəd͡ʒ/,[sound:al_hi_in_the_sun.mp3],Google Cloud TTS<br>Voice: hi-IN-Standard-B,AnkiLangs::HI
the T-shirt,टी-शर्ट,/ʈiː ʃərʈ/,[sound:al_hi_in_the_t_shirt.mp3],Google Cloud TTS<br>Voice: hi-IN-Standard-B,AnkiLangs::HI
the table,मेज़,/meːz/,[sound:al_hi_in_the_table.mp3],Google Cloud TTS<br>Voice: hi-IN-Standard-B,AnkiLangs::HI
the teacher,शिक्षक,/ʃɪkʃək/,[sound:al_hi_in_the_teacher.mp3],Google Cloud TTS<br>Voice: hi-IN-Standard-B,AnkiLangs::HI
the team,टीम,/ʈiːm/,[sound:al_hi_in_the_team.mp3],Google Cloud TTS<br>Voice: hi-IN-Standard-A,AnkiLangs::HI
the tear,आँसू,/aː̃suː/,[sound:al_hi_in_the_tear.mp3],Google Cloud TTS<br>Voice: hi-IN-Standard-A,AnkiLangs::HI
the telephone,टेलीफ़ोन,/ʈeːliːfoːn/,[sound:al_hi_in_the_telephone.mp3],Google Cloud TTS<br>Voice: hi-IN-Standard-B,AnkiLangs::HI
the television,टेलीविज़न,/ʈeːliːʋɪʒən/,[sound:al_hi_in_the_television.mp3],Google Cloud TTS<br>Voice: hi-IN-Standard-B,AnkiLangs::HI
the theater,थिएटर,/t̪ʰiːeːʈər/,[sound:al_hi_in_the_theater.mp3],Google Cloud TTS<br>Voice: hi-IN-Standard-A,AnkiLangs::HI
the time,समय,/səməj/,[sound:al_hi_in_the_time.mp3],Google Cloud TTS<br>Voice: hi-IN-Standard-B,AnkiLangs::HI
the tire,टायर,/ʈaːjər/,[sound:al_hi_in_the_tire.mp3],Google Cloud TTS<br>Voice: hi-IN-Standard-B,AnkiLangs::HI
the toe,पैर की उँगली,/pɛːr kiː ʊŋɡliː/,[sound:al_hi_in_the_toe.mp3],Google Cloud TTS<br>Voice: hi-IN-Standard-A,AnkiLangs::HI
the tongue,जीभ,/d͡ʒiːbʱ/,[sound:al_hi_in_the_tongue.mp3],Google Cloud TTS<br>Voice: hi-IN-Standard-B,AnkiLangs::HI
the tool,औज़ार,/ɔːzaːr/,[sound:al_hi_in_the_tool.mp3],Google Cloud TTS<br>Voice: hi-IN-Standard-B,AnkiLangs::HI
the tooth,दाँत,/d̪aːnt̪/,[sound:al_hi_in_the_tooth.mp3],Google Cloud TTS<br>Voice: hi-IN-Standard-B,AnkiLangs::HI
the top,ऊपर,/uːpər/,[sound:al_hi_in_the_top.mp3],Google Cloud TTS<br>Voice: hi-IN-Standard-B,AnkiLangs::HI
the town,क़स्बा,/qəsbaː/,[sound:al_hi_in_the_town.mp3],Google Cloud TTS<br>Voice: hi-IN-Standard-A,AnkiLangs::HI
the train,ट्रेन,/ʈreːn/,[sound:al_hi_in_the_train.mp3],Google Cloud TTS<br>Voice: hi-IN-Standard-B,AnkiLangs::HI
the train station,रेलवे स्टेशन,/reːlʋeː sʈeːʃən/,[sound:al_hi_in_the_train_station.mp3],Google Cloud TTS<br>Voice: hi-IN-Standard-A,AnkiLangs::HI
the tree,पेड़,/peːɽ/,[sound:al_hi_in_the_tree.mp3],Google Cloud TTS<br>Voice: hi-IN-Standard-B,AnkiLangs::HI
the truck,ट्रक,/ʈrək/,[sound:al_hi_in_the_truck.mp3],Google Cloud TTS<br>Voice: hi-IN-Standard-B,AnkiLangs::HI
the university,विश्वविद्यालय,/ʋɪʃʋəʋɪd̪jaːləj/,[sound:al_hi_in_the_university.mp3],Google Cloud TTS<br>Voice: hi-IN-Standard-B,AnkiLangs::HI
the valley,घाटी,/ɡʱaːʈiː/,[sound:al_hi_in_the_valley.mp3],Google Cloud TTS<br>Voice: hi-IN-Standard-A,AnkiLangs::HI
the verb,क्रिया,/krɪjaː/,[sound:al_hi_in_the_verb.mp3],Google Cloud TTS<br>Voice: hi-IN-Standard-B,AnkiLangs::HI
the victim,पीड़ित,/piːɽɪt̪/,[sound:al_hi_in_the_victim.mp3],Google Cloud TTS<br>Voice: hi-IN-Standard-B,AnkiLangs::HI
the voice,आवाज़,/aːʋaːz/,[sound:al_hi_in_the_voice.mp3],Google Cloud TTS<br>Voice: hi-IN-Standard-B,AnkiLangs::HI
the vowel,स्वर,/sʋər/,[sound:al_hi_in_the_vowel.mp3],Google Cloud TTS<br>Voice: hi-IN-Standard-A,AnkiLangs::HI
the waiter,वेटर,/ʋeːʈər/,[sound:al_hi_in_the_waiter.mp3],Google Cloud TTS<br>Voice: hi-IN-Standard-B,AnkiLangs::HI
the wall,दीवार,/d̪iːʋaːr/,[sound:al_hi_in_the_wall.mp3],Google Cloud TTS<br>Voice: hi-IN-Standard-A,AnkiLangs::HI
the wave,लहर,/ləhər/,[sound:al_hi_in_the_wave.mp3],Google Cloud TTS<br>Voice: hi-IN-Standard-A,AnkiLangs::HI
the week,हफ़्ता,/həft̪aː/,[sound:al_hi_in_the_week.mp3],Google Cloud TTS<br>Voice: hi-IN-Standard-B,AnkiLangs::HI
the west,पश्चिम,/pəʃt͡ʃɪm/,[sound:al_hi_in_the_west.mp3],Google Cloud TTS<br>Voice: hi-IN-Standard-A,AnkiLangs::HI
the wife,पत्नी,/pət̪niː/,[sound:al_hi_in_the_wife.mp3],Google Cloud TTS<br>Voice: hi-IN-Standard-A,AnkiLangs::HI
the wind,हवा,/həʋaː/,[sound:al_hi_in_the_wind.mp3],Google Cloud TTS<br>Voice: hi-IN-Standard-B,AnkiLangs::HI
the window,खिड़की,/kʰɪɽkiː/,[sound:al_hi_in_the_window.mp3],Google Cloud TTS<br>Voice: hi-IN-Standard-A,AnkiLangs::HI
the wing,पंख,/pəŋkʰ/,[sound:al_hi_in_the_wing.mp3],Google Cloud TTS<br>Voice: hi-IN-Standard-B,AnkiLangs::HI
the Winter,सर्दी,/sərd̪iː/,[sound:al_hi_in_the_winter.mp3],Google Cloud TTS<br>Voice: hi-IN-Standard-A,AnkiLangs::HI
the woman,औरत,/ɔːrət̪/,[sound:al_hi_in_the_woman.mp3],Google Cloud TTS<br>Voice: hi-IN-Standard-A,AnkiLangs::HI
the world,दुनिया,/d̪ʊnɪjaː/,[sound:al_hi_in_the_world.mp3],Google Cloud TTS<br>Voice: hi-IN-Standard-B,AnkiLangs::HI
the yard,आँगन,/aːŋɡən/,[sound:al_hi_in_the_yard.mp3],Google Cloud TTS<br>Voice: hi-IN-Standard-B,AnkiLangs::HI
the year,साल,/saːl/,[sound:al_hi_in_the_year.mp3],Google Cloud TTS<br>Voice: hi-IN-Standard-B,AnkiLangs::HI
they,वे,/ʋeː/,[sound:al_hi_in_they.mp3],Google Cloud TTS<br>Voice: hi-IN-Standard-A,AnkiLangs::HI
thick,मोटा,/moːʈaː/,[sound:al_hi_in_thick.mp3],Google Cloud TTS<br>Voice: hi-IN-Standard-B,AnkiLangs::HI
thin,पतला,/pət̪laː/,[sound:al_hi_in_thin.mp3],Google Cloud TTS<br>Voice: hi-IN-Standard-B,AnkiLangs::HI
third (3rd),तीसरा,/t̪iːsraː/,[sound:al_hi_in_third_3rd.mp3],Google Cloud TTS<br>Voice: hi-IN-Standard-B,AnkiLangs::HI
thirteen (13),तेरह,/t̪eːrəh/,[sound:al_hi_in_thirteen_13.mp3],Google Cloud TTS<br>Voice: hi-IN-Standard-B,AnkiLangs::HI
thirty (30),तीस,/t̪iːs/,[sound:al_hi_in_thirty_30.mp3],Google Cloud TTS<br>Voice: hi-IN-Standard-B,AnkiLangs::HI
thirty-one (31),इकतीस,/ɪkət̪iːs/,[sound:al_hi_in_thirty_one_31.mp3],Google Cloud TTS<br>Voice: hi-IN-Standard-B,AnkiLangs::HI
thirty-two (32),बत्तीस,/bət̪t̪iːs/,[sound:al_hi_in_thirty_two_32.mp3],Google Cloud TTS<br>Voice: hi-IN-Standard-B,AnkiLangs::HI
three (3),तीन,/t̪iːn/,[sound:al_hi_in_three_3.mp3],Google Cloud TTS<br>Voice: hi-IN-Standard-A,AnkiLangs::HI
Thursday,गुरुवार,/ɡʊrʊʋaːr/,[sound:al_hi_in_thursday.mp3],Google Cloud TTS<br>Voice: hi-IN-Standard-B,AnkiLangs::HI
tight,तंग,/t̪əŋɡ/,[sound:al_hi_in_tight.mp3],Google Cloud TTS<br>Voice: hi-IN-Standard-A,AnkiLangs::HI
to beat,पीटना,/piːʈnaː/,[sound:al_hi_in_to_beat.mp3],Google Cloud TTS<br>Voice: hi-IN-Standard-A,AnkiLangs::HI
to bend,मोड़ना,/moːɽnaː/,[sound:al_hi_in_to_bend.mp3],Google Cloud TTS<br>Voice: hi-IN-Standard-B,AnkiLangs::HI
to break,तोड़ना,/t̪oːɽnaː/,[sound:al_hi_in_to_break.mp3],Google Cloud TTS<br>Voice: hi-IN-Standard-A,AnkiLangs::HI
to build,बनाना,/bənaːnaː/,[sound:al_hi_in_to_build.mp3],Google Cloud TTS<br>Voice: hi-IN-Standard-A,AnkiLangs::HI
to burn,जलना,/d͡ʒələnaː/,[sound:al_hi_in_to_burn.mp3],Google Cloud TTS<br>Voice: hi-IN-Standard-A,AnkiLangs::HI
to buy,ख़रीदना,/kʰəriːd̪naː/,[sound:al_hi_in_to_buy.mp3],Google Cloud TTS<br>Voice: hi-IN-Standard-A,AnkiLangs::HI
to call,बुलाना,/bʊlaːnaː/,[sound:al_hi_in_to_call.mp3],Google Cloud TTS<br>Voice: hi-IN-Standard-A,AnkiLangs::HI
to carry,लाना,/laːnaː/,[sound:al_hi_in_to_carry.mp3],Google Cloud TTS<br>Voice: hi-IN-Standard-A,AnkiLangs::HI
to catch,पकड़ना,/pəkəɽnaː/,[sound:al_hi_in_to_catch.mp3],Google Cloud TTS<br>Voice: hi-IN-Standard-A,AnkiLangs::HI
to clean,साफ़ करना,/saːf kərnaː/,[sound:al_hi_in_to_clean.mp3],Google Cloud TTS<br>Voice: hi-IN-Standard-A,AnkiLangs::HI
to close,बंद करना,/bənd̪ kərnaː/,[sound:al_hi_in_to_close.mp3],Google Cloud TTS<br>Voice: hi-IN-Standard-A,AnkiLangs::HI
to cook,पकाना,/pəkaːnaː/,[sound:al_hi_in_to_cook.mp3],Google Cloud TTS<br>Voice: hi-IN-Standard-A,AnkiLangs::HI
to count,गिनना,/ɡɪnnaː/,[sound:al_hi_in_to_count.mp3],Google Cloud TTS<br>Voice: hi-IN-Standard-B,AnkiLangs::HI
to cry,रोना,/roːnaː/,[sound:al_hi_in_to_cry.mp3],Google Cloud TTS<br>Voice: hi-IN-Standard-A,AnkiLangs::HI
to cut,काटना,/kaːʈnaː/,[sound:al_hi_in_to_cut.mp3],Google Cloud TTS<br>Voice: hi-IN-Standard-A,AnkiLangs::HI
to dance,नाचना,/naːt͡ʃnaː/,[sound:al_hi_in_to_dance.mp3],Google Cloud TTS<br>Voice: hi-IN-Standard-B,AnkiLangs::HI
to die,मरना,/mərnaː/,[sound:al_hi_in_to_die.mp3],Google Cloud TTS<br>Voice: hi-IN-Standard-B,AnkiLangs::HI
to dig,खोदना,/kʰoːd̪naː/,[sound:al_hi_in_to_dig.mp3],Google Cloud TTS<br>Voice: hi-IN-Standard-B,AnkiLangs::HI
to draw,खींचना,/kʰiːnt͡ʃnaː/,[sound:al_hi_in_to_draw.mp3],Google Cloud TTS<br>Voice: hi-IN-Standard-A,AnkiLangs::HI
to drink,पीना,/piːnaː/,[sound:al_hi_in_to_drink.mp3],Google Cloud TTS<br>Voice: hi-IN-Standard-A,AnkiLangs::HI
to drive,चलाना,/t͡ʃəlaːnaː/,[sound:al_hi_in_to_drive.mp3],Google Cloud TTS<br>Voice: hi-IN-Standard-A,AnkiLangs::HI
to eat,खाना,/kʰaːnaː/,[sound:al_hi_in_to_eat.mp3],Google Cloud TTS<br>Voice: hi-IN-Standard-B,AnkiLangs::HI
to explode,फटना,/fəʈnaː/,[sound:al_hi_in_to_explode.mp3],Google Cloud TTS<br>Voice: hi-IN-Standard-A,AnkiLangs::HI
to fall,गिरना,/ɡɪrnaː/,[sound:al_hi_in_to_fall.mp3],Google Cloud TTS<br>Voice: hi-IN-Standard-A,AnkiLangs::HI
to feed,खिलाना,/kʰɪlaːnaː/,[sound:al_hi_in_to_feed.mp3],Google Cloud TTS<br>Voice: hi-IN-Standard-B,AnkiLangs::HI
to fight,लड़ना,/ləɽnaː/,[sound:al_hi_in_to_fight.mp3],Google Cloud TTS<br>Voice: hi-IN-Standard-B,AnkiLangs::HI
to find,ढूँढना,/ɖʱuːɖʱnaː/,[sound:al_hi_in_to_find.mp3],Google Cloud TTS<br>Voice: hi-IN-Standard-B,AnkiLangs::HI
to fly,उड़ना,/ʊɽnaː/,[sound:al_hi_in_to_fly.mp3],Google Cloud TTS<br>Voice: hi-IN-Standard-A,AnkiLangs::HI
to follow,पीछा करना,/piːt͡ʃʰaː kərnaː/,[sound:al_hi_in_to_follow.mp3],Google Cloud TTS<br>Voice: hi-IN-Standard-A,AnkiLangs::HI
to go,जाना,/d͡ʒaːnaː/,[sound:al_hi_in_to_go.mp3],Google Cloud TTS<br>Voice: hi-IN-Standard-A,AnkiLangs::HI
to grow,बढ़ना,/bəɽʱnaː/,[sound:al_hi_in_to_grow.mp3],Google Cloud TTS<br>Voice: hi-IN-Standard-A,AnkiLangs::HI
to hang,लटकाना,/ləʈkaːnaː/,[sound:al_hi_in_to_hang.mp3],Google Cloud TTS<br>Voice: hi-IN-Standard-B,AnkiLangs::HI
to hear,सुनना,/sʊnnaː/,[sound:al_hi_in_to_hear.mp3],Google Cloud TTS<br>Voice: hi-IN-Standard-A,AnkiLangs::HI
to jump,कूदना,/kuːd̪naː/,[sound:al_hi_in_to_jump.mp3],Google Cloud TTS<br>Voice: hi-IN-Standard-A,AnkiLangs::HI
to kill,मारना,/maːrnaː/,[sound:al_hi_in_to_kill.mp3],Google Cloud TTS<br>Voice: hi-IN-Standard-B,AnkiLangs::HI
to kiss,चूमना,/t͡ʃuːmnaː/,[sound:al_hi_in_to_kiss.mp3],Google Cloud TTS<br>Voice: hi-IN-Standard-B,AnkiLangs::HI
to laugh,हँसना,/hənsnaː/,[sound:al_hi_in_to_laugh.mp3],Google Cloud TTS<br>Voice: hi-IN-Standard-B,AnkiLangs::HI
to learn,सीखना,/siːkʰnaː/,[sound:al_hi_in_to_learn.mp3],Google Cloud TTS<br>Voice: hi-IN-Standard-A,AnkiLangs::HI
to lie down,लेटना,/leːʈnaː/,[sound:al_hi_in_to_lie_down.mp3],Google Cloud TTS<br>Voice: hi-IN-Standard-B,AnkiLangs::HI
to lift,उठाना,/ʊʈʰaːnaː/,[sound:al_hi_in_to_lift.mp3],Google Cloud TTS<br>Voice: hi-IN-Standard-A,AnkiLangs::HI
to listen,सुनना,/sʊnnaː/,[sound:al_hi_in_to_listen.mp3],Google Cloud TTS<br>Voice: hi-IN-Standard-B,AnkiLangs::HI
to lose,हारना,/haːrnaː/,[sound:al_hi_in_to_lose.mp3],Google Cloud TTS<br>Voice: hi-IN-Standard-B,AnkiLangs::HI
to love,प्यार करना,/pjaːr kərnaː/,[sound:al_hi_in_to_love.mp3],Google Cloud TTS<br>Voice: hi-IN-Standard-A,AnkiLangs::HI
to marry,शादी करना,/ʃaːd̪iː kərnaː/,[sound:al_hi_in_to_marry.mp3],Google Cloud TTS<br>Voice: hi-IN-Standard-B,AnkiLangs::HI
to melt,पिघलना,/pɪɡʱəlnaː/,[sound:al_hi_in_to_melt.mp3],Google Cloud TTS<br>Voice: hi-IN-Standard-B,AnkiLangs::HI
to mix / to stir,मिलाना,/mɪlaːnaː/,[sound:al_hi_in_to_mix_to_stir.mp3],Google Cloud TTS<br>Voice: hi-IN-Standard-B,AnkiLangs::HI
to open,खोलना,/kʰoːlnaː/,[sound:al_hi_in_to_open.mp3],Google Cloud TTS<br>Voice: hi-IN-Standard-A,AnkiLangs::HI
to pass by,गुज़रना,/ɡʊzərnaː/,[sound:al_hi_in_to_pass_by.mp3],Google Cloud TTS<br>Voice: hi-IN-Standard-B,AnkiLangs::HI
to pay,भुगतान करना,/bʱʊɡt̪aːn kərnaː/,[sound:al_hi_in_to_pay.mp3],Google Cloud TTS<br>Voice: hi-IN-Standard-A,AnkiLangs::HI
to play,खेलना,/kʰeːlnaː/,[sound:al_hi_in_to_play.mp3],Google Cloud TTS<br>Voice: hi-IN-Standard-B,AnkiLangs::HI
to pray,प्रार्थना करना,/praːrt̪ʰənaː kərnaː/,[sound:al_hi_in_to_pray.mp3],Google Cloud TTS<br>Voice: hi-IN-Standard-B,AnkiLangs::HI
to pull,खींचना,/kʰiːnt͡ʃnaː/,[sound:al_hi_in_to_pull.mp3],Google Cloud TTS<br>Voice: hi-IN-Standard-B,AnkiLangs::HI
to push,धकेलना,/d̪ʱəkeːlnaː/,[sound:al_hi_in_to_push.mp3],Google Cloud TTS<br>Voice: hi-IN-Standard-B,AnkiLangs::HI
to run,दौड़ना,/d̪ɔːɽnaː/,[sound:al_hi_in_to_run.mp3],Google Cloud TTS<br>Voice: hi-IN-Standard-B,AnkiLangs::HI
to see,देखना,/d̪eːkʰnaː/,[sound:al_hi_in_to_see.mp3],Google Cloud TTS<br>Voice: hi-IN-Standard-B,AnkiLangs::HI
to sell,बेचना,/beːt͡ʃnaː/,[sound:al_hi_in_to_sell.mp3],Google Cloud TTS<br>Voice: hi-IN-Standard-A,AnkiLangs::HI
to shake,हिलाना,/hɪlaːnaː/,[sound:al_hi_in_to_shake.mp3],Google Cloud TTS<br>Voice: hi-IN-Standard-A,AnkiLangs::HI
to shoot (a gun),गोली मारना,/ɡoːliː maːrnaː/,[sound:al_hi_in_to_shoot_a_gun.mp3],Google Cloud TTS<br>Voice: hi-IN-Standard-B,AnkiLangs::HI
to sign,हस्ताक्षर करना,/həst̪aːkʃər kərnaː/,[sound:al_hi_in_to_sign.mp3],Google Cloud TTS<br>Voice: hi-IN-Standard-B,AnkiLangs::HI
to sing,गाना,/ɡaːnaː/,[sound:al_hi_in_to_sing.mp3],Google Cloud TTS<br>Voice: hi-IN-Standard-A,AnkiLangs::HI
to sit,बैठना,/bɛːʈʰnaː/,[sound:al_hi_in_to_sit.mp3],Google Cloud TTS<br>Voice: hi-IN-Standard-B,AnkiLangs::HI
to sleep,सोना,/soːnaː/,[sound:al_hi_in_to_sleep.mp3],Google Cloud TTS<br>Voice: hi-IN-Standard-B,AnkiLangs::HI
to smell,सूँघना,/suːŋɡʱnaː/,[sound:al_hi_in_to_smell.mp3],Google Cloud TTS<br>Voice: hi-IN-Standard-B,AnkiLangs::HI
to smile,मुस्कुराना,/mʊskʊraːnaː/,[sound:al_hi_in_to_smile.mp3],Google Cloud TTS<br>Voice: hi-IN-Standard-A,AnkiLangs::HI
to speak / to say,बोलना,/boːlnaː/,[sound:al_hi_in_to_speak_to_say.mp3],Google Cloud TTS<br>Voice: hi-IN-Standard-B,AnkiLangs::HI
to stand,खड़ा होना,/kʰəɽaː hoːnaː/,[sound:al_hi_in_to_stand.mp3],Google Cloud TTS<br>Voice: hi-IN-Standard-B,AnkiLangs::HI
to stop,रुकना,/rʊknaː/,[sound:al_hi_in_to_stop.mp3],Google Cloud TTS<br>Voice: hi-IN-Standard-A,AnkiLangs::HI
to swim,तैरना,/t̪ɛːrnaː/,[sound:al_hi_in_to_swim.mp3],Google Cloud TTS<br>Voice: hi-IN-Standard-B,AnkiLangs::HI
to taste,चखना,/t͡ʃəkʰnaː/,[sound:al_hi_in_to_taste.mp3],Google Cloud TTS<br>Voice: hi-IN-Standard-A,AnkiLangs::HI
to teach,पढ़ाना,/pəɽʱaːnaː/,[sound:al_hi_in_to_teach.mp3],Google Cloud TTS<br>Voice: hi-IN-Standard-B,AnkiLangs::HI
to think,सोचना,/soːt͡ʃnaː/,[sound:al_hi_in_to_think.mp3],Google Cloud TTS<br>Voice: hi-IN-Standard-B,AnkiLangs::HI
to throw,फेंकना,/feːŋknaː/,[sound:al_hi_in_to_throw.mp3],Google Cloud TTS<br>Voice: hi-IN-Standard-B,AnkiLangs::HI
to touch,छूना,/t͡ʃʰuːnaː/,[sound:al_hi_in_to_touch.mp3],Google Cloud TTS<br>Voice: hi-IN-Standard-B,AnkiLangs::HI
to turn,मुड़ना,/mʊɽnaː/,[sound:al_hi_in_to_turn.mp3],Google Cloud TTS<br>Voice: hi-IN-Standard-B,AnkiLangs::HI
to wake up,जागना,/d͡ʒaːɡnaː/,[sound:al_hi_in_to_wake_up.mp3],Google Cloud TTS<br>Voice: hi-IN-Standard-A,AnkiLangs::HI
to walk,चलना,/t͡ʃəlnaː/,[sound:al_hi_in_to_walk.mp3],Google Cloud TTS<br>Voice: hi-IN-Standard-A,AnkiLangs::HI
to wash,धोना,/d̪ʱoːnaː/,[sound:al_hi_in_to_wash.mp3],Google Cloud TTS<br>Voice: hi-IN-Standard-A,AnkiLangs::HI
to watch,देखना,/d̪eːkʰnaː/,[sound:al_hi_in_to_watch.mp3],Google Cloud TTS<br>Voice: hi-IN-Standard-A,AnkiLangs::HI
to wear,पहनना,/pəhənnaː/,[sound:al_hi_in_to_wear.mp3],Google Cloud TTS<br>Voice: hi-IN-Standard-B,AnkiLangs::HI
to win,जीतना,/d͡ʒiːt̪naː/,[sound:al_hi_in_to_win.mp3],Google Cloud TTS<br>Voice: hi-IN-Standard-B,AnkiLangs::HI
to work,काम करना,/kaːm kərnaː/,[sound:al_hi_in_to_work.mp3],Google Cloud TTS<br>Voice: hi-IN-Standard-A,AnkiLangs::HI
to write,लिखना,/lɪkʰnaː/,[sound:al_hi_in_to_write.mp3],Google Cloud TTS<br>Voice: hi-IN-Standard-B,AnkiLangs::HI
transportation,परिवहन,/pərɪʋəhən/,[sound:al_hi_in_transportation.mp3],Google Cloud TTS<br>Voice: hi-IN-Standard-B,AnkiLangs::HI
Tuesday,मंगलवार,/məŋɡəlʋaːr/,[sound:al_hi_in_tuesday.mp3],Google Cloud TTS<br>Voice: hi-IN-Standard-B,AnkiLangs::HI
twelve (12),बारह,/baːrəh/,[sound:al_hi_in_twelve_12.mp3],Google Cloud TTS<br>Voice: hi-IN-Standard-A,AnkiLangs::HI
twenty (20),बीस,/biːs/,[sound:al_hi_in_twenty_20.mp3],Google Cloud TTS<br>Voice: hi-IN-Standard-A,AnkiLangs::HI
twenty-one (21),इक्कीस,/ɪkkiːs/,[sound:al_hi_in_twenty_one_21.mp3],Google Cloud TTS<br>Voice: hi-IN-Standard-B,AnkiLangs::HI
twenty-two (22),बाईस,/baːiːs/,[sound:al_hi_in_twenty_two_22.mp3],Google Cloud TTS<br>Voice: hi-IN-Standard-A,AnkiLangs::HI
two (2),दो,/d̪oː/,[sound:al_hi_in_two_2.mp3],Google Cloud TTS<br>Voice: hi-IN-Standard-B,AnkiLangs::HI
ugly,बदसूरत,/bəd̪suːrət̪/,[sound:al_hi_in_ugly.mp3],Google Cloud TTS<br>Voice: hi-IN-Standard-A,AnkiLangs::HI
up,ऊपर,/uːpər/,[sound:al_hi_in_up.mp3],Google Cloud TTS<br>Voice: hi-IN-Standard-B,AnkiLangs::HI
war,युद्ध,/jʊd̪d̪ʱ/,[sound:al_hi_in_war.mp3],Google Cloud TTS<br>Voice: hi-IN-Standard-B,AnkiLangs::HI
warm,गर्म,/ɡərm/,[sound:al_hi_in_warm.mp3],Google Cloud TTS<br>Voice: hi-IN-Standard-B,AnkiLangs::HI
water,पानी,/paːniː/,[sound:al_hi_in_water.mp3],Google Cloud TTS<br>Voice: hi-IN-Standard-B,AnkiLangs::HI
we,हम,/həm/,[sound:al_hi_in_we.mp3],Google Cloud TTS<br>Voice: hi-IN-Standard-B,AnkiLangs::HI
weak,कमज़ोर,/kəməzoːr/,[sound:al_hi_in_weak.mp3],Google Cloud TTS<br>Voice: hi-IN-Standard-B,AnkiLangs::HI
wedding,शादी,/ʃaːd̪iː/,[sound:al_hi_in_wedding.mp3],Google Cloud TTS<br>Voice: hi-IN-Standard-B,AnkiLangs::HI
Wednesday,बुधवार,/bʊd̪ʱəʋaːr/,[sound:al_hi_in_wednesday.mp3],Google Cloud TTS<br>Voice: hi-IN-Standard-B,AnkiLangs::HI
weight,वज़न,/ʋəzən/,[sound:al_hi_in_weight.mp3],Google Cloud TTS<br>Voice: hi-IN-Standard-B,AnkiLangs::HI
wet,गीला,/ɡiːlaː/,[sound:al_hi_in_wet.mp3],Google Cloud TTS<br>Voice: hi-IN-Standard-B,AnkiLangs::HI
white,सफ़ेद,/səfeːd̪/,[sound:al_hi_in_white.mp3],Google Cloud TTS<br>Voice: hi-IN-Standard-B,AnkiLangs::HI
wide,चौड़ा,/t͡ʃɔːɽaː/,[sound:al_hi_in_wide.mp3],Google Cloud TTS<br>Voice: hi-IN-Standard-A,AnkiLangs::HI
wine,शराब,/ʃəraːb/,[sound:al_hi_in_wine.mp3],Google Cloud TTS<br>Voice: hi-IN-Standard-A,AnkiLangs::HI
wood,लकड़ी,/ləkəɽiː/,[sound:al_hi_in_wood.mp3],Google Cloud TTS<br>Voice: hi-IN-Standard-A,AnkiLangs::HI
yellow,पीला,/piːlaː/,[sound:al_hi_in_yellow.mp3],Google Cloud TTS<br>Voice: hi-IN-Standard-B,AnkiLangs::HI
yes,हाँ,/haː̃/,[sound:al_hi_in_yes.mp3],Google Cloud TTS<br>Voice: hi-IN-Standard-A,AnkiLangs::HI
"you [plural, y'all]",आप लोग,/aːp loːɡ/,[sound:al_hi_in_you_plural_y_all.mp3],Google Cloud TTS<br>Voice: hi-IN-Standard-A,AnkiLangs::HI
you [singular],आप,/aːp/,[sound:al_hi_in_you_singular.mp3],Google Cloud TTS<br>Voice: hi-IN-Standard-A,AnkiLangs::HI
young,जवान,/d͡ʒəʋaːn/,[sound:al_hi_in_young.mp3],Google Cloud TTS<br>Voice: hi-IN-Standard-A,AnkiLangs::HI
